0.005CR-FITTED

Labels,Decay5 on Em1,Decay5 on Em1F2,Decay5 on Em1F2R,
Type,Time Scan,Exponential Fit Time Scan,Weighted Residuals Time Scan,
Comment,,,,
Start,0.00,1.17E05,1.17E05,
Stop,1.999E006,1.999E006,1.999E006,
Step,1000.00,1000.00,1000.00,
Fixed/Offset, , , ,
XAxis,Time(ns),Time,Time,
YAxis,Counts,Counts,Counts,
Chi2,,1.038910,,
dt,,,,
dtErr,,,,
A,,292.452390,,
Tau1,,51.503010,,
Tau2,,127.392360,,
Tau3,,,,
Tau4,,,,
B1,,5968.581500,,
B2,,1922.515300,,
B3,,,,
B4,,,,
Tau1Err,,0.73115939,,
Tau2Err,,2.6080375,,
Tau3Err,,,,
Tau4Err,,,,
B1Err,,98.383751,,
B2Err,,107.346740,,
B3Err,,,,
B4Err,,,,
TauAvInt,,85.154808,,
TauAvAmp,,69.9920,,
TauAvIntErr,,1.8921591,,
TauAvAmpErr,,1.1715072,,

0.00,2.81000000E+2, , ,
1000.00,3.35000000E+2, , ,
2000.00,3.01000000E+2, , ,
3000.00,3.40000000E+2, , ,
4000.00,2.93000000E+2, , ,
5000.00,2.99000000E+2, , ,
6000.00,3.06000000E+2, , ,
7000.00,3.17000000E+2, , ,
8000.00,3.05000000E+2, , ,
9000.00,2.99000000E+2, , ,
1E04,2.98000000E+2, , ,
1.1E04,3.02000000E+2, , ,
1.2E04,2.96000000E+2, , ,
1.3E04,2.91000000E+2, , ,
1.4E04,2.76000000E+2, , ,
1.5E04,2.90000000E+2, , ,
1.6E04,2.79000000E+2, , ,
1.7E04,2.84000000E+2, , ,
1.8E04,2.93000000E+2, , ,
1.9E04,2.89000000E+2, , ,
2E04,2.78000000E+2, , ,
2.1E04,2.80000000E+2, , ,
2.2E04,2.95000000E+2, , ,
2.3E04,2.81000000E+2, , ,
2.4E04,2.92000000E+2, , ,
2.5E04,3.05000000E+2, , ,
2.6E04,2.64000000E+2, , ,
2.7E04,3.03000000E+2, , ,
2.8E04,2.74000000E+2, , ,
2.9E04,3.01000000E+2, , ,
3E04,2.99000000E+2, , ,
3.1E04,2.98000000E+2, , ,
3.2E04,2.68000000E+2, , ,
3.3E04,2.66000000E+2, , ,
3.4E04,3.06000000E+2, , ,
3.5E04,2.96000000E+2, , ,
3.6E04,2.85000000E+2, , ,
3.7E04,2.84000000E+2, , ,
3.8E04,2.89000000E+2, , ,
3.9E04,3.00000000E+2, , ,
4E04,2.81000000E+2, , ,
4.1E04,2.74000000E+2, , ,
4.2E04,2.87000000E+2, , ,
4.3E04,2.95000000E+2, , ,
4.4E04,3.13000000E+2, , ,
4.5E04,2.87000000E+2, , ,
4.6E04,2.94000000E+2, , ,
4.7E04,2.70000000E+2, , ,
4.8E04,2.98000000E+2, , ,
4.9E04,3.20000000E+2, , ,
5E04,2.88000000E+2, , ,
5.1E04,2.90000000E+2, , ,
5.2E04,2.94000000E+2, , ,
5.3E04,2.81000000E+2, , ,
5.4E04,2.92000000E+2, , ,
5.5E04,2.99000000E+2, , ,
5.6E04,2.80000000E+2, , ,
5.7E04,3.15000000E+2, , ,
5.8E04,3.02000000E+2, , ,
5.9E04,2.83000000E+2, , ,
6E04,2.96000000E+2, , ,
6.1E04,2.85000000E+2, , ,
6.2E04,2.88000000E+2, , ,
6.3E04,2.81000000E+2, , ,
6.4E04,3.15000000E+2, , ,
6.5E04,2.60000000E+2, , ,
6.6E04,2.49000000E+2, , ,
6.7E04,2.83000000E+2, , ,
6.8E04,3.00000000E+2, , ,
6.9E04,2.78000000E+2, , ,
7E04,3.01000000E+2, , ,
7.1E04,3.07000000E+2, , ,
7.2E04,2.78000000E+2, , ,
7.3E04,2.82000000E+2, , ,
7.4E04,2.89000000E+2, , ,
7.5E04,2.73000000E+2, , ,
7.6E04,2.67000000E+2, , ,
7.7E04,3.04000000E+2, , ,
7.8E04,2.98000000E+2, , ,
7.9E04,2.71000000E+2, , ,
8E04,2.86000000E+2, , ,
8.1E04,3.16000000E+2, , ,
8.2E04,2.86000000E+2, , ,
8.3E04,3.04000000E+2, , ,
8.4E04,3.28000000E+2, , ,
8.5E04,3.16000000E+2, , ,
8.6E04,2.90000000E+2, , ,
8.7E04,2.86000000E+2, , ,
8.8E04,2.64000000E+2, , ,
8.9E04,3.07000000E+2, , ,
9E04,2.98000000E+2, , ,
9.1E04,3.00000000E+2, , ,
9.2E04,2.89000000E+2, , ,
9.3E04,2.84000000E+2, , ,
9.4E04,2.93000000E+2, , ,
9.5E04,2.75000000E+2, , ,
9.6E04,2.90000000E+2, , ,
9.7E04,3.08000000E+2, , ,
9.8E04,3.06000000E+2, , ,
9.9E04,2.63000000E+2, , ,
1E05,3.01000000E+2, , ,
1.01E05,2.80000000E+2, , ,
1.02E05,2.93000000E+2, , ,
1.03E05,2.77000000E+2, , ,
1.04E05,3.22000000E+2, , ,
1.05E05,7.71000000E+2, , ,
1.06E05,3.54800000E+3, , ,
1.07E05,2.86000000E+2, , ,
1.08E05,2.69000000E+2, , ,
1.09E05,4.54000000E+2, , ,
1.1E05,2.27100000E+3, , ,
1.11E05,5.13000000E+3, , ,
1.12E05,7.23100000E+3, , ,
1.13E05,7.89300000E+3, , ,
1.14E05,7.80300000E+3, , ,
1.15E05,8.00000000E+3, , ,
1.16E05,7.90400000E+3, , ,
1.17E05,7.74300000E+3,8.05374707E+3,-3.53144455E+0,
1.18E05,7.68100000E+3,7.92626904E+3,-2.79855514E+0,
1.19E05,7.67200000E+3,7.80107178E+3,-1.47359109E+0,
1.2E05,7.54200000E+3,7.67811377E+3,-1.56732404E+0,
1.21E05,7.58800000E+3,7.55735205E+3,3.51833969E-1,
1.22E05,7.44500000E+3,7.43874658E+3,7.24744797E-2,
1.23E05,7.45400000E+3,7.32225684E+3,1.52592576E+0,
1.24E05,7.26400000E+3,7.20784326E+3,6.58891559E-1,
1.25E05,7.20000000E+3,7.09546777E+3,1.23192418E+0,
1.26E05,6.98600000E+3,6.98509229E+3,1.08601330E-2,
1.27E05,6.88200000E+3,6.87667871E+3,6.41445145E-2,
1.28E05,6.76700000E+3,6.77019141E+3,-3.87957357E-2,
1.29E05,6.84100000E+3,6.66559424E+3,2.12072349E+0,
1.3E05,6.68900000E+3,6.56285303E+3,1.54239726E+0,
1.31E05,6.51800000E+3,6.46193164E+3,6.94481492E-1,
1.32E05,6.39100000E+3,6.36279736E+3,3.52781087E-1,
1.33E05,6.35800000E+3,6.26541748E+3,1.16109765E+0,
1.34E05,6.28400000E+3,6.16975830E+3,1.44114125E+0,
1.35E05,6.19000000E+3,6.07578906E+3,1.45165157E+0,
1.36E05,6.02400000E+3,5.98347754E+3,5.22099555E-1,
1.37E05,5.88800000E+3,5.89279346E+3,-6.24690540E-2,
1.38E05,5.86800000E+3,5.80370605E+3,8.39315116E-1,
1.39E05,5.85500000E+3,5.71618652E+3,1.81412911E+0,
1.4E05,5.66500000E+3,5.63020557E+3,4.62285012E-1,
1.41E05,5.61900000E+3,5.54573486E+3,9.77389932E-1,
1.42E05,5.43600000E+3,5.46274609E+3,-3.62761050E-1,
1.43E05,5.35900000E+3,5.38121240E+3,-3.03426594E-1,
1.44E05,5.30200000E+3,5.30110693E+3,1.22648962E-2,
1.45E05,5.19800000E+3,5.22240283E+3,-3.38471502E-1,
1.46E05,5.09500000E+3,5.14507471E+3,-7.01530099E-1,
1.47E05,5.12200000E+3,5.06909668E+3,7.39202023E-1,
1.48E05,5.06200000E+3,4.99444385E+3,9.49519396E-1,
1.49E05,5.02700000E+3,4.92109229E+3,1.49373364E+0,
1.5E05,4.81600000E+3,4.84901807E+3,-4.75782424E-1,
1.51E05,4.78000000E+3,4.77819678E+3,2.60816719E-2,
1.52E05,4.61300000E+3,4.70860645E+3,-1.40765250E+0,
1.53E05,4.70700000E+3,4.64022412E+3,9.73301768E-1,
1.54E05,4.60800000E+3,4.57302686E+3,5.15203059E-1,
1.55E05,4.60500000E+3,4.50699365E+3,1.44424009E+0,
1.56E05,4.55300000E+3,4.44210303E+3,1.64350438E+0,
1.57E05,4.34900000E+3,4.37833398E+3,-4.44811851E-1,
1.58E05,4.27300000E+3,4.31566553E+3,-6.52695596E-1,
1.59E05,4.30300000E+3,4.25407813E+3,7.45791495E-1,
1.6E05,4.14600000E+3,4.19355176E+3,-7.38502443E-1,
1.61E05,4.07800000E+3,4.13406641E+3,-8.77968848E-1,
1.62E05,4.05600000E+3,4.07560376E+3,-3.07815433E-1,
1.63E05,4.06100000E+3,4.01814478E+3,6.72492266E-1,
1.64E05,3.94200000E+3,3.96167114E+3,-3.13307852E-1,
1.65E05,3.94100000E+3,3.90616504E+3,5.54896653E-1,
1.66E05,3.80100000E+3,3.85160840E+3,-8.20868671E-1,
1.67E05,3.83500000E+3,3.79798413E+3,5.97730279E-1,
1.68E05,3.70600000E+3,3.74527515E+3,-6.45156562E-1,
1.69E05,3.63000000E+3,3.69346484E+3,-1.05336750E+0,
1.7E05,3.65900000E+3,3.64253638E+3,2.72172481E-1,
1.71E05,3.56100000E+3,3.59247437E+3,-5.27437508E-1,
1.72E05,3.49500000E+3,3.54326294E+3,-8.16375911E-1,
1.73E05,3.54300000E+3,3.49488623E+3,8.08320880E-1,
1.74E05,3.39500000E+3,3.44732935E+3,-8.98101509E-1,
1.75E05,3.37600000E+3,3.40057715E+3,-4.22990173E-1,
1.76E05,3.31700000E+3,3.35461548E+3,-6.53121293E-1,
1.77E05,3.28900000E+3,3.30942920E+3,-3.56220901E-1,
1.78E05,3.21400000E+3,3.26500488E+3,-8.99681568E-1,
1.79E05,3.12600000E+3,3.22132861E+3,-1.70501733E+0,
1.8E05,3.25900000E+3,3.17838672E+3,1.41209662E+0,
1.81E05,3.12100000E+3,3.13616602E+3,-2.71471739E-1,
1.82E05,3.07200000E+3,3.09465356E+3,-4.08720046E-1,
1.83E05,3.04500000E+3,3.05383618E+3,-1.60129368E-1,
1.84E05,2.87900000E+3,3.01370142E+3,-2.51044869E+0,
1.85E05,3.01400000E+3,2.97423706E+3,7.24280596E-1,
1.86E05,2.92800000E+3,2.93543115E+3,-1.37331650E-1,
1.87E05,2.82600000E+3,2.89727173E+3,-1.34069872E+0,
1.88E05,2.80900000E+3,2.85974683E+3,-9.57487285E-1,
1.89E05,2.75400000E+3,2.82284546E+3,-1.31187761E+0,
1.9E05,2.71900000E+3,2.78655615E+3,-1.29556823E+0,
1.91E05,2.77300000E+3,2.75086792E+3,4.20288295E-1,
1.92E05,2.62900000E+3,2.71576978E+3,-1.69228375E+0,
1.93E05,2.65300000E+3,2.68125171E+3,-5.48499346E-1,
1.94E05,2.59900000E+3,2.64730273E+3,-9.47476804E-1,
1.95E05,2.57500000E+3,2.61391284E+3,-7.66839266E-1,
1.96E05,2.57700000E+3,2.58107202E+3,-8.02144930E-2,
1.97E05,2.50800000E+3,2.54877051E+3,-8.14108610E-1,
1.98E05,2.58800000E+3,2.51699854E+3,1.39567780E+0,
1.99E05,2.35200000E+3,2.48574683E+3,-2.75781298E+0,
2E05,2.43100000E+3,2.45500586E+3,-4.86883193E-1,
2.01E05,2.43100000E+3,2.42476660E+3,1.26424834E-1,
2.02E05,2.37400000E+3,2.39502002E+3,-4.31412518E-1,
2.03E05,2.33600000E+3,2.36575757E+3,-6.15688443E-1,
2.04E05,2.20500000E+3,2.33697046E+3,-2.81042790E+0,
2.05E05,2.22800000E+3,2.30865039E+3,-1.70863342E+0,
2.06E05,2.33400000E+3,2.28078882E+3,1.10141873E+0,
2.07E05,2.26900000E+3,2.25337744E+3,3.27970594E-1,
2.08E05,2.25900000E+3,2.22640894E+3,6.85709894E-1,
2.09E05,2.19600000E+3,2.19987476E+3,-8.26852769E-2,
2.1E05,2.21000000E+3,2.17376758E+3,7.70728171E-1,
2.11E05,2.20700000E+3,2.14807983E+3,1.25418842E+0,
2.12E05,2.04700000E+3,2.12280420E+3,-1.67546105E+0,
2.13E05,2.09300000E+3,2.09793286E+3,-1.07823715E-1,
2.14E05,2.06900000E+3,2.07345923E+3,-9.80346203E-2,
2.15E05,2.04600000E+3,2.04937598E+3,-7.46356994E-2,
2.16E05,2.01600000E+3,2.02567651E+3,-2.15513095E-1,
2.17E05,2.01200000E+3,2.00235376E+3,2.15052292E-1,
2.18E05,1.99000000E+3,1.97940137E+3,2.37587348E-1,
2.19E05,1.94900000E+3,1.95681274E+3,-1.76969200E-1,
2.2E05,2.00400000E+3,1.93458142E+3,1.55069673E+0,
2.21E05,1.89100000E+3,1.91270105E+3,-4.99039561E-1,
2.22E05,1.99700000E+3,1.89116565E+3,2.36830497E+0,
2.23E05,1.81800000E+3,1.86996924E+3,-1.21884763E+0,
2.24E05,1.84600000E+3,1.84910571E+3,-7.22845420E-2,
2.25E05,1.78700000E+3,1.82856934E+3,-9.83356118E-1,
2.26E05,1.75100000E+3,1.80835437E+3,-1.37064016E+0,
2.27E05,1.75900000E+3,1.78845508E+3,-7.02307463E-1,
2.28E05,1.77700000E+3,1.76886633E+3,1.92949057E-1,
2.29E05,1.71600000E+3,1.74958240E+3,-8.10686707E-1,
2.3E05,1.79900000E+3,1.73059814E+3,1.61269522E+0,
2.31E05,1.69000000E+3,1.71190820E+3,-5.32921672E-1,
2.32E05,1.67800000E+3,1.69350757E+3,-3.78571332E-1,
2.33E05,1.76300000E+3,1.67539124E+3,2.08651447E+0,
2.34E05,1.75100000E+3,1.65755432E+3,2.23314118E+0,
2.35E05,1.72100000E+3,1.63999194E+3,1.95271015E+0,
2.36E05,1.65300000E+3,1.62269922E+3,7.45276451E-1,
2.37E05,1.61400000E+3,1.60567175E+3,2.07301214E-1,
2.38E05,1.58700000E+3,1.58890479E+3,-4.78142686E-2,
2.39E05,1.55000000E+3,1.57239380E+3,-5.68803072E-1,
2.4E05,1.60400000E+3,1.55613464E+3,1.19514096E+0,
2.41E05,1.50300000E+3,1.54012268E+3,-9.57546413E-1,
2.42E05,1.53600000E+3,1.52435388E+3,2.97156751E-1,
2.43E05,1.52400000E+3,1.50882397E+3,3.88745666E-1,
2.44E05,1.49400000E+3,1.49352905E+3,1.21841989E-2,
2.45E05,1.52100000E+3,1.47846484E+3,1.09064507E+0,
2.46E05,1.42400000E+3,1.46362744E+3,-1.05012512E+0,
2.47E05,1.45500000E+3,1.44901306E+3,1.56954333E-1,
2.48E05,1.44000000E+3,1.43461780E+3,1.41833484E-1,
2.49E05,1.34900000E+3,1.42043811E+3,-1.94501960E+0,
2.5E05,1.40700000E+3,1.40647034E+3,1.41205844E-2,
2.51E05,1.42400000E+3,1.39271057E+3,8.29168200E-1,
2.52E05,1.45500000E+3,1.37915564E+3,1.98834527E+0,
2.53E05,1.40400000E+3,1.36580188E+3,1.01943243E+0,
2.54E05,1.38000000E+3,1.35264587E+3,7.36348331E-1,
2.55E05,1.29600000E+3,1.33968433E+3,-1.21345353E+0,
2.56E05,1.32600000E+3,1.32691406E+3,-2.51017585E-2,
2.57E05,1.30900000E+3,1.31433167E+3,-1.47364557E-1,
2.58E05,1.31100000E+3,1.30193408E+3,2.50386238E-1,
2.59E05,1.27000000E+3,1.28971814E+3,-5.53304315E-1,
2.6E05,1.23800000E+3,1.27768091E+3,-1.12777197E+0,
2.61E05,1.28600000E+3,1.26581934E+3,5.62749326E-1,
2.62E05,1.25800000E+3,1.25413049E+3,1.09097630E-1,
2.63E05,1.24700000E+3,1.24261145E+3,1.24276154E-1,
2.64E05,1.24200000E+3,1.23125928E+3,3.04770350E-1,
2.65E05,1.23200000E+3,1.22007129E+3,3.39850694E-1,
2.66E05,1.23600000E+3,1.20904492E+3,7.66710401E-1,
2.67E05,1.21800000E+3,1.19817725E+3,5.67989528E-1,
2.68E05,1.15300000E+3,1.18746570E+3,-1.01501489E+0,
2.69E05,1.20300000E+3,1.17690771E+3,7.52279639E-1,
2.7E05,1.21300000E+3,1.16650061E+3,1.33510935E+0,
2.71E05,1.16000000E+3,1.15624219E+3,1.10333174E-1,
2.72E05,1.16000000E+3,1.14612976E+3,4.07244235E-1,
2.73E05,1.19600000E+3,1.13616101E+3,1.73028910E+0,
2.74E05,1.20100000E+3,1.12633350E+3,2.15453887E+0,
2.75E05,1.15000000E+3,1.11664502E+3,9.83584702E-1,
2.76E05,1.16700000E+3,1.10709314E+3,1.75364280E+0,
2.77E05,1.08000000E+3,1.09767578E+3,-5.37856877E-1,
2.78E05,1.10800000E+3,1.08839063E+3,5.89106560E-1,
2.79E05,1.07600000E+3,1.07923547E+3,-9.86351520E-2,
2.8E05,1.08100000E+3,1.07020837E+3,3.28226805E-1,
2.81E05,1.16700000E+3,1.06130701E+3,3.09393191E+0,
2.82E05,1.06600000E+3,1.05252954E+3,4.12575841E-1,
2.83E05,1.02600000E+3,1.04387390E+3,-5.58014750E-1,
2.84E05,9.72000000E+2,1.03533813E+3,-2.03157163E+0,
2.85E05,1.02000000E+3,1.02692029E+3,-2.16682628E-1,
2.86E05,1.03200000E+3,1.01861841E+3,4.16550756E-1,
2.87E05,9.84000000E+2,1.01043054E+3,-8.42574894E-1,
2.88E05,1.03300000E+3,1.00235510E+3,9.53472137E-1,
2.89E05,9.90000000E+2,9.94390015E+2,-1.39523834E-1,
2.9E05,9.63000000E+2,9.86533691E+2,-7.58362651E-1,
2.91E05,9.73000000E+2,9.78784424E+2,-1.85440123E-1,
2.92E05,1.01900000E+3,9.71140259E+2,1.49928176E+0,
2.93E05,9.53000000E+2,9.63599731E+2,-3.43358964E-1,
2.94E05,9.81000000E+2,9.56161133E+2,7.93043971E-1,
2.95E05,9.17000000E+2,9.48822754E+2,-1.05087984E+0,
2.96E05,9.20000000E+2,9.41583130E+2,-7.11574733E-1,
2.97E05,9.33000000E+2,9.34440674E+2,-4.71655428E-2,
2.98E05,9.61000000E+2,9.27393677E+2,1.08407497E+0,
2.99E05,9.48000000E+2,9.20440796E+2,8.95081341E-1,
3E05,9.34000000E+2,9.13580688E+2,6.68140292E-1,
3.01E05,9.25000000E+2,9.06811523E+2,5.98033428E-1,
3.02E05,9.09000000E+2,9.00132080E+2,2.94130325E-1,
3.03E05,8.51000000E+2,8.93541016E+2,-1.45828724E+0,
3.04E05,9.07000000E+2,8.87036865E+2,6.62865043E-1,
3.05E05,8.89000000E+2,8.80618164E+2,2.81117767E-1,
3.06E05,9.06000000E+2,8.74283813E+2,1.05369973E+0,
3.07E05,8.52000000E+2,8.68032227E+2,-5.49255013E-1,
3.08E05,8.77000000E+2,8.61862305E+2,5.11163652E-1,
3.09E05,8.07000000E+2,8.55772705E+2,-1.71688056E+0,
3.1E05,8.68000000E+2,8.49762329E+2,6.19026899E-1,
3.11E05,8.38000000E+2,8.43829712E+2,-2.01384068E-1,
3.12E05,8.28000000E+2,8.37973755E+2,-3.46611947E-1,
3.13E05,8.86000000E+2,8.32193359E+2,1.80766952E+0,
3.14E05,8.57000000E+2,8.26487183E+2,1.04229796E+0,
3.15E05,7.89000000E+2,8.20854370E+2,-1.13404560E+0,
3.16E05,8.41000000E+2,8.15293457E+2,8.86432528E-1,
3.17E05,7.63000000E+2,8.09803589E+2,-1.69440377E+0,
3.18E05,8.50000000E+2,8.04383545E+2,1.56463146E+0,
3.19E05,8.39000000E+2,7.99032349E+2,1.37983656E+0,
3.2E05,7.76000000E+2,7.93748962E+2,-6.37150586E-1,
3.21E05,7.78000000E+2,7.88532227E+2,-3.77598614E-1,
3.22E05,8.24000000E+2,7.83381287E+2,1.41501999E+0,
3.23E05,8.07000000E+2,7.78295044E+2,1.01046228E+0,
3.24E05,7.78000000E+2,7.73272583E+2,1.69486105E-1,
3.25E05,7.67000000E+2,7.68312988E+2,-4.74092588E-2,
3.26E05,7.53000000E+2,7.63415161E+2,-3.79549563E-1,
3.27E05,7.45000000E+2,7.58578308E+2,-4.97470737E-1,
3.28E05,7.93000000E+2,7.53801453E+2,1.39198124E+0,
3.29E05,7.18000000E+2,7.49083740E+2,-1.16003489E+0,
3.3E05,7.36000000E+2,7.44424194E+2,-3.10519934E-1,
3.31E05,7.72000000E+2,7.39822144E+2,1.15810633E+0,
3.32E05,7.45000000E+2,7.35276489E+2,3.56241882E-1,
3.33E05,7.62000000E+2,7.30786621E+2,1.13074136E+0,
3.34E05,7.28000000E+2,7.26351563E+2,6.10951595E-2,
3.35E05,7.30000000E+2,7.21970581E+2,2.97182143E-1,
3.36E05,7.24000000E+2,7.17642822E+2,2.36262649E-1,
3.37E05,6.82000000E+2,7.13367554E+2,-1.20112574E+0,
3.38E05,6.80000000E+2,7.09144043E+2,-1.11762309E+0,
3.39E05,6.76000000E+2,7.04971436E+2,-1.11428595E+0,
3.4E05,7.13000000E+2,7.00849060E+2,4.55056280E-1,
3.41E05,6.85000000E+2,6.96776123E+2,-4.49942529E-1,
3.42E05,7.10000000E+2,6.92752075E+2,6.47303045E-1,
3.43E05,7.02000000E+2,6.88775940E+2,4.99109983E-1,
3.44E05,7.10000000E+2,6.84847168E+2,9.43968952E-1,
3.45E05,7.00000000E+2,6.80965149E+2,7.19449759E-1,
3.46E05,6.89000000E+2,6.77129089E+2,4.52245682E-1,
3.47E05,7.01000000E+2,6.73338379E+2,1.04476500E+0,
3.48E05,6.52000000E+2,6.69592407E+2,-6.88971817E-1,
3.49E05,6.87000000E+2,6.65890381E+2,8.05382192E-1,
3.5E05,6.20000000E+2,6.62231934E+2,-1.69607520E+0,
3.51E05,6.60000000E+2,6.58616211E+2,5.38639165E-2,
3.52E05,6.85000000E+2,6.55042664E+2,1.14461100E+0,
3.53E05,6.00000000E+2,6.51510742E+2,-2.10291719E+0,
3.54E05,6.34000000E+2,6.48019836E+2,-5.56798816E-1,
3.55E05,6.27000000E+2,6.44569336E+2,-7.01651692E-1,
3.56E05,6.44000000E+2,6.41158813E+2,1.11958437E-1,
3.57E05,6.81000000E+2,6.37787476E+2,1.65590751E+0,
3.58E05,6.33000000E+2,6.34454956E+2,-5.78293130E-2,
3.59E05,5.82000000E+2,6.31160645E+2,-2.03777432E+0,
3.6E05,6.58000000E+2,6.27904053E+2,1.17326224E+0,
3.61E05,6.05000000E+2,6.24684570E+2,-8.00291598E-1,
3.62E05,6.21000000E+2,6.21501770E+2,-2.01353375E-2,
3.63E05,5.91000000E+2,6.18355103E+2,-1.12523854E+0,
3.64E05,6.04000000E+2,6.15244019E+2,-4.57512617E-1,
3.65E05,5.84000000E+2,6.12168091E+2,-1.16560388E+0,
3.66E05,6.30000000E+2,6.09126892E+2,8.31604540E-1,
3.67E05,5.75000000E+2,6.06119873E+2,-1.29778838E+0,
3.68E05,6.19000000E+2,6.03146484E+2,6.37206614E-1,
3.69E05,6.25000000E+2,6.00206482E+2,9.91740704E-1,
3.7E05,5.81000000E+2,5.97299194E+2,-6.76204503E-1,
3.71E05,5.98000000E+2,5.94424316E+2,1.46220580E-1,
3.72E05,5.94000000E+2,5.91581299E+2,9.92405117E-2,
3.73E05,5.66000000E+2,5.88769897E+2,-9.57090199E-1,
3.74E05,6.02000000E+2,5.85989502E+2,6.52539194E-1,
3.75E05,6.77000000E+2,5.83239685E+2,3.60350156E+0,
3.76E05,6.09000000E+2,5.80520203E+2,1.15405965E+0,
3.77E05,6.07000000E+2,5.77830505E+2,1.18395329E+0,
3.78E05,5.90000000E+2,5.75170288E+2,6.10529602E-1,
3.79E05,5.67000000E+2,5.72539063E+2,-2.32618749E-1,
3.8E05,5.51000000E+2,5.69936584E+2,-8.06725621E-1,
3.81E05,6.19000000E+2,5.67362305E+2,2.07549429E+0,
3.82E05,5.92000000E+2,5.64816040E+2,1.11725390E+0,
3.83E05,5.40000000E+2,5.62297241E+2,-9.59520459E-1,
3.84E05,5.53000000E+2,5.59805542E+2,-2.89401084E-1,
3.85E05,5.65000000E+2,5.57340820E+2,3.22224110E-1,
3.86E05,5.98000000E+2,5.54902466E+2,1.76238918E+0,
3.87E05,5.16000000E+2,5.52490295E+2,-1.60639572E+0,
3.88E05,5.13000000E+2,5.50103882E+2,-1.63817644E+0,
3.89E05,5.41000000E+2,5.47742920E+2,-2.89900780E-1,
3.9E05,5.49000000E+2,5.45407043E+2,1.53343648E-1,
3.91E05,5.40000000E+2,5.43096008E+2,-1.33230984E-1,
3.92E05,5.47000000E+2,5.40809448E+2,2.64688879E-1,
3.93E05,5.07000000E+2,5.38547058E+2,-1.40105402E+0,
3.94E05,5.63000000E+2,5.36308472E+2,1.12491381E+0,
3.95E05,5.16000000E+2,5.34093506E+2,-7.96522200E-1,
3.96E05,5.13000000E+2,5.31901733E+2,-8.34531903E-1,
3.97E05,5.26000000E+2,5.29732910E+2,-1.62762612E-1,
3.98E05,5.29000000E+2,5.27586792E+2,6.14438280E-2,
3.99E05,5.07000000E+2,5.25463013E+2,-8.19971204E-1,
4E05,4.64000000E+2,5.23361328E+2,-2.75578046E+0,
4.01E05,5.27000000E+2,5.21281433E+2,2.49104679E-1,
4.02E05,5.15000000E+2,5.19223145E+2,-1.86093986E-1,
4.03E05,5.30000000E+2,5.17186035E+2,5.56603074E-1,
4.04E05,5.36000000E+2,5.15170044E+2,8.99717033E-1,
4.05E05,5.04000000E+2,5.13174683E+2,-4.08672869E-1,
4.06E05,5.32000000E+2,5.11199829E+2,9.01801765E-1,
4.07E05,4.96000000E+2,5.09245239E+2,-5.94728768E-1,
4.08E05,5.03000000E+2,5.07310608E+2,-1.92200497E-1,
4.09E05,5.07000000E+2,5.05395721E+2,7.12485164E-2,
4.1E05,5.15000000E+2,5.03500305E+2,5.06737113E-1,
4.11E05,4.63000000E+2,5.01624146E+2,-1.79501629E+0,
4.12E05,4.65000000E+2,4.99767029E+2,-1.61228240E+0,
4.13E05,5.02000000E+2,4.97928650E+2,1.81713253E-1,
4.14E05,4.96000000E+2,4.96108887E+2,-4.88915807E-3,
4.15E05,4.80000000E+2,4.94307373E+2,-6.53039277E-1,
4.16E05,4.71000000E+2,4.92524017E+2,-9.91774380E-1,
4.17E05,4.91000000E+2,4.90758545E+2,1.08967153E-2,
4.18E05,4.87000000E+2,4.89010742E+2,-9.11154300E-2,
4.19E05,4.83000000E+2,4.87280396E+2,-1.94764748E-1,
4.2E05,4.81000000E+2,4.85567261E+2,-2.08249167E-1,
4.21E05,5.09000000E+2,4.83871216E+2,1.11381376E+0,
4.22E05,4.84000000E+2,4.82192017E+2,8.21810588E-2,
4.23E05,4.70000000E+2,4.80529419E+2,-4.85685885E-1,
4.24E05,4.56000000E+2,4.78883301E+2,-1.07160878E+0,
4.25E05,4.76000000E+2,4.77253387E+2,-5.74489199E-2,
4.26E05,4.63000000E+2,4.75639557E+2,-5.87410033E-1,
4.27E05,5.00000000E+2,4.74041565E+2,1.16089654E+0,
4.28E05,4.68000000E+2,4.72459290E+2,-2.06130743E-1,
4.29E05,4.60000000E+2,4.70892517E+2,-5.07866204E-1,
4.3E05,4.70000000E+2,4.69341034E+2,3.03958375E-2,
4.31E05,4.61000000E+2,4.67804688E+2,-3.16925883E-1,
4.32E05,4.79000000E+2,4.66283295E+2,5.81041098E-1,
4.33E05,4.43000000E+2,4.64776703E+2,-1.03464234E+0,
4.34E05,4.75000000E+2,4.63284729E+2,5.37533462E-1,
4.35E05,5.00000000E+2,4.61807190E+2,1.70803440E+0,
4.36E05,4.92000000E+2,4.60343933E+2,1.42716563E+0,
4.37E05,4.30000000E+2,4.58894775E+2,-1.39342976E+0,
4.38E05,4.55000000E+2,4.57459595E+2,-1.15307584E-1,
4.39E05,4.87000000E+2,4.56038208E+2,1.40301275E+0,
4.4E05,4.50000000E+2,4.54630432E+2,-2.18280673E-1,
4.41E05,4.03000000E+2,4.53236145E+2,-2.50244069E+0,
4.42E05,4.55000000E+2,4.51855225E+2,1.47429347E-1,
4.43E05,4.24000000E+2,4.50487427E+2,-1.28634322E+0,
4.44E05,4.47000000E+2,4.49132690E+2,-1.00872800E-1,
4.45E05,4.59000000E+2,4.47790833E+2,5.23199141E-1,
4.46E05,4.70000000E+2,4.46461731E+2,1.08573937E+0,
4.47E05,4.11000000E+2,4.45145203E+2,-1.68425858E+0,
4.48E05,4.37000000E+2,4.43841125E+2,-3.27255398E-1,
4.49E05,4.33000000E+2,4.42549347E+2,-4.58912313E-1,
4.5E05,4.26000000E+2,4.41269775E+2,-7.39823043E-1,
4.51E05,4.56000000E+2,4.40002197E+2,7.49165773E-1,
4.52E05,4.59000000E+2,4.38746582E+2,9.45348561E-1,
4.53E05,4.32000000E+2,4.37502747E+2,-2.64751017E-1,
4.54E05,4.31000000E+2,4.36270538E+2,-2.53872901E-1,
4.55E05,4.21000000E+2,4.35049866E+2,-6.84748590E-1,
4.56E05,4.26000000E+2,4.33840576E+2,-3.79877150E-1,
4.57E05,4.40000000E+2,4.32642548E+2,3.50752771E-1,
4.58E05,4.41000000E+2,4.31455688E+2,4.54491019E-1,
4.59E05,4.23000000E+2,4.30279846E+2,-3.53958249E-1,
4.6E05,3.79000000E+2,4.29114868E+2,-2.57422781E+0,
4.61E05,3.65000000E+2,4.27960724E+2,-3.29551506E+0,
4.62E05,4.11000000E+2,4.26817230E+2,-7.80206442E-1,
4.63E05,3.78000000E+2,4.25684265E+2,-2.45261383E+0,
4.64E05,4.09000000E+2,4.24561798E+2,-7.69481421E-1,
4.65E05,4.27000000E+2,4.23449646E+2,1.71813667E-1,
4.66E05,4.59000000E+2,4.22347717E+2,1.71078205E+0,
4.67E05,3.89000000E+2,4.21255859E+2,-1.63543701E+0,
4.68E05,4.05000000E+2,4.20174042E+2,-7.54004240E-1,
4.69E05,4.01000000E+2,4.19102112E+2,-9.03976321E-1,
4.7E05,3.77000000E+2,4.18039948E+2,-2.11366487E+0,
4.71E05,4.28000000E+2,4.16987488E+2,5.32309890E-1,
4.72E05,4.55000000E+2,4.15944611E+2,1.83094490E+0,
4.73E05,4.11000000E+2,4.14911224E+2,-1.92926466E-1,
4.74E05,4.08000000E+2,4.13887207E+2,-2.91460186E-1,
4.75E05,4.46000000E+2,4.12872498E+2,1.56863272E+0,
4.76E05,4.26000000E+2,4.11866943E+2,6.84748828E-1,
4.77E05,3.98000000E+2,4.10870514E+2,-6.45140588E-1,
4.78E05,4.13000000E+2,4.09883087E+2,1.53373256E-1,
4.79E05,4.20000000E+2,4.08904541E+2,5.41402996E-1,
4.8E05,4.22000000E+2,4.07934814E+2,6.84682548E-1,
4.81E05,3.71000000E+2,4.06973816E+2,-1.86766744E+0,
4.82E05,3.74000000E+2,4.06021423E+2,-1.65578842E+0,
4.83E05,3.85000000E+2,4.05077576E+2,-1.02324796E+0,
4.84E05,3.87000000E+2,4.04142212E+2,-8.71387601E-1,
4.85E05,3.96000000E+2,4.03215179E+2,-3.62576395E-1,
4.86E05,3.99000000E+2,4.02296448E+2,-1.65028796E-1,
4.87E05,4.11000000E+2,4.01385925E+2,4.74227339E-1,
4.88E05,4.09000000E+2,4.00483490E+2,4.21114326E-1,
4.89E05,4.00000000E+2,3.99589111E+2,2.05444340E-2,
4.9E05,4.31000000E+2,3.98702637E+2,1.55570924E+0,
4.91E05,4.09000000E+2,3.97824066E+2,5.52614391E-1,
4.92E05,4.20000000E+2,3.96953278E+2,1.12456489E+0,
4.93E05,3.95000000E+2,3.96090210E+2,-5.48544154E-2,
4.94E05,4.02000000E+2,3.95234772E+2,3.37418914E-1,
4.95E05,3.81000000E+2,3.94386871E+2,-6.85830176E-1,
4.96E05,3.97000000E+2,3.93546448E+2,1.73328817E-1,
4.97E05,3.78000000E+2,3.92713440E+2,-7.56777704E-1,
4.98E05,3.60000000E+2,3.91887787E+2,-1.68063390E+0,
4.99E05,3.70000000E+2,3.91069366E+2,-1.09534419E+0,
5E05,3.84000000E+2,3.90258148E+2,-3.19359779E-1,
5.01E05,4.00000000E+2,3.89454041E+2,5.27297974E-1,
5.02E05,4.02000000E+2,3.88656952E+2,6.65490746E-1,
5.03E05,4.19000000E+2,3.87866882E+2,1.52095234E+0,
5.04E05,3.58000000E+2,3.87083679E+2,-1.53712022E+0,
5.05E05,4.02000000E+2,3.86307312E+2,7.82680154E-1,
5.06E05,3.87000000E+2,3.85537750E+2,7.43303299E-2,
5.07E05,3.71000000E+2,3.84774872E+2,-7.15155721E-1,
5.08E05,3.67000000E+2,3.84018646E+2,-8.88366103E-1,
5.09E05,3.85000000E+2,3.83268982E+2,8.82208496E-2,
5.1E05,3.87000000E+2,3.82525818E+2,2.27435470E-1,
5.11E05,3.58000000E+2,3.81789124E+2,-1.25729418E+0,
5.12E05,3.65000000E+2,3.81058777E+2,-8.40554833E-1,
5.13E05,4.00000000E+2,3.80334778E+2,9.83261108E-1,
5.14E05,3.76000000E+2,3.79617065E+2,-1.86535910E-1,
5.15E05,3.82000000E+2,3.78905518E+2,1.58327490E-1,
5.16E05,3.66000000E+2,3.78200104E+2,-6.37709618E-1,
5.17E05,4.02000000E+2,3.77500793E+2,1.22190940E+0,
5.18E05,3.62000000E+2,3.76807495E+2,-7.78264701E-1,
5.19E05,3.83000000E+2,3.76120178E+2,3.51542473E-1,
5.2E05,4.11000000E+2,3.75438721E+2,1.75410855E+0,
5.21E05,3.87000000E+2,3.74763184E+2,6.22032344E-1,
5.22E05,3.81000000E+2,3.74093384E+2,3.53836656E-1,
5.23E05,3.65000000E+2,3.73429352E+2,-4.41212445E-1,
5.24E05,4.06000000E+2,3.72770996E+2,1.64912772E+0,
5.25E05,3.47000000E+2,3.72118286E+2,-1.34842026E+0,
5.26E05,3.67000000E+2,3.71471161E+2,-2.33392701E-1,
5.27E05,3.49000000E+2,3.70829529E+2,-1.16850793E+0,
5.28E05,3.67000000E+2,3.70193390E+2,-1.66693598E-1,
5.29E05,3.91000000E+2,3.69562683E+2,1.08413172E+0,
5.3E05,3.81000000E+2,3.68937347E+2,6.17988408E-1,
5.31E05,3.64000000E+2,3.68317322E+2,-2.26289153E-1,
5.32E05,3.70000000E+2,3.67702576E+2,1.19437404E-1,
5.33E05,3.90000000E+2,3.67093018E+2,1.15994012E+0,
5.34E05,3.49000000E+2,3.66488678E+2,-9.36147511E-1,
5.35E05,3.75000000E+2,3.65889435E+2,4.70467567E-1,
5.36E05,3.47000000E+2,3.65295288E+2,-9.82142508E-1,
5.37E05,3.59000000E+2,3.64706146E+2,-3.01158875E-1,
5.38E05,3.55000000E+2,3.64122009E+2,-4.84145969E-1,
5.39E05,3.63000000E+2,3.63542786E+2,-2.84888577E-2,
5.4E05,3.50000000E+2,3.62968475E+2,-6.93194151E-1,
5.41E05,3.90000000E+2,3.62398987E+2,1.39763165E+0,
5.42E05,3.78000000E+2,3.61834320E+2,8.31472814E-1,
5.43E05,3.67000000E+2,3.61274414E+2,2.98873156E-1,
5.44E05,3.48000000E+2,3.60719208E+2,-6.81821108E-1,
5.45E05,3.97000000E+2,3.60168671E+2,1.84851134E+0,
5.46E05,3.72000000E+2,3.59622742E+2,6.41730964E-1,
5.47E05,3.45000000E+2,3.59081421E+2,-7.58118212E-1,
5.48E05,3.68000000E+2,3.58544647E+2,4.92894351E-1,
5.49E05,3.83000000E+2,3.58012360E+2,1.27680874E+0,
5.5E05,3.68000000E+2,3.57484558E+2,5.48155308E-1,
5.51E05,3.69000000E+2,3.56961151E+2,6.26717448E-1,
5.52E05,3.72000000E+2,3.56442139E+2,8.06637526E-1,
5.53E05,3.68000000E+2,3.55927460E+2,6.29324675E-1,
5.54E05,3.45000000E+2,3.55417053E+2,-5.60835302E-1,
5.55E05,3.22000000E+2,3.54910950E+2,-1.83405554E+0,
5.56E05,3.53000000E+2,3.54409058E+2,-7.49965683E-2,
5.57E05,3.22000000E+2,3.53911346E+2,-1.77834988E+0,
5.58E05,3.43000000E+2,3.53417786E+2,-5.62507570E-1,
5.59E05,3.57000000E+2,3.52928314E+2,2.15496466E-1,
5.6E05,3.24000000E+2,3.52442932E+2,-1.58016288E+0,
5.61E05,3.27000000E+2,3.51961578E+2,-1.38037848E+0,
5.62E05,3.35000000E+2,3.51484222E+2,-9.00629282E-1,
5.63E05,3.32000000E+2,3.51010864E+2,-1.04335666E+0,
5.64E05,3.56000000E+2,3.50541382E+2,2.89306194E-1,
5.65E05,3.26000000E+2,3.50075836E+2,-1.33343720E+0,
5.66E05,3.72000000E+2,3.49614136E+2,1.16065300E+0,
5.67E05,3.58000000E+2,3.49156250E+2,4.67406690E-1,
5.68E05,3.64000000E+2,3.48702148E+2,8.01825285E-1,
5.69E05,3.36000000E+2,3.48251831E+2,-6.68392181E-1,
5.7E05,3.79000000E+2,3.47805206E+2,1.60236895E+0,
5.71E05,3.52000000E+2,3.47362305E+2,2.47189999E-1,
5.72E05,3.55000000E+2,3.46923035E+2,4.28680807E-1,
5.73E05,3.31000000E+2,3.46487396E+2,-8.51264298E-1,
5.74E05,3.17000000E+2,3.46055359E+2,-1.63191152E+0,
5.75E05,3.58000000E+2,3.45626892E+2,6.53939068E-1,
5.76E05,3.23000000E+2,3.45201935E+2,-1.23534870E+0,
5.77E05,3.54000000E+2,3.44780457E+2,4.90013212E-1,
5.78E05,3.39000000E+2,3.44362488E+2,-2.91250348E-1,
5.79E05,3.85000000E+2,3.43947937E+2,2.09220695E+0,
5.8E05,3.43000000E+2,3.43536804E+2,-2.89847031E-2,
5.81E05,3.20000000E+2,3.43129059E+2,-1.29295373E+0,
5.82E05,3.39000000E+2,3.42724640E+2,-2.02294677E-1,
5.83E05,3.16000000E+2,3.42323547E+2,-1.48081529E+0,
5.84E05,3.04000000E+2,3.41925751E+2,-2.17519093E+0,
5.85E05,3.27000000E+2,3.41531189E+2,-8.03576589E-1,
5.86E05,3.61000000E+2,3.41139893E+2,1.04526877E+0,
5.87E05,3.29000000E+2,3.40751801E+2,-6.47897720E-1,
5.88E05,3.12000000E+2,3.40366882E+2,-1.60595846E+0,
5.89E05,3.58000000E+2,3.39985107E+2,9.52116668E-1,
5.9E05,3.28000000E+2,3.39606445E+2,-6.40858710E-1,
5.91E05,3.77000000E+2,3.39230896E+2,1.94520783E+0,
5.92E05,3.43000000E+2,3.38858398E+2,2.23625466E-1,
5.93E05,3.56000000E+2,3.38488953E+2,9.28083658E-1,
5.94E05,3.43000000E+2,3.38122528E+2,2.63358742E-1,
5.95E05,3.55000000E+2,3.37759064E+2,9.15053844E-1,
5.96E05,3.58000000E+2,3.37398590E+2,1.08881831E+0,
5.97E05,3.35000000E+2,3.37041046E+2,-1.11514263E-1,
5.98E05,3.43000000E+2,3.36686432E+2,3.40900630E-1,
5.99E05,3.54000000E+2,3.36334686E+2,9.38900828E-1,
6E05,3.42000000E+2,3.35985809E+2,3.25210184E-1,
6.01E05,3.61000000E+2,3.35639771E+2,1.33474886E+0,
6.02E05,3.72000000E+2,3.35296570E+2,1.90298426E+0,
6.03E05,3.47000000E+2,3.34956116E+2,6.46549582E-1,
6.04E05,3.39000000E+2,3.34618469E+2,2.37972081E-1,
6.05E05,3.50000000E+2,3.34283539E+2,8.40080202E-1,
6.06E05,3.12000000E+2,3.33951324E+2,-1.24274909E+0,
6.07E05,3.66000000E+2,3.33621826E+2,1.69243419E+0,
6.08E05,3.12000000E+2,3.33294983E+2,-1.20559096E+0,
6.09E05,3.20000000E+2,3.32970795E+2,-7.25089490E-1,
6.1E05,3.38000000E+2,3.32649231E+2,2.91043460E-1,
6.11E05,3.15000000E+2,3.32330292E+2,-9.76451337E-1,
6.12E05,3.47000000E+2,3.32013916E+2,8.04495156E-1,
6.13E05,3.20000000E+2,3.31700104E+2,-6.54055715E-1,
6.14E05,3.70000000E+2,3.31388855E+2,2.00729775E+0,
6.15E05,2.97000000E+2,3.31080078E+2,-1.97752666E+0,
6.16E05,3.12000000E+2,3.30773834E+2,-1.06285906E+0,
6.17E05,3.18000000E+2,3.30470062E+2,-6.99286342E-1,
6.18E05,3.25000000E+2,3.30168732E+2,-2.86709636E-1,
6.19E05,3.31000000E+2,3.29869843E+2,6.21190742E-2,
6.2E05,3.46000000E+2,3.29573364E+2,8.83101404E-1,
6.21E05,3.24000000E+2,3.29279297E+2,-2.93294281E-1,
6.22E05,3.18000000E+2,3.28987579E+2,-6.16152823E-1,
6.23E05,3.26000000E+2,3.28698242E+2,-1.49441808E-1,
6.24E05,3.55000000E+2,3.28411224E+2,1.41118562E+0,
6.25E05,3.04000000E+2,3.28126495E+2,-1.38374937E+0,
6.26E05,3.32000000E+2,3.27844086E+2,2.28085428E-1,
6.27E05,3.15000000E+2,3.27563965E+2,-7.07899213E-1,
6.28E05,3.32000000E+2,3.27286072E+2,2.58710414E-1,
6.29E05,2.94000000E+2,3.27010437E+2,-1.92520773E+0,
6.3E05,3.32000000E+2,3.26737000E+2,2.88844675E-1,
6.31E05,3.36000000E+2,3.26465759E+2,5.20135462E-1,
6.32E05,3.31000000E+2,3.26196716E+2,2.64012337E-1,
6.33E05,3.25000000E+2,3.25929840E+2,-5.15782498E-2,
6.34E05,3.46000000E+2,3.25665100E+2,1.09321094E+0,
6.35E05,3.27000000E+2,3.25402496E+2,8.83421525E-2,
6.36E05,3.23000000E+2,3.25141998E+2,-1.19183972E-1,
6.37E05,2.94000000E+2,3.24883575E+2,-1.80116665E+0,
6.38E05,3.40000000E+2,3.24627258E+2,8.33703995E-1,
6.39E05,3.52000000E+2,3.24372986E+2,1.47252488E+0,
6.4E05,3.25000000E+2,3.24120728E+2,4.87732589E-2,
6.41E05,3.07000000E+2,3.23870514E+2,-9.62851048E-1,
6.42E05,3.03000000E+2,3.23622314E+2,-1.18472099E+0,
6.43E05,2.88000000E+2,3.23376099E+2,-2.08455658E+0,
6.44E05,3.61000000E+2,3.23131866E+2,1.99305964E+0,
6.45E05,3.04000000E+2,3.22889557E+2,-1.08339036E+0,
6.46E05,2.87000000E+2,3.22649231E+2,-2.10430765E+0,
6.47E05,3.16000000E+2,3.22410797E+2,-3.60635519E-1,
6.48E05,3.49000000E+2,3.22174286E+2,1.43594754E+0,
6.49E05,3.63000000E+2,3.21939667E+2,2.15510869E+0,
6.5E05,3.39000000E+2,3.21706909E+2,9.39231753E-1,
6.51E05,3.17000000E+2,3.21476044E+2,-2.51399666E-1,
6.52E05,3.10000000E+2,3.21247009E+2,-6.38787210E-1,
6.53E05,3.22000000E+2,3.21019806E+2,5.46240807E-2,
6.54E05,3.32000000E+2,3.20794403E+2,6.14987016E-1,
6.55E05,3.26000000E+2,3.20570831E+2,3.00693840E-1,
6.56E05,3.49000000E+2,3.20349030E+2,1.53365135E+0,
6.57E05,3.15000000E+2,3.20128998E+2,-2.88986295E-1,
6.58E05,3.46000000E+2,3.19910706E+2,1.40256917E+0,
6.59E05,3.14000000E+2,3.19694183E+2,-3.21341366E-1,
6.6E05,3.26000000E+2,3.19479401E+2,3.61142606E-1,
6.61E05,3.33000000E+2,3.19266296E+2,7.52602339E-1,
6.62E05,3.39000000E+2,3.19054901E+2,1.08326912E+0,
6.63E05,3.31000000E+2,3.18845215E+2,6.68087423E-1,
6.64E05,3.37000000E+2,3.18637177E+2,1.00028670E+0,
6.65E05,3.29000000E+2,3.18430817E+2,5.82697928E-1,
6.66E05,3.07000000E+2,3.18226105E+2,-6.40707612E-1,
6.67E05,3.18000000E+2,3.18023010E+2,-1.29035092E-3,
6.68E05,3.09000000E+2,3.17821533E+2,-5.01839519E-1,
6.69E05,3.23000000E+2,3.17621643E+2,2.99259782E-1,
6.7E05,3.13000000E+2,3.17423370E+2,-2.50023663E-1,
6.71E05,3.02000000E+2,3.17226685E+2,-8.76197219E-1,
6.72E05,3.42000000E+2,3.17031555E+2,1.35013890E+0,
6.73E05,2.63000000E+2,3.16837952E+2,-3.31979036E+0,
6.74E05,3.10000000E+2,3.16645905E+2,-3.77462000E-1,
6.75E05,3.20000000E+2,3.16455414E+2,1.98148400E-1,
6.76E05,3.56000000E+2,3.16266418E+2,2.10587573E+0,
6.77E05,3.21000000E+2,3.16078918E+2,2.74667978E-1,
6.78E05,2.99000000E+2,3.15892914E+2,-9.76942420E-1,
6.79E05,3.51000000E+2,3.15708374E+2,1.88372767E+0,
6.8E05,3.20000000E+2,3.15525330E+2,2.50141680E-1,
6.81E05,3.27000000E+2,3.15343719E+2,6.44593775E-1,
6.82E05,3.08000000E+2,3.15163574E+2,-4.08182532E-1,
6.83E05,3.19000000E+2,3.14984833E+2,2.24806204E-1,
6.84E05,3.15000000E+2,3.14807526E+2,1.08447019E-2,
6.85E05,3.49000000E+2,3.14631622E+2,1.83969712E+0,
6.86E05,3.23000000E+2,3.14457123E+2,4.75338399E-1,
6.87E05,3.27000000E+2,3.14283997E+2,7.03196585E-1,
6.88E05,3.11000000E+2,3.14112244E+2,-1.76479146E-1,
6.89E05,3.29000000E+2,3.13941864E+2,8.30181897E-1,
6.9E05,2.98000000E+2,3.13772858E+2,-9.13697124E-1,
6.91E05,2.94000000E+2,3.13605164E+2,-1.14339638E+0,
6.92E05,3.24000000E+2,3.13438782E+2,5.86734354E-1,
6.93E05,3.30000000E+2,3.13273743E+2,9.20750141E-1,
6.94E05,3.52000000E+2,3.13110016E+2,2.07284307E+0,
6.95E05,3.26000000E+2,3.12947601E+2,7.22905517E-1,
6.96E05,3.26000000E+2,3.12786438E+2,7.31831491E-1,
6.97E05,3.13000000E+2,3.12626587E+2,2.11065561E-2,
6.98E05,3.12000000E+2,3.12467987E+2,-2.64945496E-2,
6.99E05,3.17000000E+2,3.12310638E+2,2.63380796E-1,
7E05,3.02000000E+2,3.12154541E+2,-5.84328175E-1,
7.01E05,3.40000000E+2,3.11999664E+2,1.51853144E+0,
7.02E05,3.14000000E+2,3.11846039E+2,1.21555060E-1,
7.03E05,2.96000000E+2,3.11693604E+2,-9.12172198E-1,
7.04E05,3.33000000E+2,3.11542389E+2,1.17586982E+0,
7.05E05,2.99000000E+2,3.11392395E+2,-7.16670692E-1,
7.06E05,3.26000000E+2,3.11243561E+2,8.17283571E-1,
7.07E05,2.95000000E+2,3.11095917E+2,-9.37140524E-1,
7.08E05,3.34000000E+2,3.10949432E+2,1.26127100E+0,
7.09E05,3.21000000E+2,3.10804108E+2,5.69079220E-1,
7.1E05,3.44000000E+2,3.10659943E+2,1.79757547E+0,
7.11E05,3.02000000E+2,3.10516907E+2,-4.90092903E-1,
7.12E05,2.87000000E+2,3.10375000E+2,-1.37978268E+0,
7.13E05,2.92000000E+2,3.10234222E+2,-1.06707716E+0,
7.14E05,3.25000000E+2,3.10094543E+2,8.26805949E-1,
7.15E05,3.16000000E+2,3.09955994E+2,3.40001911E-1,
7.16E05,3.07000000E+2,3.09818512E+2,-1.60860971E-1,
7.17E05,3.09000000E+2,3.09682129E+2,-3.88049595E-2,
7.18E05,2.94000000E+2,3.09546844E+2,-9.06710386E-1,
7.19E05,3.23000000E+2,3.09412598E+2,7.56023288E-1,
7.2E05,3.41000000E+2,3.09279419E+2,1.71776581E+0,
7.21E05,3.10000000E+2,3.09147308E+2,4.84296307E-2,
7.22E05,2.88000000E+2,3.09016235E+2,-1.23839355E+0,
7.23E05,3.52000000E+2,3.08886200E+2,2.29797339E+0,
7.24E05,3.18000000E+2,3.08757172E+2,5.18312097E-1,
7.25E05,3.27000000E+2,3.08629181E+2,1.01590860E+0,
7.26E05,3.09000000E+2,3.08502197E+2,2.83190086E-2,
7.27E05,3.05000000E+2,3.08376221E+2,-1.93321839E-1,
7.28E05,2.83000000E+2,3.08251221E+2,-1.50102925E+0,
7.29E05,3.22000000E+2,3.08127228E+2,7.73099363E-1,
7.3E05,3.06000000E+2,3.08004211E+2,-1.14573143E-1,
7.31E05,2.99000000E+2,3.07882141E+2,-5.13667464E-1,
7.32E05,3.09000000E+2,3.07761047E+2,7.04815537E-2,
7.33E05,2.99000000E+2,3.07640930E+2,-4.99717891E-1,
7.34E05,3.14000000E+2,3.07521729E+2,3.65590006E-1,
7.35E05,3.20000000E+2,3.07403503E+2,7.04165578E-1,
7.36E05,3.18000000E+2,3.07286163E+2,6.00802124E-1,
7.37E05,3.34000000E+2,3.07169800E+2,1.46808326E+0,
7.38E05,2.90000000E+2,3.07054321E+2,-1.00146425E+0,
7.39E05,3.04000000E+2,3.06939758E+2,-1.68606699E-1,
7.4E05,3.11000000E+2,3.06826111E+2,2.36679539E-1,
7.41E05,3.30000000E+2,3.06713348E+2,1.28188801E+0,
7.42E05,3.45000000E+2,3.06601471E+2,2.06730723E+0,
7.43E05,3.18000000E+2,3.06490479E+2,6.45421922E-1,
7.44E05,3.12000000E+2,3.06380371E+2,3.18148851E-1,
7.45E05,2.83000000E+2,3.06271118E+2,-1.38332438E+0,
7.46E05,3.05000000E+2,3.06162720E+2,-6.65771365E-2,
7.47E05,3.02000000E+2,3.06055176E+2,-2.33349144E-1,
7.48E05,3.10000000E+2,3.05948486E+2,2.30110511E-1,
7.49E05,3.20000000E+2,3.05842651E+2,7.91419864E-1,
7.5E05,2.93000000E+2,3.05737640E+2,-7.44140863E-1,
7.51E05,3.09000000E+2,3.05633453E+2,1.91516146E-1,
7.52E05,3.37000000E+2,3.05530090E+2,1.71427524E+0,
7.53E05,3.26000000E+2,3.05427551E+2,1.13940251E+0,
7.54E05,2.95000000E+2,3.05325806E+2,-6.01191640E-1,
7.55E05,3.29000000E+2,3.05224854E+2,1.31076622E+0,
7.56E05,3.02000000E+2,3.05124725E+2,-1.79807737E-1,
7.57E05,3.23000000E+2,3.05025360E+2,1.00013566E+0,
7.58E05,3.16000000E+2,3.04926788E+2,6.22916818E-1,
7.59E05,2.81000000E+2,3.04828979E+2,-1.42151773E+0,
7.6E05,3.03000000E+2,3.04731934E+2,-9.94969904E-2,
7.61E05,3.38000000E+2,3.04635681E+2,1.81477976E+0,
7.62E05,2.99000000E+2,3.04540161E+2,-3.20395797E-1,
7.63E05,2.77000000E+2,3.04445404E+2,-1.64903450E+0,
7.64E05,2.87000000E+2,3.04351410E+2,-1.02422130E+0,
7.65E05,3.02000000E+2,3.04258118E+2,-1.29940078E-1,
7.66E05,3.07000000E+2,3.04165588E+2,1.61768407E-1,
7.67E05,3.18000000E+2,3.04073792E+2,7.80942976E-1,
7.68E05,3.15000000E+2,3.03982697E+2,6.20754719E-1,
7.69E05,3.22000000E+2,3.03892303E+2,1.00910246E+0,
7.7E05,3.08000000E+2,3.03802643E+2,2.39166617E-1,
7.71E05,3.22000000E+2,3.03713715E+2,1.01905489E+0,
7.72E05,2.86000000E+2,3.03625458E+2,-1.04221511E+0,
7.73E05,3.17000000E+2,3.03537872E+2,7.56108403E-1,
7.74E05,3.23000000E+2,3.03451019E+2,1.08773434E+0,
7.75E05,3.38000000E+2,3.03364807E+2,1.88390613E+0,
7.76E05,3.29000000E+2,3.03279297E+2,1.41802824E+0,
7.77E05,2.88000000E+2,3.03194458E+2,-8.95342052E-1,
7.78E05,3.02000000E+2,3.03110291E+2,-6.38900399E-2,
7.79E05,2.95000000E+2,3.03026764E+2,-4.67336267E-1,
7.8E05,3.05000000E+2,3.02943909E+2,1.17731445E-1,
7.81E05,2.93000000E+2,3.02861725E+2,-5.76128125E-1,
7.82E05,3.06000000E+2,3.02780151E+2,1.84066489E-1,
7.83E05,3.05000000E+2,3.02699219E+2,1.31742358E-1,
7.84E05,2.84000000E+2,3.02618958E+2,-1.10483181E+0,
7.85E05,3.08000000E+2,3.02539307E+2,3.11151892E-1,
7.86E05,3.06000000E+2,3.02460266E+2,2.02353120E-1,
7.87E05,3.13000000E+2,3.02381866E+2,6.00172400E-1,
7.88E05,3.19000000E+2,3.02304077E+2,9.34792221E-1,
7.89E05,2.83000000E+2,3.02226898E+2,-1.14292049E+0,
7.9E05,2.94000000E+2,3.02150330E+2,-4.75336879E-1,
7.91E05,2.98000000E+2,3.02074371E+2,-2.36021996E-1,
7.92E05,3.07000000E+2,3.01998993E+2,2.85422534E-1,
7.93E05,3.00000000E+2,3.01924194E+2,-1.11093417E-1,
7.94E05,2.96000000E+2,3.01850006E+2,-3.40024710E-1,
7.95E05,3.23000000E+2,3.01776398E+2,1.18091285E+0,
7.96E05,3.24000000E+2,3.01703369E+2,1.23870170E+0,
7.97E05,2.94000000E+2,3.01630920E+2,-4.45044309E-1,
7.98E05,3.09000000E+2,3.01559021E+2,4.23302501E-1,
7.99E05,3.29000000E+2,3.01487701E+2,1.51680207E+0,
8E05,2.74000000E+2,3.01416931E+2,-1.65631735E+0,
8.01E05,2.85000000E+2,3.01346710E+2,-9.68295574E-1,
8.02E05,2.87000000E+2,3.01277069E+2,-8.42748761E-1,
8.03E05,3.21000000E+2,3.01207947E+2,1.10468471E+0,
8.04E05,2.90000000E+2,3.01139374E+2,-6.54126525E-1,
8.05E05,2.87000000E+2,3.01071350E+2,-8.30605567E-1,
8.06E05,3.17000000E+2,3.01003845E+2,8.98433566E-1,
8.07E05,3.00000000E+2,3.00936890E+2,-5.40913492E-2,
8.08E05,3.05000000E+2,3.00870453E+2,2.36457184E-1,
8.09E05,3.06000000E+2,3.00804535E+2,2.97004968E-1,
8.1E05,3.04000000E+2,3.00739105E+2,1.87025145E-1,
8.11E05,3.17000000E+2,3.00674225E+2,9.16946888E-1,
8.12E05,3.18000000E+2,3.00609833E+2,9.75192130E-1,
8.13E05,2.94000000E+2,3.00545959E+2,-3.81768107E-1,
8.14E05,3.13000000E+2,3.00482605E+2,7.07525015E-1,
8.15E05,3.17000000E+2,3.00419708E+2,9.31241989E-1,
8.16E05,3.20000000E+2,3.00357330E+2,1.09805858E+0,
8.17E05,3.18000000E+2,3.00295441E+2,9.92822349E-1,
8.18E05,3.18000000E+2,3.00234039E+2,9.96265590E-1,
8.19E05,3.20000000E+2,3.00173096E+2,1.10835767E+0,
8.2E05,2.93000000E+2,3.00112671E+2,-4.15526658E-1,
8.21E05,3.21000000E+2,3.00052673E+2,1.16916573E+0,
8.22E05,3.14000000E+2,2.99993164E+2,7.90451467E-1,
8.23E05,3.02000000E+2,2.99934143E+2,1.18876711E-1,
8.24E05,3.04000000E+2,2.99875580E+2,2.36551717E-1,
8.25E05,2.88000000E+2,2.99817444E+2,-6.96349561E-1,
8.26E05,3.41000000E+2,2.99759796E+2,2.23328233E+0,
8.27E05,3.28000000E+2,2.99702576E+2,1.56246388E+0,
8.28E05,2.92000000E+2,2.99645813E+2,-4.47437346E-1,
8.29E05,3.22000000E+2,2.99589508E+2,1.24888790E+0,
8.3E05,2.67000000E+2,2.99533630E+2,-1.99102581E+0,
8.31E05,3.20000000E+2,2.99478210E+2,1.14720297E+0,
8.32E05,3.12000000E+2,2.99423218E+2,7.12020099E-1,
8.33E05,2.88000000E+2,2.99368652E+2,-6.69904292E-1,
8.34E05,3.14000000E+2,2.99314514E+2,8.28749895E-1,
8.35E05,3.24000000E+2,2.99260803E+2,1.37439978E+0,
8.36E05,3.13000000E+2,2.99207489E+2,7.79598832E-1,
8.37E05,3.23000000E+2,2.99154633E+2,1.32679176E+0,
8.38E05,2.98000000E+2,2.99102173E+2,-6.38471618E-2,
8.39E05,3.11000000E+2,2.99050110E+2,6.77616119E-1,
8.4E05,2.98000000E+2,2.98998474E+2,-5.78400530E-2,
8.41E05,3.14000000E+2,2.98947235E+2,8.49476695E-1,
8.42E05,3.16000000E+2,2.98896393E+2,9.62153077E-1,
8.43E05,3.07000000E+2,2.98845947E+2,4.65376377E-1,
8.44E05,3.16000000E+2,2.98795898E+2,9.67806339E-1,
8.45E05,2.86000000E+2,2.98746277E+2,-7.53703117E-1,
8.46E05,3.05000000E+2,2.98696991E+2,3.60909253E-1,
8.47E05,3.07000000E+2,2.98648132E+2,4.76666272E-1,
8.48E05,2.62000000E+2,2.98599640E+2,-2.26113319E+0,
8.49E05,3.04000000E+2,2.98551514E+2,3.12492132E-1,
8.5E05,2.89000000E+2,2.98503784E+2,-5.59046149E-1,
8.51E05,2.90000000E+2,2.98456421E+2,-4.96578127E-1,
8.52E05,3.02000000E+2,2.98409454E+2,2.06612691E-1,
8.53E05,3.05000000E+2,2.98362823E+2,3.80043626E-1,
8.54E05,2.96000000E+2,2.98316559E+2,-1.34647250E-1,
8.55E05,3.15000000E+2,2.98270660E+2,9.42591488E-1,
8.56E05,3.06000000E+2,2.98225128E+2,4.44459856E-1,
8.57E05,3.12000000E+2,2.98179962E+2,7.82405555E-1,
8.58E05,2.87000000E+2,2.98135132E+2,-6.57286048E-1,
8.59E05,3.30000000E+2,2.98090668E+2,1.75655091E+0,
8.6E05,3.55000000E+2,2.98046539E+2,3.02277589E+0,
8.61E05,3.00000000E+2,2.98002777E+2,1.15309723E-1,
8.62E05,2.87000000E+2,2.97959351E+2,-6.46910012E-1,
8.63E05,3.20000000E+2,2.97916229E+2,1.23452032E+0,
8.64E05,3.04000000E+2,2.97873474E+2,3.51380348E-1,
8.65E05,2.84000000E+2,2.97831055E+2,-8.20722103E-1,
8.66E05,3.08000000E+2,2.97788971E+2,5.81827402E-1,
8.67E05,2.92000000E+2,2.97747223E+2,-3.36330771E-1,
8.68E05,3.05000000E+2,2.97705780E+2,4.17665809E-1,
8.69E05,2.90000000E+2,2.97664673E+2,-4.50085074E-1,
8.7E05,2.96000000E+2,2.97623901E+2,-9.43873525E-2,
8.71E05,2.80000000E+2,2.97583435E+2,-1.05081129E+0,
8.72E05,3.40000000E+2,2.97543274E+2,2.30253935E+0,
8.73E05,2.81000000E+2,2.97503448E+2,-9.84513164E-1,
8.74E05,2.83000000E+2,2.97463928E+2,-8.59791279E-1,
8.75E05,3.26000000E+2,2.97424713E+2,1.58263874E+0,
8.76E05,2.85000000E+2,2.97385803E+2,-7.33671665E-1,
8.77E05,2.77000000E+2,2.97347198E+2,-1.22254467E+0,
8.78E05,3.01000000E+2,2.97308899E+2,2.12751523E-1,
8.79E05,3.08000000E+2,2.97270905E+2,6.11346960E-1,
8.8E05,2.83000000E+2,2.97233215E+2,-8.46076846E-1,
8.81E05,3.23000000E+2,2.97195801E+2,1.43578398E+0,
8.82E05,2.84000000E+2,2.97158691E+2,-7.80824661E-1,
8.83E05,3.21000000E+2,2.97121857E+2,1.33274794E+0,
8.84E05,2.86000000E+2,2.97085327E+2,-6.55489147E-1,
8.85E05,3.01000000E+2,2.97049072E+2,2.27727681E-1,
8.86E05,3.03000000E+2,2.97013123E+2,3.43937129E-1,
8.87E05,3.08000000E+2,2.96977448E+2,6.28068209E-1,
8.88E05,3.14000000E+2,2.96942047E+2,9.62635994E-1,
8.89E05,3.10000000E+2,2.96906921E+2,7.43636906E-1,
8.9E05,3.09000000E+2,2.96872070E+2,6.89933836E-1,
8.91E05,2.90000000E+2,2.96837494E+2,-4.01511461E-1,
8.92E05,2.86000000E+2,2.96803162E+2,-6.38804317E-1,
8.93E05,3.00000000E+2,2.96769135E+2,1.86534107E-1,
8.94E05,3.02000000E+2,2.96735352E+2,3.02946478E-1,
8.95E05,2.59000000E+2,2.96701843E+2,-2.34267855E+0,
8.96E05,3.00000000E+2,2.96668610E+2,1.92337915E-1,
8.97E05,2.94000000E+2,2.96635620E+2,-1.53712481E-1,
8.98E05,2.77000000E+2,2.96602905E+2,-1.17782438E+0,
8.99E05,2.80000000E+2,2.96570435E+2,-9.90272880E-1,
9E05,3.06000000E+2,2.96538208E+2,5.40894628E-1,
9.01E05,3.16000000E+2,2.96506256E+2,1.09660876E+0,
9.02E05,2.88000000E+2,2.96474548E+2,-4.99367565E-1,
9.03E05,2.90000000E+2,2.96443085E+2,-3.78350973E-1,
9.04E05,2.88000000E+2,2.96411865E+2,-4.95673925E-1,
9.05E05,3.21000000E+2,2.96380890E+2,1.37410474E+0,
9.06E05,2.79000000E+2,2.96350159E+2,-1.03872681E+0,
9.07E05,3.20000000E+2,2.96319641E+2,1.32377231E+0,
9.08E05,3.21000000E+2,2.96289398E+2,1.37921131E+0,
9.09E05,3.48000000E+2,2.96259399E+2,2.77358723E+0,
9.1E05,2.59000000E+2,2.96229614E+2,-2.31333566E+0,
9.11E05,3.31000000E+2,2.96200043E+2,1.91277862E+0,
9.12E05,2.97000000E+2,2.96170746E+2,4.81182039E-2,
9.13E05,3.01000000E+2,2.96141663E+2,2.80029923E-1,
9.14E05,2.84000000E+2,2.96112793E+2,-7.18762040E-1,
9.15E05,3.02000000E+2,2.96084167E+2,3.40417922E-1,
9.16E05,2.65000000E+2,2.96055756E+2,-1.90773988E+0,
9.17E05,3.12000000E+2,2.96027557E+2,9.04261529E-1,
9.18E05,2.73000000E+2,2.95999603E+2,-1.39199936E+0,
9.19E05,2.82000000E+2,2.95971863E+2,-8.32012296E-1,
9.2E05,2.93000000E+2,2.95944336E+2,-1.72009945E-1,
9.21E05,3.03000000E+2,2.95916992E+2,4.06908184E-1,
9.22E05,3.24000000E+2,2.95889893E+2,1.56167269E+0,
9.23E05,3.02000000E+2,2.95863007E+2,3.53144288E-1,
9.24E05,3.33000000E+2,2.95836334E+2,2.03655648E+0,
9.25E05,3.12000000E+2,2.95809875E+2,9.16585326E-1,
9.26E05,3.18000000E+2,2.95783600E+2,1.24583387E+0,
9.27E05,3.19000000E+2,2.95757538E+2,1.30132806E+0,
9.28E05,3.43000000E+2,2.95731689E+2,2.55224895E+0,
9.29E05,3.07000000E+2,2.95706055E+2,6.44579470E-1,
9.3E05,2.91000000E+2,2.95680603E+2,-2.74381816E-1,
9.31E05,2.76000000E+2,2.95655334E+2,-1.18311214E+0,
9.32E05,3.20000000E+2,2.95630280E+2,1.36230874E+0,
9.33E05,3.11000000E+2,2.95605438E+2,8.72945487E-1,
9.34E05,3.04000000E+2,2.95580780E+2,4.82875377E-1,
9.35E05,2.73000000E+2,2.95556305E+2,-1.36516964E+0,
9.36E05,2.83000000E+2,2.95532013E+2,-7.44950831E-1,
9.37E05,2.85000000E+2,2.95507935E+2,-6.22436345E-1,
9.38E05,3.03000000E+2,2.95484039E+2,4.31780666E-1,
9.39E05,3.07000000E+2,2.95460327E+2,6.58603907E-1,
9.4E05,3.02000000E+2,2.95436798E+2,3.77669841E-1,
9.41E05,3.21000000E+2,2.95413452E+2,1.42810178E+0,
9.42E05,3.07000000E+2,2.95390289E+2,6.62601173E-1,
9.43E05,3.15000000E+2,2.95367310E+2,1.10617685E+0,
9.44E05,3.15000000E+2,2.95344513E+2,1.10746121E+0,
9.45E05,3.13000000E+2,2.95321899E+2,9.99225318E-1,
9.46E05,2.99000000E+2,2.95299469E+2,2.14007229E-1,
9.47E05,2.79000000E+2,2.95277191E+2,-9.74489927E-1,
9.48E05,3.00000000E+2,2.95255096E+2,2.73947150E-1,
9.49E05,3.07000000E+2,2.95233185E+2,6.71567619E-1,
9.5E05,3.24000000E+2,2.95211426E+2,1.59936523E+0,
9.51E05,2.88000000E+2,2.95189850E+2,-4.23665971E-1,
9.52E05,2.82000000E+2,2.95168427E+2,-7.84168363E-1,
9.53E05,2.60000000E+2,2.95147186E+2,-2.17973590E+0,
9.54E05,3.07000000E+2,2.95126129E+2,6.77677572E-1,
9.55E05,2.76000000E+2,2.95105194E+2,-1.14999759E+0,
9.56E05,2.79000000E+2,2.95084442E+2,-9.62950349E-1,
9.57E05,3.02000000E+2,2.95063873E+2,3.99129242E-1,
9.58E05,3.28000000E+2,2.95043457E+2,1.81972063E+0,
9.59E05,3.18000000E+2,2.95023193E+2,1.28847528E+0,
9.6E05,2.70000000E+2,2.95003082E+2,-1.52163911E+0,
9.61E05,2.85000000E+2,2.94983124E+2,-5.91349244E-1,
9.62E05,3.02000000E+2,2.94963348E+2,4.04913813E-1,
9.63E05,2.96000000E+2,2.94943695E+2,6.13964796E-2,
9.64E05,2.99000000E+2,2.94924225E+2,2.35708162E-1,
9.65E05,3.18000000E+2,2.94904877E+2,1.29511023E+0,
9.66E05,2.94000000E+2,2.94885712E+2,-5.16557544E-2,
9.67E05,2.96000000E+2,2.94866669E+2,6.58735409E-2,
9.68E05,3.23000000E+2,2.94847778E+2,1.56643152E+0,
9.69E05,2.87000000E+2,2.94829041E+2,-4.62133646E-1,
9.7E05,3.60000000E+2,2.94810455E+2,3.43579078E+0,
9.71E05,3.01000000E+2,2.94792023E+2,3.57821852E-1,
9.72E05,3.01000000E+2,2.94773712E+2,3.58877271E-1,
9.73E05,3.30000000E+2,2.94755585E+2,1.94014120E+0,
9.74E05,3.23000000E+2,2.94737549E+2,1.57256484E+0,
9.75E05,3.08000000E+2,2.94719696E+2,7.56715536E-1,
9.76E05,3.12000000E+2,2.94701965E+2,9.79308367E-1,
9.77E05,2.84000000E+2,2.94684357E+2,-6.33999944E-1,
9.78E05,3.06000000E+2,2.94666901E+2,6.47870183E-1,
9.79E05,2.95000000E+2,2.94649597E+2,2.04012413E-2,
9.8E05,3.03000000E+2,2.94632416E+2,4.80705172E-1,
9.81E05,3.11000000E+2,2.94615356E+2,9.29087877E-1,
9.82E05,3.09000000E+2,2.94598450E+2,8.19275558E-1,
9.83E05,3.03000000E+2,2.94581665E+2,4.83620703E-1,
9.84E05,2.83000000E+2,2.94565002E+2,-6.87468052E-1,
9.85E05,2.66000000E+2,2.94548492E+2,-1.75042045E+0,
9.86E05,2.98000000E+2,2.94532104E+2,2.00889796E-1,
9.87E05,3.03000000E+2,2.94515839E+2,4.87402350E-1,
9.88E05,2.83000000E+2,2.94499695E+2,-6.83585882E-1,
9.89E05,2.63000000E+2,2.94483673E+2,-1.94136643E+0,
9.9E05,2.76000000E+2,2.94467804E+2,-1.11163116E+0,
9.91E05,2.91000000E+2,2.94452026E+2,-2.02361375E-1,
9.92E05,3.08000000E+2,2.94436401E+2,7.72857785E-1,
9.93E05,2.96000000E+2,2.94420868E+2,9.17851925E-2,
9.94E05,3.28000000E+2,2.94405487E+2,1.85494661E+0,
9.95E05,3.20000000E+2,2.94390198E+2,1.43163145E+0,
9.96E05,3.03000000E+2,2.94375061E+2,4.95489806E-1,
9.97E05,2.64000000E+2,2.94360016E+2,-1.86852980E+0,
9.98E05,2.97000000E+2,2.94345093E+2,1.54053345E-1,
9.99E05,2.79000000E+2,2.94330292E+2,-9.17800546E-1,
1E06,2.86000000E+2,2.94315613E+2,-4.91712481E-1,
1.001E006,3.09000000E+2,2.94301056E+2,8.36193740E-1,
1.002E006,2.97000000E+2,2.94286591E+2,1.57447979E-1,
1.003E006,2.95000000E+2,2.94272247E+2,4.23713997E-2,
1.004E006,2.59000000E+2,2.94258026E+2,-2.19082713E+0,
1.005E006,3.07000000E+2,2.94243896E+2,7.28029251E-1,
1.006E006,3.01000000E+2,2.94229889E+2,3.90222698E-1,
1.007E006,3.17000000E+2,2.94215973E+2,1.27967846E+0,
1.008E006,2.94000000E+2,2.94202179E+2,-1.17913159E-2,
1.009E006,2.85000000E+2,2.94188507E+2,-5.44280171E-1,
1.01E06,2.82000000E+2,2.94174927E+2,-7.25006342E-1,
1.011E006,3.08000000E+2,2.94161469E+2,7.88523495E-1,
1.012E006,2.73000000E+2,2.94148102E+2,-1.27994132E+0,
1.013E006,2.88000000E+2,2.94134827E+2,-3.61498117E-1,
1.014E006,3.27000000E+2,2.94121674E+2,1.81817567E+0,
1.015E006,2.68000000E+2,2.94108612E+2,-1.59483731E+0,
1.016E006,2.85000000E+2,2.94095673E+2,-5.38781166E-1,
1.017E006,2.88000000E+2,2.94082825E+2,-3.58433872E-1,
1.018E006,3.03000000E+2,2.94070068E+2,5.13011158E-1,
1.019E006,3.05000000E+2,2.94057434E+2,6.26569510E-1,
1.02E06,2.59000000E+2,2.94044861E+2,-2.17758179E+0,
1.021E006,3.08000000E+2,2.94032410E+2,7.95877337E-1,
1.022E006,2.86000000E+2,2.94020050E+2,-4.74235505E-1,
1.023E006,2.86000000E+2,2.94007813E+2,-4.73511875E-1,
1.024E006,2.86000000E+2,2.93995636E+2,-4.72791851E-1,
1.025E006,2.97000000E+2,2.93983582E+2,1.75030351E-1,
1.026E006,3.07000000E+2,2.93971588E+2,7.43570745E-1,
1.027E006,2.94000000E+2,2.93959717E+2,2.34936411E-3,
1.028E006,3.06000000E+2,2.93947937E+2,6.88970566E-1,
1.029E006,2.83000000E+2,2.93936249E+2,-6.50092542E-1,
1.03E06,3.33000000E+2,2.93924622E+2,2.14131761E+0,
1.031E006,3.04000000E+2,2.93913116E+2,5.78522444E-1,
1.032E006,2.90000000E+2,2.93901703E+2,-2.29115888E-1,
1.033E006,3.01000000E+2,2.93890350E+2,4.09793377E-1,
1.034E006,3.09000000E+2,2.93879120E+2,8.60196829E-1,
1.035E006,3.06000000E+2,2.93867950E+2,6.93543136E-1,
1.036E006,3.18000000E+2,2.93856903E+2,1.35387766E+0,
1.037E006,2.71000000E+2,2.93845917E+2,-1.38779056E+0,
1.038E006,3.08000000E+2,2.93835022E+2,8.07124555E-1,
1.039E006,2.93000000E+2,2.93824188E+2,-4.81495894E-2,
1.04E06,2.68000000E+2,2.93813477E+2,-1.57680905E+0,
1.041E006,3.16000000E+2,2.93802826E+2,1.24868858E+0,
1.042E006,3.00000000E+2,2.93792267E+2,3.58403653E-1,
1.043E006,3.18000000E+2,2.93781799E+2,1.35808921E+0,
1.044E006,3.09000000E+2,2.93771393E+2,8.66325200E-1,
1.045E006,2.96000000E+2,2.93761078E+2,1.30134702E-1,
1.046E006,2.82000000E+2,2.93750854E+2,-6.99753165E-1,
1.047E006,2.95000000E+2,2.93740692E+2,7.33197406E-2,
1.048E006,2.70000000E+2,2.93730621E+2,-1.44419956E+0,
1.049E006,2.96000000E+2,2.93720642E+2,1.32484987E-1,
1.05E06,2.94000000E+2,2.93710724E+2,1.68709252E-2,
1.051E006,3.11000000E+2,2.93700867E+2,9.80943859E-1,
1.052E006,3.00000000E+2,2.93691101E+2,3.64244461E-1,
1.053E006,2.67000000E+2,2.93681427E+2,-1.63287687E+0,
1.054E006,2.96000000E+2,2.93671814E+2,1.35323063E-1,
1.055E006,3.02000000E+2,2.93662292E+2,4.79781151E-1,
1.056E006,3.10000000E+2,2.93652832E+2,9.28456724E-1,
1.057E006,2.67000000E+2,2.93643433E+2,-1.63055158E+0,
1.058E006,3.35000000E+2,2.93634125E+2,2.26005912E+0,
1.059E006,2.95000000E+2,2.93624878E+2,8.00627023E-2,
1.06E06,2.58000000E+2,2.93615723E+2,-2.21733809E+0,
1.061E006,3.05000000E+2,2.93606598E+2,6.52384281E-1,
1.062E006,2.95000000E+2,2.93597595E+2,8.16511661E-2,
1.063E006,2.64000000E+2,2.93588623E+2,-1.82105386E+0,
1.064E006,2.98000000E+2,2.93579742E+2,2.56058633E-1,
1.065E006,3.18000000E+2,2.93570923E+2,1.36991465E+0,
1.066E006,2.86000000E+2,2.93562195E+2,-4.47161943E-1,
1.067E006,2.74000000E+2,2.93553497E+2,-1.18127000E+0,
1.068E006,2.99000000E+2,2.93544891E+2,3.15477073E-1,
1.069E006,2.97000000E+2,2.93536346E+2,2.00981557E-1,
1.07E06,2.86000000E+2,2.93527893E+2,-4.45133656E-1,
1.071E006,3.09000000E+2,2.93519470E+2,8.80656600E-1,
1.072E006,3.05000000E+2,2.93511139E+2,6.57850266E-1,
1.073E006,2.75000000E+2,2.93502838E+2,-1.11576307E+0,
1.074E006,2.85000000E+2,2.93494629E+2,-5.03178418E-1,
1.075E006,3.27000000E+2,2.93486481E+2,1.85330188E+0,
1.076E006,2.90000000E+2,2.93478394E+2,-2.04258308E-1,
1.077E006,3.16000000E+2,2.93470367E+2,1.26739085E+0,
1.078E006,3.01000000E+2,2.93462402E+2,4.34459895E-1,
1.079E006,2.88000000E+2,2.93454529E+2,-3.21411192E-1,
1.08E06,2.91000000E+2,2.93446686E+2,-1.43427268E-1,
1.081E006,3.55000000E+2,2.93438904E+2,3.26732373E+0,
1.082E006,3.20000000E+2,2.93431183E+2,1.48524201E+0,
1.083E006,3.15000000E+2,2.93423553E+2,1.21569502E+0,
1.084E006,2.64000000E+2,2.93415955E+2,-1.81042683E+0,
1.085E006,3.04000000E+2,2.93408417E+2,6.07468963E-1,
1.086E006,3.04000000E+2,2.93400940E+2,6.07897758E-1,
1.087E006,2.77000000E+2,2.93393524E+2,-9.84991431E-1,
1.088E006,2.72000000E+2,2.93386169E+2,-1.29672694E+0,
1.089E006,2.92000000E+2,2.93378845E+2,-8.06908160E-2,
1.09E06,3.08000000E+2,2.93371613E+2,8.33529711E-1,
1.091E006,2.94000000E+2,2.93364441E+2,3.70665565E-2,
1.092E006,2.98000000E+2,2.93357300E+2,2.68944412E-1,
1.093E006,3.07000000E+2,2.93350220E+2,7.79034078E-1,
1.094E006,3.09000000E+2,2.93343201E+2,8.90684187E-1,
1.095E006,2.93000000E+2,2.93336243E+2,-1.96435060E-2,
1.096E006,2.86000000E+2,2.93329315E+2,-4.33391482E-1,
1.097E006,3.00000000E+2,2.93322479E+2,3.85526836E-1,
1.098E006,3.05000000E+2,2.93315674E+2,6.69042587E-1,
1.099E006,2.84000000E+2,2.93308899E+2,-5.52381516E-1,
1.1E06,2.72000000E+2,2.93302216E+2,-1.29163659E+0,
1.101E006,3.05000000E+2,2.93295563E+2,6.70194149E-1,
1.102E006,3.02000000E+2,2.93288971E+2,5.01263380E-1,
1.103E006,2.92000000E+2,2.93282440E+2,-7.50491321E-2,
1.104E006,3.24000000E+2,2.93275940E+2,1.70689225E+0,
1.105E006,2.99000000E+2,2.93269501E+2,3.31403315E-1,
1.106E006,2.91000000E+2,2.93263123E+2,-1.32666588E-1,
1.107E006,2.94000000E+2,2.93256775E+2,4.33457680E-2,
1.108E006,2.82000000E+2,2.93250488E+2,-6.69956803E-1,
1.109E006,3.11000000E+2,2.93244232E+2,1.00683725E+0,
1.11E06,2.91000000E+2,2.93238068E+2,-1.31197855E-1,
1.111E006,2.71000000E+2,2.93231903E+2,-1.35049200E+0,
1.112E006,2.94000000E+2,2.93225830E+2,4.51505072E-2,
1.113E006,3.10000000E+2,2.93219757E+2,9.53053772E-1,
1.114E006,3.11000000E+2,2.93213776E+2,1.00856423E+0,
1.115E006,3.24000000E+2,2.93207825E+2,1.71067643E+0,
1.116E006,3.01000000E+2,2.93201904E+2,4.49474752E-1,
1.117E006,3.07000000E+2,2.93196045E+2,7.87833333E-1,
1.118E006,2.80000000E+2,2.93190247E+2,-7.88268030E-1,
1.119E006,3.05000000E+2,2.93184479E+2,6.76554799E-1,
1.12E06,2.92000000E+2,2.93178741E+2,-6.89806268E-2,
1.121E006,2.98000000E+2,2.93173065E+2,2.79616833E-1,
1.122E006,3.12000000E+2,2.93167419E+2,1.06618488E+0,
1.123E006,2.96000000E+2,2.93161835E+2,1.64965004E-1,
1.124E006,2.97000000E+2,2.93156281E+2,2.23035216E-1,
1.125E006,3.05000000E+2,2.93150787E+2,6.78483963E-1,
1.126E006,2.82000000E+2,2.93145325E+2,-6.63694441E-1,
1.127E006,2.79000000E+2,2.93139893E+2,-8.46533239E-1,
1.128E006,3.17000000E+2,2.93134521E+2,1.34041882E+0,
1.129E006,3.17000000E+2,2.93129211E+2,1.34071708E+0,
1.13E06,3.02000000E+2,2.93123901E+2,5.10762095E-1,
1.131E006,2.94000000E+2,2.93118652E+2,5.14012389E-2,
1.132E006,3.18000000E+2,2.93113434E+2,1.39556932E+0,
1.133E006,3.37000000E+2,2.93108276E+2,2.39093447E+0,
1.134E006,3.16000000E+2,2.93103149E+2,1.28804851E+0,
1.135E006,2.83000000E+2,2.93098053E+2,-6.00266933E-1,
1.136E006,2.89000000E+2,2.93093018E+2,-2.40765750E-1,
1.137E006,3.05000000E+2,2.93088013E+2,6.82078421E-1,
1.138E006,2.76000000E+2,2.93083038E+2,-1.02827811E+0,
1.139E006,2.95000000E+2,2.93078094E+2,1.11897662E-1,
1.14E06,2.79000000E+2,2.93073212E+2,-8.42541158E-1,
1.141E006,2.90000000E+2,2.93068359E+2,-1.80180266E-1,
1.142E006,3.05000000E+2,2.93063538E+2,6.83479846E-1,
1.143E006,2.74000000E+2,2.93058746E+2,-1.15138102E+0,
1.144E006,3.03000000E+2,2.93054016E+2,5.71381867E-1,
1.145E006,2.87000000E+2,2.93049316E+2,-3.57079864E-1,
1.146E006,2.84000000E+2,2.93044647E+2,-5.36701083E-1,
1.147E006,2.89000000E+2,2.93040009E+2,-2.37647563E-1,
1.148E006,2.92000000E+2,2.93035431E+2,-6.05940111E-2,
1.149E006,2.78000000E+2,2.93030853E+2,-9.01490688E-1,
1.15E06,2.79000000E+2,2.93026337E+2,-8.39734793E-1,
1.151E006,2.74000000E+2,2.93021851E+2,-1.14915204E+0,
1.152E006,2.89000000E+2,2.93017395E+2,-2.36317351E-1,
1.153E006,3.10000000E+2,2.93012970E+2,9.64798450E-1,
1.154E006,3.07000000E+2,2.93008606E+2,7.98530996E-1,
1.155E006,2.95000000E+2,2.93004242E+2,1.16197526E-1,
1.156E006,2.67000000E+2,2.92999939E+2,-1.59117043E+0,
1.157E006,2.98000000E+2,2.92995667E+2,2.89893270E-1,
1.158E006,2.79000000E+2,2.92991394E+2,-8.37642848E-1,
1.159E006,2.78000000E+2,2.92987183E+2,-8.98871481E-1,
1.16E06,2.99000000E+2,2.92983002E+2,3.47972006E-1,
1.161E006,2.81000000E+2,2.92978851E+2,-7.14598358E-1,
1.162E006,2.67000000E+2,2.92974731E+2,-1.58962774E+0,
1.163E006,3.02000000E+2,2.92970673E+2,5.19579411E-1,
1.164E006,3.05000000E+2,2.92966614E+2,6.89029694E-1,
1.165E006,2.97000000E+2,2.92962585E+2,2.34274551E-1,
1.166E006,3.19000000E+2,2.92958588E+2,1.45803916E+0,
1.167E006,2.63000000E+2,2.92954651E+2,-1.84708285E+0,
1.168E006,2.91000000E+2,2.92950714E+2,-1.14352889E-1,
1.169E006,2.89000000E+2,2.92946808E+2,-2.32165173E-1,
1.17E06,3.10000000E+2,2.92942963E+2,9.68774617E-1,
1.171E006,3.01000000E+2,2.92939117E+2,4.64621544E-1,
1.172E006,2.66000000E+2,2.92935303E+2,-1.65150940E+0,
1.173E006,3.02000000E+2,2.92931549E+2,5.21830738E-1,
1.174E006,2.80000000E+2,2.92927795E+2,-7.72583544E-1,
1.175E006,2.96000000E+2,2.92924072E+2,1.78784668E-1,
1.176E006,2.78000000E+2,2.92920380E+2,-8.94864917E-1,
1.177E006,3.13000000E+2,2.92916718E+2,1.13517427E+0,
1.178E006,3.10000000E+2,2.92913086E+2,9.70471501E-1,
1.179E006,2.88000000E+2,2.92909485E+2,-2.89294183E-1,
1.18E06,2.90000000E+2,2.92905914E+2,-1.70641169E-1,
1.181E006,2.97000000E+2,2.92902374E+2,2.37768352E-1,
1.182E006,2.64000000E+2,2.92898865E+2,-1.77860224E+0,
1.183E006,2.74000000E+2,2.92895355E+2,-1.14151013E+0,
1.184E006,2.78000000E+2,2.92891907E+2,-8.93157244E-1,
1.185E006,2.89000000E+2,2.92888458E+2,-2.28732839E-1,
1.186E006,2.87000000E+2,2.92885040E+2,-3.47382933E-1,
1.187E006,2.99000000E+2,2.92881683E+2,3.53831381E-1,
1.188E006,2.95000000E+2,2.92878326E+2,1.23528615E-1,
1.189E006,2.87000000E+2,2.92875000E+2,-3.46790284E-1,
1.19E06,3.05000000E+2,2.92871674E+2,6.94465935E-1,
1.191E006,3.17000000E+2,2.92868408E+2,1.35536528E+0,
1.192E006,3.01000000E+2,2.92865143E+2,4.68885362E-1,
1.193E006,3.15000000E+2,2.92861938E+2,1.24733841E+0,
1.194E006,2.95000000E+2,2.92858734E+2,1.24669321E-1,
1.195E006,2.77000000E+2,2.92855530E+2,-9.52666461E-1,
1.196E006,2.86000000E+2,2.92852386E+2,-4.05190110E-1,
1.197E006,3.09000000E+2,2.92849274E+2,9.18782711E-1,
1.198E006,2.94000000E+2,2.92846161E+2,6.72932640E-2,
1.199E006,2.95000000E+2,2.92843079E+2,1.25580817E-1,
1.2E06,2.93000000E+2,2.92840027E+2,9.34573077E-3,
1.201E006,2.99000000E+2,2.92837006E+2,3.56415153E-1,
1.202E006,2.79000000E+2,2.92833984E+2,-8.28218997E-1,
1.203E006,2.75000000E+2,2.92830994E+2,-1.07524943E+0,
1.204E006,2.98000000E+2,2.92828033E+2,2.99603969E-1,
1.205E006,2.77000000E+2,2.92825104E+2,-9.50838327E-1,
1.206E006,2.73000000E+2,2.92822205E+2,-1.19969440E+0,
1.207E006,3.12000000E+2,2.92819305E+2,1.08589303E+0,
1.208E006,2.82000000E+2,2.92816437E+2,-6.44109428E-1,
1.209E006,2.87000000E+2,2.92813599E+2,-3.43165874E-1,
1.21E06,3.23000000E+2,2.92810760E+2,1.67977417E+0,
1.211E006,2.94000000E+2,2.92807953E+2,6.95215985E-2,
1.212E006,3.16000000E+2,2.92805176E+2,1.30481076E+0,
1.213E006,2.83000000E+2,2.92802429E+2,-5.82693934E-1,
1.214E006,2.55000000E+2,2.92799683E+2,-2.36710811E+0,
1.215E006,2.70000000E+2,2.92796967E+2,-1.38737917E+0,
1.216E006,2.85000000E+2,2.92794281E+2,-4.61693376E-1,
1.217E006,2.92000000E+2,2.92791595E+2,-4.63246219E-2,
1.218E006,2.71000000E+2,2.92788940E+2,-1.32358384E+0,
1.219E006,2.83000000E+2,2.92786316E+2,-5.81736088E-1,
1.22E06,3.11000000E+2,2.92783722E+2,1.03295040E+0,
1.221E006,3.00000000E+2,2.92781128E+2,4.16781783E-1,
1.222E006,2.84000000E+2,2.92778564E+2,-5.20911932E-1,
1.223E006,2.96000000E+2,2.92776001E+2,1.87391132E-1,
1.224E006,3.04000000E+2,2.92773468E+2,6.43885791E-1,
1.225E006,3.37000000E+2,2.92770966E+2,2.40930891E+0,
1.226E006,2.93000000E+2,2.92768463E+2,1.35265281E-2,
1.227E006,3.04000000E+2,2.92765991E+2,6.44314587E-1,
1.228E006,2.79000000E+2,2.92763550E+2,-8.24002147E-1,
1.229E006,2.88000000E+2,2.92761108E+2,-2.80551016E-1,
1.23E06,3.00000000E+2,2.92758698E+2,4.18076813E-1,
1.231E006,2.98000000E+2,2.92756317E+2,3.03758383E-1,
1.232E006,3.13000000E+2,2.92753937E+2,1.14437509E+0,
1.233E006,2.96000000E+2,2.92751587E+2,1.88810185E-1,
1.234E006,2.92000000E+2,2.92749237E+2,-4.38457839E-2,
1.235E006,2.70000000E+2,2.92746918E+2,-1.38433337E+0,
1.236E006,3.09000000E+2,2.92744598E+2,9.24737513E-1,
1.237E006,2.76000000E+2,2.92742340E+2,-1.00777042E+0,
1.238E006,2.92000000E+2,2.92740051E+2,-4.33082245E-2,
1.239E006,2.95000000E+2,2.92737823E+2,1.31709009E-1,
1.24E06,2.79000000E+2,2.92735565E+2,-8.22326779E-1,
1.241E006,2.67000000E+2,2.92733368E+2,-1.57485652E+0,
1.242E006,3.13000000E+2,2.92731171E+2,1.14566195E+0,
1.243E006,3.09000000E+2,2.92728973E+2,9.25626397E-1,
1.244E006,2.94000000E+2,2.92726837E+2,7.42523670E-2,
1.245E006,2.79000000E+2,2.92724670E+2,-8.21674526E-1,
1.246E006,3.15000000E+2,2.92722565E+2,1.25519133E+0,
1.247E006,2.95000000E+2,2.92720428E+2,1.32721782E-1,
1.248E006,2.39000000E+2,2.92718353E+2,-3.47475147E+0,
1.249E006,2.92000000E+2,2.92716278E+2,-4.19170037E-2,
1.25E06,3.05000000E+2,2.92714203E+2,7.03482687E-1,
1.251E006,2.88000000E+2,2.92712158E+2,-2.77666599E-1,
1.252E006,2.88000000E+2,2.92710114E+2,-2.77546108E-1,
1.253E006,3.01000000E+2,2.92708099E+2,4.77937192E-1,
1.254E006,3.04000000E+2,2.92706116E+2,6.47748709E-1,
1.255E006,3.00000000E+2,2.92704132E+2,4.21227127E-1,
1.256E006,2.62000000E+2,2.92702148E+2,-1.89678502E+0,
1.257E006,2.83000000E+2,2.92700195E+2,-5.76616764E-1,
1.258E006,2.96000000E+2,2.92698273E+2,1.91909000E-1,
1.259E006,2.86000000E+2,2.92696350E+2,-3.95963490E-1,
1.26E06,2.65000000E+2,2.92694427E+2,-1.70125520E+0,
1.261E006,3.01000000E+2,2.92692535E+2,4.78834301E-1,
1.262E006,2.72000000E+2,2.92690674E+2,-1.25455642E+0,
1.263E006,2.97000000E+2,2.92688812E+2,2.50160486E-1,
1.264E006,2.53000000E+2,2.92686951E+2,-2.49509716E+0,
1.265E006,2.88000000E+2,2.92685120E+2,-2.76073337E-1,
1.266E006,3.01000000E+2,2.92683289E+2,4.79367286E-1,
1.267E006,2.99000000E+2,2.92681488E+2,3.65408987E-1,
1.268E006,3.33000000E+2,2.92679718E+2,2.20953798E+0,
1.269E006,2.90000000E+2,2.92677917E+2,-1.57252729E-1,
1.27E06,2.91000000E+2,2.92676178E+2,-9.82592925E-2,
1.271E006,3.37000000E+2,2.92674408E+2,2.41456890E+0,
1.272E006,2.97000000E+2,2.92672668E+2,2.51097232E-1,
1.273E006,3.00000000E+2,2.92670959E+2,4.23142344E-1,
1.274E006,2.99000000E+2,2.92669250E+2,3.66116703E-1,
1.275E006,2.87000000E+2,2.92667542E+2,-3.34544390E-1,
1.276E006,3.00000000E+2,2.92665863E+2,4.23436612E-1,
1.277E006,2.93000000E+2,2.92664215E+2,1.96167640E-2,
1.278E006,3.10000000E+2,2.92662537E+2,9.84701753E-1,
1.279E006,3.23000000E+2,2.92660919E+2,1.68811154E+0,
1.28E06,2.87000000E+2,2.92659271E+2,-3.34056228E-1,
1.281E006,3.00000000E+2,2.92657654E+2,4.23910558E-1,
1.282E006,2.75000000E+2,2.92656067E+2,-1.06470084E+0,
1.283E006,3.10000000E+2,2.92654449E+2,9.85161066E-1,
1.284E006,2.94000000E+2,2.92652893E+2,7.85648674E-2,
1.285E006,2.83000000E+2,2.92651306E+2,-5.73710620E-1,
1.286E006,3.17000000E+2,2.92649750E+2,1.36764634E+0,
1.287E006,2.95000000E+2,2.92648224E+2,1.36925697E-1,
1.288E006,2.88000000E+2,2.92646698E+2,-2.73809314E-1,
1.289E006,3.10000000E+2,2.92645172E+2,9.85687971E-1,
1.29E06,2.73000000E+2,2.92643646E+2,-1.18888760E+0,
1.291E006,3.01000000E+2,2.92642151E+2,4.81738418E-1,
1.292E006,2.93000000E+2,2.92640686E+2,2.09913459E-2,
1.293E006,2.87000000E+2,2.92639221E+2,-3.32872719E-1,
1.294E006,3.30000000E+2,2.92637756E+2,2.05672383E+0,
1.295E006,2.81000000E+2,2.92636292E+2,-6.94162965E-1,
1.296E006,2.80000000E+2,2.92634857E+2,-7.55077124E-1,
1.297E006,2.89000000E+2,2.92633423E+2,-2.13730752E-1,
1.298E006,2.91000000E+2,2.92632019E+2,-9.56706479E-2,
1.299E006,3.10000000E+2,2.92630615E+2,9.86514747E-1,
1.3E06,3.03000000E+2,2.92629211E+2,5.95786273E-1,
1.301E006,2.89000000E+2,2.92627838E+2,-2.13402241E-1,
1.302E006,2.84000000E+2,2.92626465E+2,-5.11886537E-1,
1.303E006,2.90000000E+2,2.92625092E+2,-1.54150680E-1,
1.304E006,2.97000000E+2,2.92623749E+2,2.53935844E-1,
1.305E006,3.07000000E+2,2.92622406E+2,8.20572615E-1,
1.306E006,2.83000000E+2,2.92621094E+2,-5.71914673E-1,
1.307E006,2.74000000E+2,2.92619781E+2,-1.12486207E+0,
1.308E006,2.98000000E+2,2.92618469E+2,3.11743706E-1,
1.309E006,2.71000000E+2,2.92617157E+2,-1.31314874E+0,
1.31E06,2.88000000E+2,2.92615875E+2,-2.71993071E-1,
1.311E006,2.82000000E+2,2.92614594E+2,-6.32089853E-1,
1.312E006,2.91000000E+2,2.92613312E+2,-9.45740119E-2,
1.313E006,2.87000000E+2,2.92612061E+2,-3.31269473E-1,
1.314E006,2.92000000E+2,2.92610809E+2,-3.57449129E-2,
1.315E006,2.86000000E+2,2.92609589E+2,-3.90833169E-1,
1.316E006,3.14000000E+2,2.92608368E+2,1.20719969E+0,
1.317E006,3.15000000E+2,2.92607147E+2,1.26169431E+0,
1.318E006,3.37000000E+2,2.92605927E+2,2.41829920E+0,
1.319E006,3.26000000E+2,2.92604736E+2,1.84959257E+0,
1.32E06,3.07000000E+2,2.92603546E+2,8.21649015E-1,
1.321E006,2.69000000E+2,2.92602356E+2,-1.43906105E+0,
1.322E006,3.33000000E+2,2.92601166E+2,2.21384239E+0,
1.323E006,2.88000000E+2,2.92600006E+2,-2.71057963E-1,
1.324E006,2.70000000E+2,2.92598877E+2,-1.37532389E+0,
1.325E006,3.08000000E+2,2.92597717E+2,8.77626479E-1,
1.326E006,2.70000000E+2,2.92596588E+2,-1.37518454E+0,
1.327E006,2.73000000E+2,2.92595459E+2,-1.18597114E+0,
1.328E006,2.87000000E+2,2.92594330E+2,-3.30222845E-1,
1.329E006,3.15000000E+2,2.92593231E+2,1.26247835E+0,
1.33E06,2.65000000E+2,2.92592133E+2,-1.69497120E+0,
1.331E006,3.02000000E+2,2.92591034E+2,5.41425169E-1,
1.332E006,3.00000000E+2,2.92589935E+2,4.27820295E-1,
1.333E006,2.82000000E+2,2.92588867E+2,-6.30557835E-1,
1.334E006,2.97000000E+2,2.92587799E+2,2.56021857E-1,
1.335E006,2.62000000E+2,2.92586761E+2,-1.88965642E+0,
1.336E006,2.90000000E+2,2.92585693E+2,-1.51837140E-1,
1.337E006,2.69000000E+2,2.92584656E+2,-1.43798184E+0,
1.338E006,3.06000000E+2,2.92583618E+2,7.66963482E-1,
1.339E006,3.04000000E+2,2.92582581E+2,6.54833913E-1,
1.34E06,2.88000000E+2,2.92581573E+2,-2.69971818E-1,
1.341E006,3.20000000E+2,2.92580566E+2,1.53279293E+0,
1.342E006,2.95000000E+2,2.92579559E+2,1.40923500E-1,
1.343E006,3.03000000E+2,2.92578583E+2,5.98694801E-1,
1.344E006,3.04000000E+2,2.92577576E+2,6.55120969E-1,
1.345E006,2.69000000E+2,2.92576599E+2,-1.43749058E+0,
1.346E006,3.36000000E+2,2.92575623E+2,2.36899400E+0,
1.347E006,3.04000000E+2,2.92574677E+2,6.55287266E-1,
1.348E006,3.23000000E+2,2.92573730E+2,1.69296288E+0,
1.349E006,2.87000000E+2,2.92572754E+2,-3.28949273E-1,
1.35E06,3.01000000E+2,2.92571838E+2,4.85791147E-1,
1.351E006,2.88000000E+2,2.92570892E+2,-2.69342422E-1,
1.352E006,2.94000000E+2,2.92569977E+2,8.34006444E-2,
1.353E006,2.77000000E+2,2.92569061E+2,-9.35454249E-1,
1.354E006,2.78000000E+2,2.92568146E+2,-8.73739302E-1,
1.355E006,2.93000000E+2,2.92567230E+2,2.52826791E-2,
1.356E006,2.92000000E+2,2.92566345E+2,-3.31428461E-2,
1.357E006,2.81000000E+2,2.92565430E+2,-6.89935684E-1,
1.358E006,2.90000000E+2,2.92564545E+2,-1.50595248E-1,
1.359E006,3.03000000E+2,2.92563690E+2,5.99550366E-1,
1.36E06,2.96000000E+2,2.92562805E+2,1.99782893E-1,
1.361E006,2.76000000E+2,2.92561951E+2,-9.96912301E-1,
1.362E006,3.07000000E+2,2.92561096E+2,8.24071765E-1,
1.363E006,2.86000000E+2,2.92560242E+2,-3.87915224E-1,
1.364E006,2.93000000E+2,2.92559387E+2,2.57408731E-2,
1.365E006,3.24000000E+2,2.92558563E+2,1.74674654E+0,
1.366E006,3.04000000E+2,2.92557739E+2,6.56258643E-1,
1.367E006,2.68000000E+2,2.92556915E+2,-1.50005233E+0,
1.368E006,2.85000000E+2,2.92556091E+2,-4.47584212E-1,
1.369E006,2.98000000E+2,2.92555298E+2,3.15403134E-1,
1.37E06,2.76000000E+2,2.92554474E+2,-9.96462226E-1,
1.371E006,3.13000000E+2,2.92553680E+2,1.15569425E+0,
1.372E006,2.84000000E+2,2.92552887E+2,-5.07520437E-1,
1.373E006,2.86000000E+2,2.92552094E+2,-3.87433410E-1,
1.374E006,2.95000000E+2,2.92551331E+2,1.42567039E-1,
1.375E006,2.81000000E+2,2.92550537E+2,-6.89047277E-1,
1.376E006,3.35000000E+2,2.92549774E+2,2.31930351E+0,
1.377E006,2.98000000E+2,2.92549011E+2,3.15767288E-1,
1.378E006,2.85000000E+2,2.92548279E+2,-4.47121441E-1,
1.379E006,3.17000000E+2,2.92547516E+2,1.37338829E+0,
1.38E06,2.97000000E+2,2.92546783E+2,2.58401841E-1,
1.381E006,2.71000000E+2,2.92546051E+2,-1.30882943E+0,
1.382E006,2.78000000E+2,2.92545319E+2,-8.72370243E-1,
1.383E006,2.96000000E+2,2.92544586E+2,2.00841844E-1,
1.384E006,3.12000000E+2,2.92543854E+2,1.10148740E+0,
1.385E006,3.00000000E+2,2.92543152E+2,4.30521339E-1,
1.386E006,2.79000000E+2,2.92542419E+2,-8.10763419E-1,
1.387E006,3.05000000E+2,2.92541718E+2,7.13359177E-1,
1.388E006,2.68000000E+2,2.92541016E+2,-1.49908113E+0,
1.389E006,2.74000000E+2,2.92540344E+2,-1.12006319E+0,
1.39E06,2.93000000E+2,2.92539642E+2,2.68943813E-2,
1.391E006,3.05000000E+2,2.92538971E+2,7.13516474E-1,
1.392E006,2.98000000E+2,2.92538300E+2,3.16387802E-1,
1.393E006,2.82000000E+2,2.92537628E+2,-6.27506614E-1,
1.394E006,2.86000000E+2,2.92536957E+2,-3.86538357E-1,
1.395E006,2.82000000E+2,2.92536285E+2,-6.27426684E-1,
1.396E006,2.73000000E+2,2.92535645E+2,-1.18235099E+0,
1.397E006,3.10000000E+2,2.92534973E+2,9.91946876E-1,
1.398E006,3.20000000E+2,2.92534332E+2,1.53537750E+0,
1.399E006,2.90000000E+2,2.92533691E+2,-1.48783475E-1,
1.4E06,2.79000000E+2,2.92533051E+2,-8.10202539E-1,
1.401E006,3.02000000E+2,2.92532440E+2,5.44796824E-1,
1.402E006,3.04000000E+2,2.92531799E+2,6.57746434E-1,
1.403E006,3.00000000E+2,2.92531189E+2,4.31212008E-1,
1.404E006,3.23000000E+2,2.92530579E+2,1.69536388E+0,
1.405E006,2.85000000E+2,2.92529968E+2,-4.46036816E-1,
1.406E006,2.68000000E+2,2.92529358E+2,-1.49836898E+0,
1.407E006,2.94000000E+2,2.92528748E+2,8.58051851E-2,
1.408E006,2.57000000E+2,2.92528168E+2,-2.21618629E+0,
1.409E006,3.07000000E+2,2.92527557E+2,8.25985909E-1,
1.41E06,2.87000000E+2,2.92526978E+2,-3.26247156E-1,
1.411E006,3.23000000E+2,2.92526398E+2,1.69559658E+0,
1.412E006,3.30000000E+2,2.92525818E+2,2.06288576E+0,
1.413E006,3.07000000E+2,2.92525238E+2,8.26118290E-1,
1.414E006,2.92000000E+2,2.92524658E+2,-3.07032987E-2,
1.415E006,3.48000000E+2,2.92524109E+2,2.97381997E+0,
1.416E006,2.87000000E+2,2.92523560E+2,-3.26045424E-1,
1.417E006,2.91000000E+2,2.92522980E+2,-8.92786533E-2,
1.418E006,3.13000000E+2,2.92522430E+2,1.15746069E+0,
1.419E006,2.96000000E+2,2.92521881E+2,2.02161551E-1,
1.42E06,2.96000000E+2,2.92521362E+2,2.02191710E-1,
1.421E006,2.94000000E+2,2.92520813E+2,8.62679407E-2,
1.422E006,3.00000000E+2,2.92520264E+2,4.31842774E-1,
1.423E006,3.38000000E+2,2.92519745E+2,2.47379971E+0,
1.424E006,2.51000000E+2,2.92519226E+2,-2.62067032E+0,
1.425E006,2.68000000E+2,2.92518707E+2,-1.49771845E+0,
1.426E006,2.95000000E+2,2.92518188E+2,1.44496650E-1,
1.427E006,2.89000000E+2,2.92517670E+2,-2.06921756E-1,
1.428E006,2.80000000E+2,2.92517151E+2,-7.48042822E-1,
1.429E006,2.99000000E+2,2.92516632E+2,3.74942839E-1,
1.43E06,2.89000000E+2,2.92516144E+2,-2.06831992E-1,
1.431E006,2.92000000E+2,2.92515656E+2,-3.01764570E-2,
1.432E006,2.97000000E+2,2.92515167E+2,2.60236382E-1,
1.433E006,3.37000000E+2,2.92514648E+2,2.42327142E+0,
1.434E006,2.73000000E+2,2.92514160E+2,-1.18105066E+0,
1.435E006,3.06000000E+2,2.92513702E+2,7.70960331E-1,
1.436E006,2.72000000E+2,2.92513214E+2,-1.24379635E+0,
1.437E006,3.23000000E+2,2.92512726E+2,1.69635725E+0,
1.438E006,3.12000000E+2,2.92512268E+2,1.10327554E+0,
1.439E006,3.15000000E+2,2.92511810E+2,1.26706600E+0,
1.44E06,2.92000000E+2,2.92511322E+2,-2.99228579E-2,
1.441E006,2.68000000E+2,2.92510864E+2,-1.49723935E+0,
1.442E006,3.11000000E+2,2.92510406E+2,1.04844868E+0,
1.443E006,2.76000000E+2,2.92509949E+2,-9.93782163E-1,
1.444E006,2.61000000E+2,2.92509521E+2,-1.95039034E+0,
1.445E006,2.93000000E+2,2.92509064E+2,2.86808033E-2,
1.446E006,2.91000000E+2,2.92508636E+2,-8.84378403E-2,
1.447E006,2.98000000E+2,2.92508179E+2,3.18132669E-1,
1.448E006,2.69000000E+2,2.92507751E+2,-1.43329287E+0,
1.449E006,2.81000000E+2,2.92507324E+2,-6.86469436E-1,
1.45E06,3.15000000E+2,2.92506897E+2,1.26734281E+0,
1.451E006,2.95000000E+2,2.92506470E+2,1.45178944E-1,
1.452E006,2.73000000E+2,2.92506042E+2,-1.18055940E+0,
1.453E006,2.94000000E+2,2.92505615E+2,8.71542916E-2,
1.454E006,3.08000000E+2,2.92505188E+2,8.82898867E-1,
1.455E006,2.78000000E+2,2.92504791E+2,-8.69939566E-1,
1.456E006,2.82000000E+2,2.92504395E+2,-6.25527561E-1,
1.457E006,2.83000000E+2,2.92503967E+2,-5.64952195E-1,
1.458E006,2.84000000E+2,2.92503571E+2,-5.04594088E-1,
1.459E006,2.92000000E+2,2.92503174E+2,-2.94460207E-2,
1.46E06,2.81000000E+2,2.92502777E+2,-6.86198175E-1,
1.461E006,2.75000000E+2,2.92502380E+2,-1.05543327E+0,
1.462E006,2.67000000E+2,2.92501984E+2,-1.56069601E+0,
1.463E006,3.26000000E+2,2.92501617E+2,1.85530376E+0,
1.464E006,2.83000000E+2,2.92501221E+2,-5.64788938E-1,
1.465E006,3.02000000E+2,2.92500824E+2,5.46616137E-1,
1.466E006,2.76000000E+2,2.92500458E+2,-9.93210852E-1,
1.467E006,2.89000000E+2,2.92500092E+2,-2.05887735E-1,
1.468E006,2.98000000E+2,2.92499725E+2,3.18622351E-1,
1.469E006,3.00000000E+2,2.92499329E+2,4.33051467E-1,
1.47E06,3.33000000E+2,2.92498962E+2,2.21944332E+0,
1.471E006,2.78000000E+2,2.92498596E+2,-8.69568050E-1,
1.472E006,3.17000000E+2,2.92498260E+2,1.37615478E+0,
1.473E006,2.93000000E+2,2.92497894E+2,2.93333288E-2,
1.474E006,3.01000000E+2,2.92497528E+2,4.90074337E-1,
1.475E006,2.83000000E+2,2.92497192E+2,-5.64549506E-1,
1.476E006,2.96000000E+2,2.92496826E+2,2.03617841E-1,
1.477E006,3.29000000E+2,2.92496490E+2,2.01250362E+0,
1.478E006,2.72000000E+2,2.92496155E+2,-1.24276197E+0,
1.479E006,2.93000000E+2,2.92495789E+2,2.94563454E-2,
1.48E06,2.99000000E+2,2.92495453E+2,3.76167685E-1,
1.481E006,2.78000000E+2,2.92495117E+2,-8.69359374E-1,
1.482E006,3.09000000E+2,2.92494781E+2,9.38949108E-1,
1.483E006,3.12000000E+2,2.92494446E+2,1.10428452E+0,
1.484E006,2.91000000E+2,2.92494141E+2,-8.75880718E-2,
1.485E006,3.03000000E+2,2.92493805E+2,6.03565156E-1,
1.486E006,2.72000000E+2,2.92493469E+2,-1.24259913E+0,
1.487E006,3.08000000E+2,2.92493164E+2,8.83583963E-1,
1.488E006,2.79000000E+2,2.92492828E+2,-8.07794511E-1,
1.489E006,2.84000000E+2,2.92492523E+2,-5.03938556E-1,
1.49E06,2.66000000E+2,2.92492218E+2,-1.62434208E+0,
1.491E006,3.16000000E+2,2.92491913E+2,1.32243323E+0,
1.492E006,2.90000000E+2,2.92491577E+2,-1.46310449E-1,
1.493E006,2.69000000E+2,2.92491272E+2,-1.43228817E+0,
1.494E006,2.95000000E+2,2.92490967E+2,1.46081567E-1,
1.495E006,3.02000000E+2,2.92490692E+2,5.47199190E-1,
1.496E006,2.83000000E+2,2.92490387E+2,-5.64144969E-1,
1.497E006,2.81000000E+2,2.92490082E+2,-6.85440838E-1,
1.498E006,2.68000000E+2,2.92489777E+2,-1.49595118E+0,
1.499E006,2.94000000E+2,2.92489502E+2,8.80940333E-2,
1.5E06,3.06000000E+2,2.92489197E+2,7.72361219E-1,
1.501E006,2.88000000E+2,2.92488922E+2,-2.64512271E-1,
1.502E006,2.99000000E+2,2.92488647E+2,3.76561224E-1,
1.503E006,2.84000000E+2,2.92488342E+2,-5.03690422E-1,
1.504E006,3.06000000E+2,2.92488068E+2,7.72425771E-1,
1.505E006,2.98000000E+2,2.92487793E+2,3.19313586E-1,
1.506E006,2.93000000E+2,2.92487518E+2,2.99394988E-2,
1.507E006,2.74000000E+2,2.92487244E+2,-1.11685526E+0,
1.508E006,2.75000000E+2,2.92486969E+2,-1.05450392E+0,
1.509E006,2.90000000E+2,2.92486694E+2,-1.46023721E-1,
1.51E06,2.74000000E+2,2.92486420E+2,-1.11680543E+0,
1.511E006,2.79000000E+2,2.92486176E+2,-8.07396233E-1,
1.512E006,2.97000000E+2,2.92485901E+2,2.61934608E-1,
1.513E006,2.94000000E+2,2.92485626E+2,8.83200690E-2,
1.514E006,2.68000000E+2,2.92485382E+2,-1.49568272E+0,
1.515E006,2.98000000E+2,2.92485107E+2,3.19469154E-1,
1.516E006,2.92000000E+2,2.92484863E+2,-2.83744764E-2,
1.517E006,3.04000000E+2,2.92484619E+2,6.60452366E-1,
1.518E006,2.74000000E+2,2.92484344E+2,-1.11668003E+0,
1.519E006,2.69000000E+2,2.92484100E+2,-1.43185091E+0,
1.52E06,3.28000000E+2,2.92483856E+2,1.96105099E+0,
1.521E006,2.78000000E+2,2.92483612E+2,-8.68669331E-1,
1.522E006,2.90000000E+2,2.92483368E+2,-1.45828381E-1,
1.523E006,3.05000000E+2,2.92483124E+2,7.16714263E-1,
1.524E006,2.91000000E+2,2.92482880E+2,-8.69279429E-2,
1.525E006,3.25000000E+2,2.92482666E+2,1.80373716E+0,
1.526E006,3.03000000E+2,2.92482422E+2,6.04219079E-1,
1.527E006,2.67000000E+2,2.92482178E+2,-1.55948400E+0,
1.528E006,2.98000000E+2,2.92481934E+2,3.19653004E-1,
1.529E006,2.73000000E+2,2.92481720E+2,-1.17908728E+0,
1.53E06,2.79000000E+2,2.92481476E+2,-8.07114840E-1,
1.531E006,3.09000000E+2,2.92481262E+2,9.39718187E-1,
1.532E006,2.83000000E+2,2.92481049E+2,-5.63589811E-1,
1.533E006,2.72000000E+2,2.92480804E+2,-1.24183118E+0,
1.534E006,2.89000000E+2,2.92480591E+2,-2.04740644E-1,
1.535E006,3.11000000E+2,2.92480377E+2,1.05015147E+0,
1.536E006,2.68000000E+2,2.92480164E+2,-1.49536395E+0,
1.537E006,2.99000000E+2,2.92479919E+2,3.77065986E-1,
1.538E006,2.66000000E+2,2.92479706E+2,-1.62357497E+0,
1.539E006,2.79000000E+2,2.92479492E+2,-8.06996107E-1,
1.54E06,3.00000000E+2,2.92479309E+2,4.34207290E-1,
1.541E006,2.87000000E+2,2.92479095E+2,-3.23420793E-1,
1.542E006,2.88000000E+2,2.92478882E+2,-2.63920635E-1,
1.543E006,2.77000000E+2,2.92478668E+2,-9.30023015E-1,
1.544E006,2.88000000E+2,2.92478455E+2,-2.63895482E-1,
1.545E006,2.66000000E+2,2.92478271E+2,-1.62348700E+0,
1.546E006,2.93000000E+2,2.92478058E+2,3.04921847E-2,
1.547E006,2.93000000E+2,2.92477844E+2,3.05046644E-2,
1.548E006,3.13000000E+2,2.92477661E+2,1.15999115E+0,
1.549E006,2.69000000E+2,2.92477448E+2,-1.43144524E+0,
1.55E06,2.74000000E+2,2.92477264E+2,-1.11625230E+0,
1.551E006,2.68000000E+2,2.92477081E+2,-1.49517572E+0,
1.552E006,2.78000000E+2,2.92476868E+2,-8.68264854E-1,
1.553E006,2.80000000E+2,2.92476685E+2,-7.45624542E-1,
1.554E006,2.95000000E+2,2.92476501E+2,1.46923766E-1,
1.555E006,2.97000000E+2,2.92476318E+2,2.62490630E-1,
1.556E006,2.84000000E+2,2.92476135E+2,-5.02966106E-1,
1.557E006,2.76000000E+2,2.92475952E+2,-9.91735816E-1,
1.558E006,2.93000000E+2,2.92475739E+2,3.06276828E-2,
1.559E006,2.76000000E+2,2.92475586E+2,-9.91713762E-1,
1.56E06,2.81000000E+2,2.92475403E+2,-6.84565127E-1,
1.561E006,3.15000000E+2,2.92475220E+2,1.26912761E+0,
1.562E006,2.77000000E+2,2.92475037E+2,-9.29804862E-1,
1.563E006,3.10000000E+2,2.92474854E+2,9.95361447E-1,
1.564E006,2.93000000E+2,2.92474670E+2,3.06900814E-2,
1.565E006,2.82000000E+2,2.92474518E+2,-6.23748422E-1,
1.566E006,3.02000000E+2,2.92474335E+2,5.48140466E-1,
1.567E006,2.91000000E+2,2.92474152E+2,-8.64162967E-2,
1.568E006,2.93000000E+2,2.92473999E+2,3.07293050E-2,
1.569E006,3.22000000E+2,2.92473816E+2,1.64542997E+0,
1.57E06,2.69000000E+2,2.92473663E+2,-1.43121445E+0,
1.571E006,2.83000000E+2,2.92473480E+2,-5.63139975E-1,
1.572E006,2.79000000E+2,2.92473328E+2,-8.06627035E-1,
1.573E006,2.83000000E+2,2.92473175E+2,-5.63121796E-1,
1.574E006,2.94000000E+2,2.92472992E+2,8.90569165E-2,
1.575E006,2.93000000E+2,2.92472839E+2,3.07970531E-2,
1.576E006,3.12000000E+2,2.92472687E+2,1.10551643E+0,
1.577E006,2.73000000E+2,2.92472534E+2,-1.17853141E+0,
1.578E006,2.82000000E+2,2.92472351E+2,-6.23619437E-1,
1.579E006,2.62000000E+2,2.92472198E+2,-1.88257873E+0,
1.58E06,2.85000000E+2,2.92472046E+2,-4.42605793E-1,
1.581E006,2.99000000E+2,2.92471893E+2,3.77530158E-1,
1.582E006,2.78000000E+2,2.92471741E+2,-8.67957354E-1,
1.583E006,3.14000000E+2,2.92471588E+2,1.21491861E+0,
1.584E006,2.87000000E+2,2.92471436E+2,-3.22968632E-1,
1.585E006,3.29000000E+2,2.92471283E+2,2.01389337E+0,
1.586E006,2.71000000E+2,2.92471161E+2,-1.30428016E+0,
1.587E006,2.75000000E+2,2.92471008E+2,-1.05354142E+0,
1.588E006,3.30000000E+2,2.92470856E+2,2.06591129E+0,
1.589E006,3.03000000E+2,2.92470703E+2,6.04892313E-1,
1.59E06,2.96000000E+2,2.92470581E+2,2.05143318E-1,
1.591E006,2.88000000E+2,2.92470428E+2,-2.63422519E-1,
1.592E006,2.96000000E+2,2.92470276E+2,2.05161050E-1,
1.593E006,2.93000000E+2,2.92470154E+2,3.09539437E-2,
1.594E006,2.99000000E+2,2.92470001E+2,3.77639592E-1,
1.595E006,3.04000000E+2,2.92469879E+2,6.61297798E-1,
1.596E006,2.71000000E+2,2.92469727E+2,-1.30419302E+0,
1.597E006,2.80000000E+2,2.92469604E+2,-7.45201409E-1,
1.598E006,2.89000000E+2,2.92469452E+2,-2.04085410E-1,
1.599E006,3.04000000E+2,2.92469330E+2,6.61329269E-1,
1.6E06,3.01000000E+2,2.92469208E+2,4.91706669E-1,
1.601E006,2.98000000E+2,2.92469055E+2,3.20399046E-1,
1.602E006,2.91000000E+2,2.92468933E+2,-8.61103833E-2,
1.603E006,2.77000000E+2,2.92468811E+2,-9.29430783E-1,
1.604E006,2.94000000E+2,2.92468689E+2,8.93078744E-2,
1.605E006,2.74000000E+2,2.92468567E+2,-1.11572695E+0,
1.606E006,2.87000000E+2,2.92468414E+2,-3.22790295E-1,
1.607E006,2.88000000E+2,2.92468292E+2,-2.63296634E-1,
1.608E006,2.78000000E+2,2.92468170E+2,-8.67743194E-1,
1.609E006,3.23000000E+2,2.92468048E+2,1.69884324E+0,
1.61E06,2.88000000E+2,2.92467926E+2,-2.63275057E-1,
1.611E006,2.89000000E+2,2.92467804E+2,-2.03988478E-1,
1.612E006,3.18000000E+2,2.92467682E+2,1.43178129E+0,
1.613E006,3.18000000E+2,2.92467560E+2,1.43178809E+0,
1.614E006,2.66000000E+2,2.92467468E+2,-1.62282467E+0,
1.615E006,2.93000000E+2,2.92467346E+2,3.11179664E-2,
1.616E006,3.04000000E+2,2.92467224E+2,6.61450088E-1,
1.617E006,2.73000000E+2,2.92467102E+2,-1.17820263E+0,
1.618E006,3.12000000E+2,2.92466980E+2,1.10583949E+0,
1.619E006,3.08000000E+2,2.92466888E+2,8.85081172E-1,
1.62E06,2.99000000E+2,2.92466766E+2,3.77826661E-1,
1.621E006,2.69000000E+2,2.92466644E+2,-1.43078649E+0,
1.622E006,2.96000000E+2,2.92466553E+2,2.05377460E-1,
1.623E006,3.32000000E+2,2.92466431E+2,2.16968656E+0,
1.624E006,3.10000000E+2,2.92466309E+2,9.95846748E-1,
1.625E006,2.77000000E+2,2.92466217E+2,-9.29274917E-1,
1.626E006,2.63000000E+2,2.92466095E+2,-1.81695724E+0,
1.627E006,2.77000000E+2,2.92466003E+2,-9.29262102E-1,
1.628E006,2.79000000E+2,2.92465881E+2,-8.06181252E-1,
1.629E006,2.77000000E+2,2.92465790E+2,-9.29249227E-1,
1.63E06,2.84000000E+2,2.92465668E+2,-5.02344966E-1,
1.631E006,2.95000000E+2,2.92465576E+2,1.47559866E-1,
1.632E006,3.08000000E+2,2.92465485E+2,8.85161161E-1,
1.633E006,2.82000000E+2,2.92465363E+2,-6.23203278E-1,
1.634E006,2.84000000E+2,2.92465271E+2,-5.02321422E-1,
1.635E006,3.19000000E+2,2.92465179E+2,1.48566473E+0,
1.636E006,3.10000000E+2,2.92465057E+2,9.95917797E-1,
1.637E006,3.20000000E+2,2.92464966E+2,1.53925526E+0,
1.638E006,2.69000000E+2,2.92464874E+2,-1.43067861E+0,
1.639E006,3.07000000E+2,2.92464783E+2,8.29568624E-1,
1.64E06,2.88000000E+2,2.92464691E+2,-2.63084441E-1,
1.641E006,3.03000000E+2,2.92464569E+2,6.05244696E-1,
1.642E006,3.00000000E+2,2.92464478E+2,4.35063601E-1,
1.643E006,2.99000000E+2,2.92464386E+2,3.77964318E-1,
1.644E006,2.78000000E+2,2.92464294E+2,-8.67510736E-1,
1.645E006,2.66000000E+2,2.92464203E+2,-1.62262440E+0,
1.646E006,3.17000000E+2,2.92464111E+2,1.37807286E+0,
1.647E006,2.75000000E+2,2.92464020E+2,-1.05312002E+0,
1.648E006,3.02000000E+2,2.92463928E+2,5.48739254E-1,
1.649E006,2.82000000E+2,2.92463837E+2,-6.23112381E-1,
1.65E06,2.94000000E+2,2.92463745E+2,8.95962045E-2,
1.651E006,2.85000000E+2,2.92463654E+2,-4.42108691E-1,
1.652E006,3.01000000E+2,2.92463593E+2,4.92030352E-1,
1.653E006,2.66000000E+2,2.92463501E+2,-1.62258136E+0,
1.654E006,2.85000000E+2,2.92463409E+2,-4.42094237E-1,
1.655E006,2.85000000E+2,2.92463318E+2,-4.42088813E-1,
1.656E006,3.01000000E+2,2.92463226E+2,4.92051452E-1,
1.657E006,2.50000000E+2,2.92463135E+2,-2.68560457E+0,
1.658E006,2.56000000E+2,2.92463074E+2,-2.27894211E+0,
1.659E006,3.06000000E+2,2.92462982E+2,7.73859799E-1,
1.66E06,3.26000000E+2,2.92462891E+2,1.85744870E+0,
1.661E006,2.78000000E+2,2.92462830E+2,-8.67422879E-1,
1.662E006,3.02000000E+2,2.92462738E+2,5.48807740E-1,
1.663E006,3.16000000E+2,2.92462646E+2,1.32407963E+0,
1.664E006,2.52000000E+2,2.92462585E+2,-2.54890347E+0,
1.665E006,2.67000000E+2,2.92462494E+2,-1.55827928E+0,
1.666E006,3.29000000E+2,2.92462402E+2,2.01438308E+0,
1.667E006,3.04000000E+2,2.92462341E+2,6.61730111E-1,
1.668E006,2.65000000E+2,2.92462250E+2,-1.68699265E+0,
1.669E006,3.10000000E+2,2.92462189E+2,9.96080756E-1,
1.67E06,2.97000000E+2,2.92462097E+2,2.63315827E-1,
1.671E006,2.90000000E+2,2.92462036E+2,-1.44575745E-1,
1.672E006,2.90000000E+2,2.92461945E+2,-1.44570366E-1,
1.673E006,3.47000000E+2,2.92461884E+2,2.92775941E+0,
1.674E006,3.13000000E+2,2.92461823E+2,1.16088641E+0,
1.675E006,2.79000000E+2,2.92461731E+2,-8.05932760E-1,
1.676E006,2.82000000E+2,2.92461670E+2,-6.22983396E-1,
1.677E006,2.61000000E+2,2.92461578E+2,-1.94742274E+0,
1.678E006,2.73000000E+2,2.92461517E+2,-1.17786467E+0,
1.679E006,2.73000000E+2,2.92461456E+2,-1.17786098E+0,
1.68E06,2.69000000E+2,2.92461365E+2,-1.43046463E+0,
1.681E006,2.97000000E+2,2.92461304E+2,2.63361871E-1,
1.682E006,2.86000000E+2,2.92461243E+2,-3.82061273E-1,
1.683E006,3.04000000E+2,2.92461182E+2,6.61796629E-1,
1.684E006,2.82000000E+2,2.92461090E+2,-6.22948825E-1,
1.685E006,2.67000000E+2,2.92461029E+2,-1.55818963E+0,
1.686E006,2.84000000E+2,2.92460968E+2,-5.02066076E-1,
1.687E006,3.14000000E+2,2.92460907E+2,1.21552134E+0,
1.688E006,3.02000000E+2,2.92460846E+2,5.48916638E-1,
1.689E006,2.93000000E+2,2.92460754E+2,3.15030627E-2,
1.69E06,3.15000000E+2,2.92460693E+2,1.26994610E+0,
1.691E006,3.15000000E+2,2.92460632E+2,1.26994956E+0,
1.692E006,2.76000000E+2,2.92460571E+2,-9.90809977E-1,
1.693E006,2.86000000E+2,2.92460510E+2,-3.82017970E-1,
1.694E006,2.94000000E+2,2.92460449E+2,8.97884220E-2,
1.695E006,2.49000000E+2,2.92460388E+2,-2.75419021E+0,
1.696E006,2.78000000E+2,2.92460327E+2,-8.67272794E-1,
1.697E006,2.99000000E+2,2.92460266E+2,3.78202587E-1,
1.698E006,2.93000000E+2,2.92460205E+2,3.15351561E-2,
1.699E006,2.87000000E+2,2.92460144E+2,-3.22302103E-1,
1.7E06,2.69000000E+2,2.92460083E+2,-1.43038654E+0,
1.701E006,2.93000000E+2,2.92460022E+2,3.15458514E-2,
1.702E006,2.61000000E+2,2.92459961E+2,-1.94732273E+0,
1.703E006,2.64000000E+2,2.92459900E+2,-1.75158584E+0,
1.704E006,2.87000000E+2,2.92459839E+2,-3.22284102E-1,
1.705E006,2.75000000E+2,2.92459778E+2,-1.05286419E+0,
1.706E006,2.94000000E+2,2.92459717E+2,8.98311362E-2,
1.707E006,2.78000000E+2,2.92459656E+2,-8.67232561E-1,
1.708E006,2.97000000E+2,2.92459625E+2,2.63459265E-1,
1.709E006,2.87000000E+2,2.92459564E+2,-3.22267890E-1,
1.71E06,2.96000000E+2,2.92459503E+2,2.05787197E-1,
1.711E006,2.89000000E+2,2.92459442E+2,-2.03496605E-1,
1.712E006,3.16000000E+2,2.92459381E+2,1.32426333E+0,
1.713E006,2.92000000E+2,2.92459320E+2,-2.68796738E-2,
1.714E006,3.11000000E+2,2.92459290E+2,1.05134726E+0,
1.715E006,2.83000000E+2,2.92459229E+2,-5.62292755E-1,
1.716E006,2.82000000E+2,2.92459167E+2,-6.22834325E-1,
1.717E006,2.91000000E+2,2.92459106E+2,-8.55343342E-2,
1.718E006,2.68000000E+2,2.92459076E+2,-1.49407589E+0,
1.719E006,2.89000000E+2,2.92459015E+2,-2.03471467E-1,
1.72E06,3.39000000E+2,2.92458954E+2,2.52776265E+0,
1.721E006,3.23000000E+2,2.92458923E+2,1.69935095E+0,
1.722E006,2.81000000E+2,2.92458862E+2,-6.83578432E-1,
1.723E006,3.10000000E+2,2.92458801E+2,9.96273160E-1,
1.724E006,2.89000000E+2,2.92458771E+2,-2.03457102E-1,
1.725E006,2.88000000E+2,2.92458710E+2,-2.62731999E-1,
1.726E006,3.06000000E+2,2.92458649E+2,7.74107516E-1,
1.727E006,2.47000000E+2,2.92458618E+2,-2.89246273E+0,
1.728E006,2.59000000E+2,2.92458557E+2,-2.07901359E+0,
1.729E006,3.02000000E+2,2.92458527E+2,5.49050093E-1,
1.73E06,3.05000000E+2,2.92458466E+2,7.18126178E-1,
1.731E006,2.73000000E+2,2.92458435E+2,-1.17767811E+0,
1.732E006,2.89000000E+2,2.92458374E+2,-2.03433767E-1,
1.733E006,2.99000000E+2,2.92458344E+2,3.78313750E-1,
1.734E006,2.86000000E+2,2.92458282E+2,-3.81886244E-1,
1.735E006,3.10000000E+2,2.92458252E+2,9.96304333E-1,
1.736E006,3.01000000E+2,2.92458191E+2,4.92341697E-1,
1.737E006,2.62000000E+2,2.92458160E+2,-1.88171148E+0,
1.738E006,3.25000000E+2,2.92458099E+2,1.80509984E+0,
1.739E006,2.94000000E+2,2.92458069E+2,8.99272487E-2,
1.74E06,2.69000000E+2,2.92458008E+2,-1.43025994E+0,
1.741E006,3.04000000E+2,2.92457977E+2,6.61980391E-1,
1.742E006,2.89000000E+2,2.92457916E+2,-2.03406841E-1,
1.743E006,2.86000000E+2,2.92457886E+2,-3.81862789E-1,
1.744E006,2.84000000E+2,2.92457855E+2,-5.01881361E-1,
1.745E006,2.95000000E+2,2.92457794E+2,1.48012951E-1,
1.746E006,2.70000000E+2,2.92457764E+2,-1.36673594E+0,
1.747E006,2.95000000E+2,2.92457703E+2,1.48018271E-1,
1.748E006,3.28000000E+2,2.92457672E+2,1.96249676E+0,
1.749E006,2.84000000E+2,2.92457642E+2,-5.01868665E-1,
1.75E06,2.61000000E+2,2.92457581E+2,-1.94717538E+0,
1.751E006,3.21000000E+2,2.92457550E+2,1.59308422E+0,
1.752E006,3.18000000E+2,2.92457520E+2,1.43235111E+0,
1.753E006,3.02000000E+2,2.92457458E+2,5.49111545E-1,
1.754E006,2.83000000E+2,2.92457428E+2,-5.62185764E-1,
1.755E006,2.65000000E+2,2.92457397E+2,-1.68669450E+0,
1.756E006,3.32000000E+2,2.92457367E+2,2.17018390E+0,
1.757E006,2.66000000E+2,2.92457306E+2,-1.62220156E+0,
1.758E006,2.75000000E+2,2.92457275E+2,-1.05271327E+0,
1.759E006,2.87000000E+2,2.92457245E+2,-3.22130978E-1,
1.76E06,2.63000000E+2,2.92457214E+2,-1.81640959E+0,
1.761E006,3.39000000E+2,2.92457153E+2,2.52786040E+0,
1.762E006,2.83000000E+2,2.92457123E+2,-5.62167585E-1,
1.763E006,3.05000000E+2,2.92457092E+2,7.18204796E-1,
1.764E006,2.81000000E+2,2.92457062E+2,-6.83471024E-1,
1.765E006,2.88000000E+2,2.92457031E+2,-2.62633085E-1,
1.766E006,2.87000000E+2,2.92456970E+2,-3.22114766E-1,
1.767E006,2.86000000E+2,2.92456940E+2,-3.81806850E-1,
1.768E006,3.11000000E+2,2.92456909E+2,1.05148220E+0,
1.769E006,2.80000000E+2,2.92456879E+2,-7.44440913E-1,
1.77E06,2.80000000E+2,2.92456848E+2,-7.44439065E-1,
1.771E006,2.88000000E+2,2.92456818E+2,-2.62620509E-1,
1.772E006,2.72000000E+2,2.92456787E+2,-1.24037492E+0,
1.773E006,2.90000000E+2,2.92456726E+2,-1.44263923E-1,
1.774E006,3.04000000E+2,2.92456696E+2,6.62053943E-1,
1.775E006,3.12000000E+2,2.92456665E+2,1.10642350E+0,
1.776E006,2.92000000E+2,2.92456635E+2,-2.67225131E-2,
1.777E006,2.81000000E+2,2.92456604E+2,-6.83443666E-1,
1.778E006,2.96000000E+2,2.92456573E+2,2.05957487E-1,
1.779E006,2.96000000E+2,2.92456543E+2,2.05959260E-1,
1.78E06,2.58000000E+2,2.92456512E+2,-2.14516878E+0,
1.781E006,3.01000000E+2,2.92456482E+2,4.92440194E-1,
1.782E006,3.04000000E+2,2.92456451E+2,6.62067890E-1,
1.783E006,2.93000000E+2,2.92456421E+2,3.17562297E-2,
1.784E006,3.01000000E+2,2.92456390E+2,4.92445469E-1,
1.785E006,2.82000000E+2,2.92456360E+2,-6.22667134E-1,
1.786E006,3.05000000E+2,2.92456329E+2,7.18248487E-1,
1.787E006,3.18000000E+2,2.92456299E+2,1.43241966E+0,
1.788E006,2.88000000E+2,2.92456268E+2,-2.62588143E-1,
1.789E006,2.80000000E+2,2.92456238E+2,-7.44402587E-1,
1.79E06,3.19000000E+2,2.92456207E+2,1.48616707E+0,
1.791E006,2.73000000E+2,2.92456177E+2,-1.17754138E+0,
1.792E006,2.92000000E+2,2.92456146E+2,-2.66939402E-2,
1.793E006,2.65000000E+2,2.92456116E+2,-1.68661582E+0,
1.794E006,2.84000000E+2,2.92456085E+2,-5.01776338E-1,
1.795E006,2.76000000E+2,2.92456055E+2,-9.90538120E-1,
1.796E006,2.79000000E+2,2.92456024E+2,-8.05591106E-1,
1.797E006,2.82000000E+2,2.92455994E+2,-6.22645378E-1,
1.798E006,3.04000000E+2,2.92455963E+2,6.62095904E-1,
1.799E006,2.79000000E+2,2.92455933E+2,-8.05585623E-1,
1.8E06,2.98000000E+2,2.92455902E+2,3.21160972E-1,
1.801E006,2.83000000E+2,2.92455872E+2,-5.62093198E-1,
1.802E006,2.79000000E+2,2.92455872E+2,-8.05581987E-1,
1.803E006,2.93000000E+2,2.92455841E+2,3.17901038E-2,
1.804E006,3.26000000E+2,2.92455811E+2,1.85784078E+0,
1.805E006,2.95000000E+2,2.92455780E+2,1.48130208E-1,
1.806E006,2.87000000E+2,2.92455750E+2,-3.22042704E-1,
1.807E006,2.83000000E+2,2.92455719E+2,-5.62084138E-1,
1.808E006,2.71000000E+2,2.92455688E+2,-1.30334032E+0,
1.809E006,2.72000000E+2,2.92455688E+2,-1.24030828E+0,
1.81E06,2.79000000E+2,2.92455658E+2,-8.05569172E-1,
1.811E006,2.66000000E+2,2.92455627E+2,-1.62209857E+0,
1.812E006,3.07000000E+2,2.92455597E+2,8.30092907E-1,
1.813E006,3.14000000E+2,2.92455566E+2,1.21582270E+0,
1.814E006,3.01000000E+2,2.92455536E+2,4.92494732E-1,
1.815E006,2.82000000E+2,2.92455536E+2,-6.22618079E-1,
1.816E006,3.16000000E+2,2.92455505E+2,1.32448137E+0,
1.817E006,3.03000000E+2,2.92455475E+2,6.05767131E-1,
1.818E006,2.86000000E+2,2.92455444E+2,-3.81718427E-1,
1.819E006,3.20000000E+2,2.92455444E+2,1.53978753E+0,
1.82E06,2.73000000E+2,2.92455414E+2,-1.17749524E+0,
1.821E006,2.75000000E+2,2.92455383E+2,-1.05259919E+0,
1.822E006,2.65000000E+2,2.92455353E+2,-1.68656898E+0,
1.823E006,3.11000000E+2,2.92455322E+2,1.05157220E+0,
1.824E006,2.85000000E+2,2.92455322E+2,-4.41615194E-1,
1.825E006,3.07000000E+2,2.92455292E+2,8.30110312E-1,
1.826E006,3.11000000E+2,2.92455261E+2,1.05157566E+0,
1.827E006,2.78000000E+2,2.92455261E+2,-8.66968989E-1,
1.828E006,2.76000000E+2,2.92455231E+2,-9.90488529E-1,
1.829E006,3.29000000E+2,2.92455200E+2,2.01478004E+0,
1.83E06,2.98000000E+2,2.92455170E+2,3.21203411E-1,
1.831E006,3.09000000E+2,2.92455170E+2,9.41202521E-1,
1.832E006,3.38000000E+2,2.92455139E+2,2.47731376E+0,
1.833E006,3.24000000E+2,2.92455109E+2,1.75249398E+0,
1.834E006,2.72000000E+2,2.92455109E+2,-1.24027312E+0,
1.835E006,2.82000000E+2,2.92455078E+2,-6.22590840E-1,
1.836E006,2.99000000E+2,2.92455048E+2,3.78504366E-1,
1.837E006,2.80000000E+2,2.92455048E+2,-7.44331479E-1,
1.838E006,2.57000000E+2,2.92455017E+2,-2.21162319E+0,
1.839E006,2.99000000E+2,2.92454987E+2,3.78507912E-1,
1.84E06,3.14000000E+2,2.92454987E+2,1.21585548E+0,
1.841E006,2.92000000E+2,2.92454956E+2,-2.66242884E-2,
1.842E006,2.88000000E+2,2.92454926E+2,-2.62509018E-1,
1.843E006,2.93000000E+2,2.92454926E+2,3.18435915E-2,
1.844E006,3.00000000E+2,2.92454895E+2,4.35616851E-1,
1.845E006,3.02000000E+2,2.92454865E+2,5.49260855E-1,
1.846E006,3.18000000E+2,2.92454865E+2,1.43250000E+0,
1.847E006,2.95000000E+2,2.92454834E+2,1.48185298E-1,
1.848E006,2.89000000E+2,2.92454803E+2,-2.03223735E-1,
1.849E006,2.81000000E+2,2.92454803E+2,-6.83336258E-1,
1.85E06,3.11000000E+2,2.92454773E+2,1.05160332E+0,
1.851E006,3.11000000E+2,2.92454773E+2,1.05160332E+0,
1.852E006,2.83000000E+2,2.92454742E+2,-5.62026083E-1,
1.853E006,3.18000000E+2,2.92454712E+2,1.43250859E+0,
1.854E006,3.00000000E+2,2.92454712E+2,4.35627431E-1,
1.855E006,3.02000000E+2,2.92454681E+2,5.49271345E-1,
1.856E006,2.69000000E+2,2.92454681E+2,-1.43005717E+0,
1.857E006,3.06000000E+2,2.92454651E+2,7.74336100E-1,
1.858E006,2.58000000E+2,2.92454651E+2,-2.14505291E+0,
1.859E006,3.06000000E+2,2.92454620E+2,7.74337828E-1,
1.86E06,2.94000000E+2,2.92454590E+2,9.01301503E-2,
1.861E006,2.96000000E+2,2.92454590E+2,2.06072778E-1,
1.862E006,2.65000000E+2,2.92454559E+2,-1.68652022E+0,
1.863E006,2.92000000E+2,2.92454559E+2,-2.66010724E-2,
1.864E006,3.13000000E+2,2.92454529E+2,1.16129863E+0,
1.865E006,2.85000000E+2,2.92454529E+2,-4.41568196E-1,
1.866E006,2.77000000E+2,2.92454498E+2,-9.28570807E-1,
1.867E006,2.88000000E+2,2.92454498E+2,-2.62483835E-1,
1.868E006,2.86000000E+2,2.92454468E+2,-3.81660670E-1,
1.869E006,2.81000000E+2,2.92454468E+2,-6.83316231E-1,
1.87E06,3.03000000E+2,2.92454437E+2,6.05826735E-1,
1.871E006,2.94000000E+2,2.92454437E+2,9.01390463E-2,
1.872E006,2.82000000E+2,2.92454407E+2,-6.22550845E-1,
1.873E006,3.11000000E+2,2.92454376E+2,1.05162585E+0,
1.874E006,3.10000000E+2,2.92454376E+2,9.96524453E-1,
1.875E006,3.22000000E+2,2.92454346E+2,1.64651501E+0,
1.876E006,2.93000000E+2,2.92454346E+2,3.18774655E-2,
1.877E006,2.86000000E+2,2.92454315E+2,-3.81651670E-1,
1.878E006,3.03000000E+2,2.92454315E+2,6.05833769E-1,
1.879E006,3.09000000E+2,2.92454315E+2,9.41251159E-1,
1.88E06,2.94000000E+2,2.92454285E+2,9.01479498E-2,
1.881E006,2.99000000E+2,2.92454285E+2,3.78548503E-1,
1.882E006,2.94000000E+2,2.92454254E+2,9.01497304E-2,
1.883E006,3.11000000E+2,2.92454254E+2,1.05163276E+0,
1.884E006,3.08000000E+2,2.92454224E+2,8.85802805E-1,
1.885E006,3.15000000E+2,2.92454224E+2,1.27031064E+0,
1.886E006,2.81000000E+2,2.92454193E+2,-6.83299899E-1,
1.887E006,3.05000000E+2,2.92454193E+2,7.18370795E-1,
1.888E006,2.97000000E+2,2.92454163E+2,2.63776243E-1,
1.889E006,2.76000000E+2,2.92454163E+2,-9.90424216E-1,
1.89E06,2.88000000E+2,2.92454132E+2,-2.62462258E-1,
1.891E006,3.12000000E+2,2.92454132E+2,1.10656691E+0,
1.892E006,3.03000000E+2,2.92454132E+2,6.05844319E-1,
1.893E006,2.85000000E+2,2.92454102E+2,-4.41542864E-1,
1.894E006,2.99000000E+2,2.92454102E+2,3.78559083E-1,
1.895E006,2.85000000E+2,2.92454071E+2,-4.41541076E-1,
1.896E006,2.80000000E+2,2.92454071E+2,-7.44273126E-1,
1.897E006,2.91000000E+2,2.92454041E+2,-8.52373689E-2,
1.898E006,3.24000000E+2,2.92454041E+2,1.75255334E+0,
1.899E006,2.88000000E+2,2.92454041E+2,-2.62456864E-1,
1.9E06,3.15000000E+2,2.92454010E+2,1.27032268E+0,
1.901E006,2.93000000E+2,2.92454010E+2,3.18970755E-2,
1.902E006,2.86000000E+2,2.92453979E+2,-3.81631792E-1,
1.903E006,2.94000000E+2,2.92453979E+2,9.01657492E-2,
1.904E006,3.09000000E+2,2.92453979E+2,9.41270232E-1,
1.905E006,2.75000000E+2,2.92453949E+2,-1.05251276E+0,
1.906E006,3.26000000E+2,2.92453949E+2,1.85794389E+0,
1.907E006,2.74000000E+2,2.92453918E+2,-1.11484194E+0,
1.908E006,3.09000000E+2,2.92453918E+2,9.41273689E-1,
1.909E006,2.99000000E+2,2.92453918E+2,3.78569663E-1,
1.91E06,3.10000000E+2,2.92453888E+2,9.96552169E-1,
1.911E006,2.96000000E+2,2.92453888E+2,2.06113577E-1,
1.912E006,2.92000000E+2,2.92453857E+2,-2.65599973E-2,
1.913E006,3.06000000E+2,2.92453857E+2,7.74381459E-1,
1.914E006,2.60000000E+2,2.92453857E+2,-2.01270270E+0,
1.915E006,2.93000000E+2,2.92453827E+2,3.19077708E-2,
1.916E006,2.83000000E+2,2.92453827E+2,-5.61971664E-1,
1.917E006,2.97000000E+2,2.92453827E+2,2.63795704E-1,
1.918E006,3.01000000E+2,2.92453796E+2,4.92594987E-1,
1.919E006,2.69000000E+2,2.92453796E+2,-1.43000317E+0,
1.92E06,3.10000000E+2,2.92453796E+2,9.96557415E-1,
1.921E006,2.80000000E+2,2.92453766E+2,-7.44254887E-1,
1.922E006,2.85000000E+2,2.92453766E+2,-4.41522986E-1,
1.923E006,3.00000000E+2,2.92453766E+2,4.35682029E-1,
1.924E006,3.12000000E+2,2.92453735E+2,1.10658932E+0,
1.925E006,2.75000000E+2,2.92453735E+2,-1.05249989E+0,
1.926E006,3.03000000E+2,2.92453735E+2,6.05867088E-1,
1.927E006,2.79000000E+2,2.92453705E+2,-8.05452228E-1,
1.928E006,2.87000000E+2,2.92453705E+2,-3.21922034E-1,
1.929E006,2.74000000E+2,2.92453705E+2,-1.11482906E+0,
1.93E06,3.17000000E+2,2.92453674E+2,1.37865901E+0,
1.931E006,2.83000000E+2,2.92453674E+2,-5.61962605E-1,
1.932E006,2.80000000E+2,2.92453674E+2,-7.44249403E-1,
1.933E006,2.75000000E+2,2.92453644E+2,-1.05249429E+0,
1.934E006,2.94000000E+2,2.92453644E+2,9.01853219E-2,
1.935E006,3.02000000E+2,2.92453644E+2,5.49331069E-1,
1.936E006,2.76000000E+2,2.92453613E+2,-9.90391135E-1,
1.937E006,3.15000000E+2,2.92453613E+2,1.27034497E+0,
1.938E006,2.81000000E+2,2.92453613E+2,-6.83265269E-1,
1.939E006,2.97000000E+2,2.92453583E+2,2.63809890E-1,
1.94E06,2.76000000E+2,2.92453583E+2,-9.90389287E-1,
1.941E006,2.66000000E+2,2.92453583E+2,-1.62197328E+0,
1.942E006,2.76000000E+2,2.92453583E+2,-9.90389287E-1,
1.943E006,3.07000000E+2,2.92453552E+2,8.30209613E-1,
1.944E006,3.06000000E+2,2.92453552E+2,7.74398863E-1,
1.945E006,2.70000000E+2,2.92453552E+2,-1.36647964E+0,
1.946E006,2.92000000E+2,2.92453522E+2,-2.65403520E-2,
1.947E006,2.74000000E+2,2.92453522E+2,-1.11481798E+0,
1.948E006,2.67000000E+2,2.92453522E+2,-1.55773020E+0,
1.949E006,2.90000000E+2,2.92453522E+2,-1.44075751E-1,
1.95E06,2.89000000E+2,2.92453491E+2,-2.03146547E-1,
1.951E006,2.85000000E+2,2.92453491E+2,-4.41506714E-1,
1.952E006,3.02000000E+2,2.92453491E+2,5.49339831E-1,
1.953E006,2.70000000E+2,2.92453461E+2,-1.36647403E+0,
1.954E006,2.59000000E+2,2.92453461E+2,-2.07869697E+0,
1.955E006,2.72000000E+2,2.92453461E+2,-1.24017322E+0,
1.956E006,2.81000000E+2,2.92453461E+2,-6.83256209E-1,
1.957E006,2.94000000E+2,2.92453430E+2,9.01977792E-2,
1.958E006,2.59000000E+2,2.92453430E+2,-2.07869506E+0,
1.959E006,2.70000000E+2,2.92453430E+2,-1.36647224E+0,
1.96E06,3.10000000E+2,2.92453430E+2,9.96578217E-1,
1.961E006,2.91000000E+2,2.92453400E+2,-8.51997957E-2,
1.962E006,2.53000000E+2,2.92453400E+2,-2.48041415E+0,
1.963E006,2.83000000E+2,2.92453400E+2,-5.61946273E-1,
1.964E006,2.88000000E+2,2.92453400E+2,-2.62419105E-1,
1.965E006,3.14000000E+2,2.92453369E+2,1.21594667E+0,
1.966E006,3.10000000E+2,2.92453369E+2,9.96581674E-1,
1.967E006,3.00000000E+2,2.92453369E+2,4.35704947E-1,
1.968E006,2.91000000E+2,2.92453369E+2,-8.51980075E-2,
1.969E006,2.88000000E+2,2.92453339E+2,-2.62415498E-1,
1.97E06,2.85000000E+2,2.92453339E+2,-4.41497684E-1,
1.971E006,3.23000000E+2,2.92453339E+2,1.69966173E+0,
1.972E006,2.90000000E+2,2.92453339E+2,-1.44065008E-1,
1.973E006,2.93000000E+2,2.92453308E+2,3.19380797E-2,
1.974E006,3.04000000E+2,2.92453308E+2,6.62248194E-1,
1.975E006,2.90000000E+2,2.92453308E+2,-1.44063219E-1,
1.976E006,3.09000000E+2,2.92453308E+2,9.41308439E-1,
1.977E006,2.97000000E+2,2.92453308E+2,2.63825834E-1,
1.978E006,2.86000000E+2,2.92453278E+2,-3.81590307E-1,
1.979E006,2.96000000E+2,2.92453278E+2,2.06149057E-1,
1.98E06,2.88000000E+2,2.92453278E+2,-2.62411892E-1,
1.981E006,2.82000000E+2,2.92453278E+2,-6.22483611E-1,
1.982E006,2.97000000E+2,2.92453247E+2,2.63829350E-1,
1.983E006,2.95000000E+2,2.92453247E+2,1.48277685E-1,
1.984E006,2.93000000E+2,2.92453247E+2,3.19416486E-2,
1.985E006,2.96000000E+2,2.92453247E+2,2.06150830E-1,
1.986E006,2.98000000E+2,2.92453247E+2,3.21314782E-1,
1.987E006,2.78000000E+2,2.92453217E+2,-8.66846323E-1,
1.988E006,2.93000000E+2,2.92453217E+2,3.19434293E-2,
1.989E006,2.79000000E+2,2.92453217E+2,-8.05423021E-1,
1.99E06,2.73000000E+2,2.92453217E+2,-1.17736220E+0,
1.991E006,2.90000000E+2,2.92453217E+2,-1.44057840E-1,
1.992E006,3.19000000E+2,2.92453186E+2,1.48633623E+0,
1.993E006,2.71000000E+2,2.92453186E+2,-1.30318820E+0,
1.994E006,3.14000000E+2,2.92453186E+2,1.21595705E+0,
1.995E006,2.77000000E+2,2.92453186E+2,-9.28491950E-1,
1.996E006,2.76000000E+2,2.92453186E+2,-9.90365446E-1,
1.997E006,3.22000000E+2,2.92453156E+2,1.64658129E+0,
1.998E006,3.04000000E+2,2.92453156E+2,6.62256956E-1,
1.999E006,3.01000000E+2,2.92453156E+2,4.92631912E-1,
