0.007CR-FITTED

Labels,Decay6 on Em1,Decay6 on Em1F2,Decay6 on Em1F2R,
Type,Time Scan,Exponential Fit Time Scan,Weighted Residuals Time Scan,
Comment,,,,
Start,0.00,1.14E05,1.14E05,
Stop,1.999E006,1.999E006,1.999E006,
Step,1000.00,1000.00,1000.00,
Fixed/Offset, , , ,
XAxis,Time(ns),Time,Time,
YAxis,Counts,Counts,Counts,
Chi2,,1.0920975,,
dt,,,,
dtErr,,,,
A,,218.737900,,
Tau1,,52.290344,,
Tau2,,122.33500,,
Tau3,,,,
Tau4,,,,
B1,,6492.43000,,
B2,,1825.367700,,
B3,,,,
B4,,,,
Tau1Err,,0.70837224,,
Tau2Err,,2.7464137,,
Tau3Err,,,,
Tau4Err,,,,
B1Err,,110.841630,,
B2Err,,120.30900,,
B3Err,,,,
B4Err,,,,
TauAvInt,,80.082581,,
TauAvAmp,,67.661865,,
TauAvIntErr,,1.8687856,,
TauAvAmpErr,,1.1559806,,

0.00,2.11000000E+2, , ,
1000.00,2.21000000E+2, , ,
2000.00,2.09000000E+2, , ,
3000.00,2.38000000E+2, , ,
4000.00,2.14000000E+2, , ,
5000.00,2.28000000E+2, , ,
6000.00,2.01000000E+2, , ,
7000.00,2.03000000E+2, , ,
8000.00,2.17000000E+2, , ,
9000.00,2.00000000E+2, , ,
1E04,2.15000000E+2, , ,
1.1E04,2.28000000E+2, , ,
1.2E04,2.13000000E+2, , ,
1.3E04,2.19000000E+2, , ,
1.4E04,2.40000000E+2, , ,
1.5E04,2.18000000E+2, , ,
1.6E04,2.22000000E+2, , ,
1.7E04,2.37000000E+2, , ,
1.8E04,2.17000000E+2, , ,
1.9E04,2.19000000E+2, , ,
2E04,2.12000000E+2, , ,
2.1E04,1.97000000E+2, , ,
2.2E04,2.37000000E+2, , ,
2.3E04,2.19000000E+2, , ,
2.4E04,2.40000000E+2, , ,
2.5E04,2.23000000E+2, , ,
2.6E04,2.04000000E+2, , ,
2.7E04,2.20000000E+2, , ,
2.8E04,2.00000000E+2, , ,
2.9E04,2.13000000E+2, , ,
3E04,2.47000000E+2, , ,
3.1E04,2.24000000E+2, , ,
3.2E04,2.23000000E+2, , ,
3.3E04,2.33000000E+2, , ,
3.4E04,2.27000000E+2, , ,
3.5E04,2.21000000E+2, , ,
3.6E04,2.23000000E+2, , ,
3.7E04,2.38000000E+2, , ,
3.8E04,2.09000000E+2, , ,
3.9E04,2.34000000E+2, , ,
4E04,2.10000000E+2, , ,
4.1E04,2.10000000E+2, , ,
4.2E04,2.21000000E+2, , ,
4.3E04,2.35000000E+2, , ,
4.4E04,2.18000000E+2, , ,
4.5E04,2.25000000E+2, , ,
4.6E04,2.08000000E+2, , ,
4.7E04,2.29000000E+2, , ,
4.8E04,2.27000000E+2, , ,
4.9E04,2.39000000E+2, , ,
5E04,2.36000000E+2, , ,
5.1E04,2.23000000E+2, , ,
5.2E04,2.09000000E+2, , ,
5.3E04,2.16000000E+2, , ,
5.4E04,2.41000000E+2, , ,
5.5E04,2.16000000E+2, , ,
5.6E04,2.03000000E+2, , ,
5.7E04,2.16000000E+2, , ,
5.8E04,2.24000000E+2, , ,
5.9E04,2.09000000E+2, , ,
6E04,2.26000000E+2, , ,
6.1E04,1.89000000E+2, , ,
6.2E04,2.46000000E+2, , ,
6.3E04,2.09000000E+2, , ,
6.4E04,2.27000000E+2, , ,
6.5E04,2.04000000E+2, , ,
6.6E04,2.46000000E+2, , ,
6.7E04,2.18000000E+2, , ,
6.8E04,2.37000000E+2, , ,
6.9E04,2.33000000E+2, , ,
7E04,2.29000000E+2, , ,
7.1E04,2.49000000E+2, , ,
7.2E04,2.20000000E+2, , ,
7.3E04,2.17000000E+2, , ,
7.4E04,2.29000000E+2, , ,
7.5E04,2.17000000E+2, , ,
7.6E04,2.39000000E+2, , ,
7.7E04,2.49000000E+2, , ,
7.8E04,2.07000000E+2, , ,
7.9E04,2.44000000E+2, , ,
8E04,1.95000000E+2, , ,
8.1E04,2.23000000E+2, , ,
8.2E04,2.16000000E+2, , ,
8.3E04,2.06000000E+2, , ,
8.4E04,2.43000000E+2, , ,
8.5E04,2.35000000E+2, , ,
8.6E04,1.98000000E+2, , ,
8.7E04,2.03000000E+2, , ,
8.8E04,2.27000000E+2, , ,
8.9E04,2.11000000E+2, , ,
9E04,2.13000000E+2, , ,
9.1E04,2.16000000E+2, , ,
9.2E04,2.41000000E+2, , ,
9.3E04,2.15000000E+2, , ,
9.4E04,2.18000000E+2, , ,
9.5E04,2.21000000E+2, , ,
9.6E04,2.25000000E+2, , ,
9.7E04,2.19000000E+2, , ,
9.8E04,2.12000000E+2, , ,
9.9E04,2.48000000E+2, , ,
1E05,2.44000000E+2, , ,
1.01E05,2.21000000E+2, , ,
1.02E05,2.08000000E+2, , ,
1.03E05,2.12000000E+2, , ,
1.04E05,2.25000000E+2, , ,
1.05E05,6.37000000E+2, , ,
1.06E05,2.86000000E+3, , ,
1.07E05,2.23000000E+2, , ,
1.08E05,2.42000000E+2, , ,
1.09E05,3.94000000E+2, , ,
1.1E05,2.31800000E+3, , ,
1.11E05,5.29500000E+3, , ,
1.12E05,7.31200000E+3, , ,
1.13E05,8.00000000E+3, , ,
1.14E05,7.93200000E+3,8.39869434E+3,-5.24011946E+0,
1.15E05,7.93200000E+3,8.26330273E+3,-3.71992064E+0,
1.16E05,7.76800000E+3,8.13031689E+3,-4.11087227E+0,
1.17E05,7.87700000E+3,7.99969189E+3,-1.38240552E+0,
1.18E05,7.77900000E+3,7.87138525E+3,-1.04746807E+0,
1.19E05,7.65800000E+3,7.74535303E+3,-9.98206258E-1,
1.2E05,7.58200000E+3,7.62155420E+3,-4.54256058E-1,
1.21E05,7.53000000E+3,7.49994824E+3,3.46315891E-1,
1.22E05,7.49100000E+3,7.38049316E+3,1.27678931E+0,
1.23E05,7.36400000E+3,7.26315137E+3,1.17520368E+0,
1.24E05,7.16600000E+3,7.14788281E+3,2.14019015E-1,
1.25E05,7.13400000E+3,7.03464990E+3,1.17625570E+0,
1.26E05,7.19300000E+3,6.92341504E+3,3.17863488E+0,
1.27E05,6.97600000E+3,6.81414160E+3,1.93790281E+0,
1.28E05,6.86900000E+3,6.70679395E+3,1.95713282E+0,
1.29E05,6.62600000E+3,6.60133643E+3,3.02991390E-1,
1.3E05,6.51900000E+3,6.49773486E+3,2.63376892E-1,
1.31E05,6.53400000E+3,6.39595410E+3,1.70778799E+0,
1.32E05,6.48100000E+3,6.29596240E+3,2.29847074E+0,
1.33E05,6.35300000E+3,6.19772607E+3,1.94809043E+0,
1.34E05,6.19300000E+3,6.10121338E+3,1.16634989E+0,
1.35E05,6.02800000E+3,6.00639160E+3,2.78314590E-1,
1.36E05,6.03500000E+3,5.91323193E+3,1.56745386E+0,
1.37E05,5.91500000E+3,5.82170215E+3,1.21309352E+0,
1.38E05,5.91400000E+3,5.73177344E+3,2.36957812E+0,
1.39E05,5.63000000E+3,5.64341602E+3,-1.78800762E-1,
1.4E05,5.51400000E+3,5.55660156E+3,-5.73709667E-1,
1.41E05,5.63300000E+3,5.47130176E+3,2.15444517E+0,
1.42E05,5.39300000E+3,5.38748877E+3,7.50470012E-2,
1.43E05,5.38500000E+3,5.30513574E+3,1.08832753E+0,
1.44E05,5.28300000E+3,5.22421680E+3,8.08747470E-1,
1.45E05,5.20100000E+3,5.14470459E+3,7.80601799E-1,
1.46E05,5.22000000E+3,5.06657373E+3,2.12355971E+0,
1.47E05,5.04900000E+3,4.98979932E+3,8.33151579E-1,
1.48E05,4.99800000E+3,4.91435693E+3,1.18312824E+0,
1.49E05,4.84900000E+3,4.84022168E+3,1.26062334E-1,
1.5E05,4.77800000E+3,4.76737012E+3,1.53781965E-1,
1.51E05,4.63800000E+3,4.69577930E+3,-8.48412156E-1,
1.52E05,4.67300000E+3,4.62542578E+3,6.95943177E-1,
1.53E05,4.56800000E+3,4.55628711E+3,1.73300982E-1,
1.54E05,4.39100000E+3,4.48834131E+3,-1.46897852E+0,
1.55E05,4.40300000E+3,4.42156689E+3,-2.79811084E-1,
1.56E05,4.34900000E+3,4.35594238E+3,-1.05272233E-1,
1.57E05,4.30000000E+3,4.29144775E+3,1.30420536E-1,
1.58E05,4.23400000E+3,4.22806152E+3,9.12640244E-2,
1.59E05,4.18200000E+3,4.16576367E+3,2.51070559E-1,
1.6E05,4.20600000E+3,4.10453516E+3,1.56451941E+0,
1.61E05,3.96600000E+3,4.04435645E+3,-1.24422348E+0,
1.62E05,3.94600000E+3,3.98520801E+3,-6.24160469E-1,
1.63E05,3.92300000E+3,3.92707178E+3,-6.50092065E-2,
1.64E05,3.87000000E+3,3.86992896E+3,1.14203012E-3,
1.65E05,3.78900000E+3,3.81376172E+3,-4.02270794E-1,
1.66E05,3.64400000E+3,3.75855298E+3,-1.89765477E+0,
1.67E05,3.71700000E+3,3.70428491E+3,2.08556190E-1,
1.68E05,3.69700000E+3,3.65094067E+3,7.57517815E-1,
1.69E05,3.57500000E+3,3.59850391E+3,-3.93099070E-1,
1.7E05,3.45300000E+3,3.54695776E+3,-1.59894824E+0,
1.71E05,3.49100000E+3,3.49628662E+3,-8.94753188E-2,
1.72E05,3.49300000E+3,3.44647461E+3,7.87210286E-1,
1.73E05,3.30900000E+3,3.39750635E+3,-1.53860116E+0,
1.74E05,3.39600000E+3,3.34936621E+3,8.00233781E-1,
1.75E05,3.17100000E+3,3.30203979E+3,-2.32704663E+0,
1.76E05,3.15500000E+3,3.25551245E+3,-1.78945255E+0,
1.77E05,3.18100000E+3,3.20976978E+3,-5.10099173E-1,
1.78E05,3.08800000E+3,3.16479761E+3,-1.38200319E+0,
1.79E05,3.17000000E+3,3.12058228E+3,8.77714157E-1,
1.8E05,3.04800000E+3,3.07711011E+3,-5.27273953E-1,
1.81E05,3.04300000E+3,3.03436768E+3,1.56486467E-1,
1.82E05,3.02200000E+3,2.99234204E+3,5.39503217E-1,
1.83E05,2.92300000E+3,2.95102051E+3,-5.18276572E-1,
1.84E05,3.01000000E+3,2.91039038E+3,1.81559098E+0,
1.85E05,2.88800000E+3,2.87043921E+3,3.26772481E-1,
1.86E05,2.76900000E+3,2.83115527E+3,-1.18118107E+0,
1.87E05,2.66600000E+3,2.79252612E+3,-2.45047426E+0,
1.88E05,2.62700000E+3,2.75454028E+3,-2.48838377E+0,
1.89E05,2.69100000E+3,2.71718652E+3,-5.04801929E-1,
1.9E05,2.72000000E+3,2.68045313E+3,7.58276701E-1,
1.91E05,2.62400000E+3,2.64432935E+3,-3.96863788E-1,
1.92E05,2.59700000E+3,2.60880444E+3,-2.31637850E-1,
1.93E05,2.55900000E+3,2.57386743E+3,-2.93900818E-1,
1.94E05,2.57900000E+3,2.53950830E+3,7.77642787E-1,
1.95E05,2.38000000E+3,2.50571655E+3,-2.57693815E+0,
1.96E05,2.43900000E+3,2.47248218E+3,-6.77965820E-1,
1.97E05,2.50900000E+3,2.43979492E+3,1.38161695E+0,
1.98E05,2.31600000E+3,2.40764551E+3,-1.90432870E+0,
1.99E05,2.27200000E+3,2.37602441E+3,-2.18238378E+0,
2E05,2.34400000E+3,2.34492212E+3,-1.90461949E-2,
2.01E05,2.28000000E+3,2.31432935E+3,-7.18949020E-1,
2.02E05,2.27800000E+3,2.28423755E+3,-1.30688414E-1,
2.03E05,2.27500000E+3,2.25463721E+3,4.26920146E-1,
2.04E05,2.24100000E+3,2.22552026E+3,3.26996148E-1,
2.05E05,2.11100000E+3,2.19687793E+3,-1.86912107E+0,
2.06E05,2.16500000E+3,2.16870166E+3,-7.95550197E-2,
2.07E05,2.17300000E+3,2.14098389E+3,6.86813354E-1,
2.08E05,2.13300000E+3,2.11371558E+3,4.17552650E-1,
2.09E05,2.05800000E+3,2.08688965E+3,-6.36824191E-1,
2.1E05,2.08900000E+3,2.06049805E+3,6.23598993E-1,
2.11E05,1.99800000E+3,2.03453284E+3,-8.17307830E-1,
2.12E05,1.95600000E+3,2.00898706E+3,-1.19807887E+0,
2.13E05,1.95100000E+3,1.98385315E+3,-7.43786633E-1,
2.14E05,2.00300000E+3,1.95912390E+3,9.80364382E-1,
2.15E05,1.94900000E+3,1.93479211E+3,3.21827799E-1,
2.16E05,1.90600000E+3,1.91085107E+3,-1.11115962E-1,
2.17E05,1.94500000E+3,1.88729358E+3,1.30847168E+0,
2.18E05,1.90300000E+3,1.86411340E+3,8.91416252E-1,
2.19E05,1.84800000E+3,1.84130371E+3,1.55769780E-1,
2.2E05,1.86500000E+3,1.81885779E+3,1.06846178E+0,
2.21E05,1.81300000E+3,1.79676978E+3,3.81176054E-1,
2.22E05,1.77400000E+3,1.77503308E+3,-2.45277435E-2,
2.23E05,1.73800000E+3,1.75364185E+3,-3.75200242E-1,
2.24E05,1.71200000E+3,1.73258984E+3,-4.97623831E-1,
2.25E05,1.70800000E+3,1.71187146E+3,-9.36765373E-2,
2.26E05,1.63700000E+3,1.69148071E+3,-1.34653747E+0,
2.27E05,1.66900000E+3,1.67141199E+3,-5.90400696E-2,
2.28E05,1.61700000E+3,1.65165955E+3,-8.61921787E-1,
2.29E05,1.56200000E+3,1.63221814E+3,-1.77667832E+0,
2.3E05,1.59200000E+3,1.61308228E+3,-5.28379500E-1,
2.31E05,1.59800000E+3,1.59424683E+3,9.38880444E-2,
2.32E05,1.58200000E+3,1.57570630E+3,1.58235118E-1,
2.33E05,1.53000000E+3,1.55745593E+3,-7.01924622E-1,
2.34E05,1.53800000E+3,1.53949048E+3,-3.80055979E-2,
2.35E05,1.49700000E+3,1.52180530E+3,-6.41111493E-1,
2.36E05,1.51400000E+3,1.50439526E+3,2.46843964E-1,
2.37E05,1.45100000E+3,1.48725586E+3,-9.51797366E-1,
2.38E05,1.48500000E+3,1.47038232E+3,3.79328161E-1,
2.39E05,1.45500000E+3,1.45377026E+3,3.22389230E-2,
2.4E05,1.54000000E+3,1.43741504E+3,2.61410689E+0,
2.41E05,1.43700000E+3,1.42131226E+3,4.13839668E-1,
2.42E05,1.45000000E+3,1.40545789E+3,1.16973329E+0,
2.43E05,1.38600000E+3,1.38984729E+3,-1.03341155E-1,
2.44E05,1.35400000E+3,1.37447656E+3,-5.56477606E-1,
2.45E05,1.36200000E+3,1.35934143E+3,7.20376298E-2,
2.46E05,1.39800000E+3,1.34443799E+3,1.43252861E+0,
2.47E05,1.35500000E+3,1.32976233E+3,6.85613930E-1,
2.48E05,1.36500000E+3,1.31531055E+3,1.34492445E+0,
2.49E05,1.29300000E+3,1.30107886E+3,-2.24672884E-1,
2.5E05,1.26700000E+3,1.28706348E+3,-5.63660860E-1,
2.51E05,1.25600000E+3,1.27326074E+3,-4.87040013E-1,
2.52E05,1.21800000E+3,1.25966711E+3,-1.19390500E+0,
2.53E05,1.24800000E+3,1.24627905E+3,4.87147272E-2,
2.54E05,1.24000000E+3,1.23309302E+3,1.96145117E-1,
2.55E05,1.27100000E+3,1.22010571E+3,1.42756617E+0,
2.56E05,1.16400000E+3,1.20731372E+3,-1.26954770E+0,
2.57E05,1.20000000E+3,1.19471362E+3,1.52604565E-1,
2.58E05,1.20000000E+3,1.18230249E+3,5.10883093E-1,
2.59E05,1.13700000E+3,1.17007678E+3,-9.80941296E-1,
2.6E05,1.12400000E+3,1.15803381E+3,-1.01514351E+0,
2.61E05,1.11600000E+3,1.14617017E+3,-9.03120279E-1,
2.62E05,1.19300000E+3,1.13448303E+3,1.69418800E+0,
2.63E05,1.13600000E+3,1.12296948E+3,3.86609465E-1,
2.64E05,1.16600000E+3,1.11162646E+3,1.59234917E+0,
2.65E05,1.03600000E+3,1.10045117E+3,-2.00240040E+0,
2.66E05,1.12100000E+3,1.08944092E+3,9.42587197E-1,
2.67E05,1.02000000E+3,1.07859290E+3,-1.83461475E+0,
2.68E05,1.09000000E+3,1.06790430E+3,6.69259548E-1,
2.69E05,1.05300000E+3,1.05737268E+3,-1.34751484E-1,
2.7E05,1.07700000E+3,1.04699536E+3,9.14282799E-1,
2.71E05,1.02600000E+3,1.03676978E+3,-3.36227298E-1,
2.72E05,9.87000000E+2,1.02669336E+3,-1.26345360E+0,
2.73E05,1.01200000E+3,1.01676367E+3,-1.49744749E-1,
2.74E05,1.02000000E+3,1.00697839E+3,4.07722324E-1,
2.75E05,1.03000000E+3,9.97335083E+2,1.01780117E+0,
2.76E05,9.70000000E+2,9.87831299E+2,-5.72528541E-1,
2.77E05,1.02900000E+3,9.78464844E+2,1.57538211E+0,
2.78E05,9.86000000E+2,9.69233521E+2,5.33953488E-1,
2.79E05,9.41000000E+2,9.60135010E+2,-6.23783469E-1,
2.8E05,1.05600000E+3,9.51167236E+2,3.22600532E+0,
2.81E05,9.70000000E+2,9.42328003E+2,8.88494313E-1,
2.82E05,9.61000000E+2,9.33615112E+2,8.83383512E-1,
2.83E05,9.83000000E+2,9.25026733E+2,1.84906006E+0,
2.84E05,9.16000000E+2,9.16560669E+2,-1.85250230E-2,
2.85E05,9.25000000E+2,9.08214966E+2,5.51888525E-1,
2.86E05,9.79000000E+2,8.99987671E+2,2.52524495E+0,
2.87E05,8.88000000E+2,8.91876953E+2,-1.30102023E-1,
2.88E05,8.68000000E+2,8.83880859E+2,-5.39031506E-1,
2.89E05,8.77000000E+2,8.75997437E+2,3.38541642E-2,
2.9E05,8.88000000E+2,8.68224976E+2,6.63606405E-1,
2.91E05,8.82000000E+2,8.60561646E+2,7.21866965E-1,
2.92E05,8.33000000E+2,8.53005737E+2,-6.93157732E-1,
2.93E05,8.45000000E+2,8.45555420E+2,-1.91070270E-2,
2.94E05,8.07000000E+2,8.38209106E+2,-1.09861255E+0,
2.95E05,8.08000000E+2,8.30965088E+2,-8.07908952E-1,
2.96E05,8.48000000E+2,8.23821777E+2,8.30283582E-1,
2.97E05,7.84000000E+2,8.16777588E+2,-1.17062807E+0,
2.98E05,8.11000000E+2,8.09830811E+2,4.10557948E-2,
2.99E05,7.71000000E+2,8.02979858E+2,-1.15172648E+0,
3E05,7.87000000E+2,7.96223389E+2,-3.28778297E-1,
3.01E05,7.90000000E+2,7.89559814E+2,1.56610981E-2,
3.02E05,7.75000000E+2,7.82987671E+2,-2.86925614E-1,
3.03E05,7.73000000E+2,7.76505371E+2,-1.26079440E-1,
3.04E05,7.95000000E+2,7.70111694E+2,8.82697225E-1,
3.05E05,7.90000000E+2,7.63805176E+2,9.31970000E-1,
3.06E05,7.84000000E+2,7.57584473E+2,9.43411708E-1,
3.07E05,7.41000000E+2,7.51448120E+2,-3.83821279E-1,
3.08E05,7.45000000E+2,7.45395020E+2,-1.44723961E-2,
3.09E05,7.80000000E+2,7.39423584E+2,1.45286882E+0,
3.1E05,6.88000000E+2,7.33532593E+2,-1.73591387E+0,
3.11E05,7.18000000E+2,7.27720947E+2,-3.62782538E-1,
3.12E05,7.39000000E+2,7.21987244E+2,6.25824332E-1,
3.13E05,7.08000000E+2,7.16330383E+2,-3.13074976E-1,
3.14E05,6.85000000E+2,7.10749146E+2,-9.83824253E-1,
3.15E05,7.26000000E+2,7.05242310E+2,7.70390153E-1,
3.16E05,7.48000000E+2,6.99808716E+2,1.76204789E+0,
3.17E05,6.72000000E+2,6.94447327E+2,-8.65924418E-1,
3.18E05,6.96000000E+2,6.89156921E+2,2.59386212E-1,
3.19E05,6.87000000E+2,6.83936401E+2,1.16883576E-1,
3.2E05,6.68000000E+2,6.78784790E+2,-4.17276055E-1,
3.21E05,6.45000000E+2,6.73700928E+2,-1.13009787E+0,
3.22E05,6.75000000E+2,6.68683838E+2,2.43109196E-1,
3.23E05,7.06000000E+2,6.63732422E+2,1.59076130E+0,
3.24E05,6.52000000E+2,6.58845703E+2,-2.68098414E-1,
3.25E05,6.80000000E+2,6.54022827E+2,9.96179104E-1,
3.26E05,6.52000000E+2,6.49262634E+2,1.07203513E-1,
3.27E05,6.90000000E+2,6.44564209E+2,1.72971106E+0,
3.28E05,6.57000000E+2,6.39926636E+2,6.66095376E-1,
3.29E05,6.69000000E+2,6.35349060E+2,1.30102050E+0,
3.3E05,6.34000000E+2,6.30830444E+2,1.25879139E-1,
3.31E05,6.17000000E+2,6.26369995E+2,-3.77221793E-1,
3.32E05,6.20000000E+2,6.21966797E+2,-7.89884627E-2,
3.33E05,5.84000000E+2,6.17620056E+2,-1.39120781E+0,
3.34E05,5.74000000E+2,6.13328857E+2,-1.64155483E+0,
3.35E05,6.19000000E+2,6.09092285E+2,3.98224682E-1,
3.36E05,6.19000000E+2,6.04909668E+2,5.66338241E-1,
3.37E05,5.82000000E+2,6.00780029E+2,-7.78457284E-1,
3.38E05,6.43000000E+2,5.96702759E+2,1.82578492E+0,
3.39E05,5.94000000E+2,5.92677002E+2,5.42832650E-2,
3.4E05,5.70000000E+2,5.88702026E+2,-7.83341706E-1,
3.41E05,5.93000000E+2,5.84776978E+2,3.37679058E-1,
3.42E05,6.03000000E+2,5.80901184E+2,8.99933338E-1,
3.43E05,5.66000000E+2,5.77073914E+2,-4.65471298E-1,
3.44E05,5.89000000E+2,5.73294434E+2,6.47136569E-1,
3.45E05,5.87000000E+2,5.69562134E+2,7.19737768E-1,
3.46E05,5.41000000E+2,5.65876160E+2,-1.06950963E+0,
3.47E05,6.08000000E+2,5.62235962E+2,1.85597682E+0,
3.48E05,5.66000000E+2,5.58640747E+2,3.09332460E-1,
3.49E05,5.52000000E+2,5.55089966E+2,-1.31517678E-1,
3.5E05,5.50000000E+2,5.51583008E+2,-6.74996823E-2,
3.51E05,5.75000000E+2,5.48119080E+2,1.12101185E+0,
3.52E05,5.25000000E+2,5.44697632E+2,-8.59675109E-1,
3.53E05,5.59000000E+2,5.41318115E+2,7.47864008E-1,
3.54E05,5.30000000E+2,5.37979858E+2,-3.46622914E-1,
3.55E05,5.21000000E+2,5.34682251E+2,-5.99430263E-1,
3.56E05,5.17000000E+2,5.31424683E+2,-6.34396851E-1,
3.57E05,5.32000000E+2,5.28206665E+2,1.64461926E-1,
3.58E05,5.35000000E+2,5.25027588E+2,4.31144983E-1,
3.59E05,5.00000000E+2,5.21886841E+2,-9.78809297E-1,
3.6E05,5.18000000E+2,5.18783936E+2,-3.44441496E-2,
3.61E05,5.26000000E+2,5.15718384E+2,4.48299766E-1,
3.62E05,4.97000000E+2,5.12689575E+2,-7.03773618E-1,
3.63E05,4.91000000E+2,5.09696899E+2,-8.43779266E-1,
3.64E05,4.81000000E+2,5.06740021E+2,-1.17364395E+0,
3.65E05,5.34000000E+2,5.03818359E+2,1.30608737E+0,
3.66E05,5.23000000E+2,5.00931396E+2,9.64992642E-1,
3.67E05,5.18000000E+2,4.98078674E+2,8.75292778E-1,
3.68E05,4.92000000E+2,4.95259674E+2,-1.46957457E-1,
3.69E05,5.04000000E+2,4.92473969E+2,5.13410270E-1,
3.7E05,5.53000000E+2,4.89721069E+2,2.69089389E+0,
3.71E05,5.05000000E+2,4.87000488E+2,8.00967753E-1,
3.72E05,4.92000000E+2,4.84311829E+2,3.46609533E-1,
3.73E05,4.60000000E+2,4.81654602E+2,-1.00965095E+0,
3.74E05,5.13000000E+2,4.79028381E+2,1.49988365E+0,
3.75E05,4.50000000E+2,4.76432739E+2,-1.24605131E+0,
3.76E05,4.91000000E+2,4.73867279E+2,7.73188889E-1,
3.77E05,4.41000000E+2,4.71331543E+2,-1.44435918E+0,
3.78E05,4.59000000E+2,4.68825134E+2,-4.58597988E-1,
3.79E05,4.96000000E+2,4.66347656E+2,1.33142948E+0,
3.8E05,4.62000000E+2,4.63898743E+2,-8.83375034E-2,
3.81E05,4.46000000E+2,4.61477966E+2,-7.32902944E-1,
3.82E05,4.61000000E+2,4.59084900E+2,8.91951025E-2,
3.83E05,4.68000000E+2,4.56719238E+2,5.21453381E-1,
3.84E05,4.51000000E+2,4.54380615E+2,-1.59186959E-1,
3.85E05,4.54000000E+2,4.52068604E+2,9.06449258E-2,
3.86E05,4.37000000E+2,4.49782867E+2,-6.11487448E-1,
3.87E05,4.47000000E+2,4.47523071E+2,-2.47404240E-2,
3.88E05,4.46000000E+2,4.45288818E+2,3.36754285E-2,
3.89E05,4.15000000E+2,4.43079834E+2,-1.37838483E+0,
3.9E05,4.55000000E+2,4.40895721E+2,6.61218822E-1,
3.91E05,3.97000000E+2,4.38736145E+2,-2.09467697E+0,
3.92E05,4.52000000E+2,4.36600830E+2,7.24316001E-1,
3.93E05,4.18000000E+2,4.34489441E+2,-8.06524932E-1,
3.94E05,4.29000000E+2,4.32401611E+2,-1.64231345E-1,
3.95E05,4.38000000E+2,4.30337036E+2,3.66150558E-1,
3.96E05,4.44000000E+2,4.28295441E+2,7.45305419E-1,
3.97E05,4.11000000E+2,4.26276520E+2,-7.53535151E-1,
3.98E05,4.63000000E+2,4.24279968E+2,1.79947245E+0,
3.99E05,4.34000000E+2,4.22305450E+2,5.61356366E-1,
4E05,4.39000000E+2,4.20352722E+2,8.89986038E-1,
4.01E05,3.94000000E+2,4.18421509E+2,-1.23033786E+0,
4.02E05,3.83000000E+2,4.16511475E+2,-1.71235633E+0,
4.03E05,4.43000000E+2,4.14622437E+2,1.34825873E+0,
4.04E05,4.22000000E+2,4.12754028E+2,4.50086862E-1,
4.05E05,4.20000000E+2,4.10906006E+2,4.43741500E-1,
4.06E05,4.04000000E+2,4.09078125E+2,-2.52646148E-1,
4.07E05,4.10000000E+2,4.07270081E+2,1.34821117E-1,
4.08E05,3.95000000E+2,4.05481689E+2,-5.27391016E-1,
4.09E05,3.72000000E+2,4.03712677E+2,-1.64422572E+0,
4.1E05,4.29000000E+2,4.01962769E+2,1.30536985E+0,
4.11E05,4.00000000E+2,4.00231689E+2,-1.15844728E-2,
4.12E05,4.05000000E+2,3.98519287E+2,3.22029233E-1,
4.13E05,3.74000000E+2,3.96825256E+2,-1.18026590E+0,
4.14E05,4.06000000E+2,3.95149353E+2,5.38508534E-1,
4.15E05,3.62000000E+2,3.93491394E+2,-1.65515101E+0,
4.16E05,3.73000000E+2,3.91851135E+2,-9.76074815E-1,
4.17E05,3.94000000E+2,3.90228363E+2,1.90012321E-1,
4.18E05,3.88000000E+2,3.88622864E+2,-3.16211171E-2,
4.19E05,4.09000000E+2,3.87034363E+2,1.08613086E+0,
4.2E05,3.99000000E+2,3.85462708E+2,6.77712321E-1,
4.21E05,4.09000000E+2,3.83907654E+2,1.24073672E+0,
4.22E05,3.76000000E+2,3.82369019E+2,-3.28457057E-1,
4.23E05,3.85000000E+2,3.80846558E+2,2.11679026E-1,
4.24E05,3.76000000E+2,3.79340118E+2,-1.72253445E-1,
4.25E05,3.94000000E+2,3.77849487E+2,8.13651085E-1,
4.26E05,3.40000000E+2,3.76374451E+2,-1.97268152E+0,
4.27E05,3.75000000E+2,3.74914795E+2,4.39997111E-3,
4.28E05,3.61000000E+2,3.73470398E+2,-6.56336725E-1,
4.29E05,3.39000000E+2,3.72041016E+2,-1.79454160E+0,
4.3E05,3.80000000E+2,3.70626526E+2,4.80849087E-1,
4.31E05,3.13000000E+2,3.69226685E+2,-3.17812014E+0,
4.32E05,3.80000000E+2,3.67841309E+2,6.23727739E-1,
4.33E05,4.05000000E+2,3.66470276E+2,1.91455746E+0,
4.34E05,3.43000000E+2,3.65113342E+2,-1.19400823E+0,
4.35E05,3.67000000E+2,3.63770447E+2,1.68581307E-1,
4.36E05,4.04000000E+2,3.62441284E+2,2.06762338E+0,
4.37E05,3.76000000E+2,3.61125793E+2,7.67078638E-1,
4.38E05,3.79000000E+2,3.59823730E+2,9.85018849E-1,
4.39E05,3.29000000E+2,3.58535004E+2,-1.62831748E+0,
4.4E05,3.61000000E+2,3.57259399E+2,1.96873710E-1,
4.41E05,3.70000000E+2,3.55996826E+2,7.27990329E-1,
4.42E05,3.62000000E+2,3.54747070E+2,3.81205529E-1,
4.43E05,3.52000000E+2,3.53509949E+2,-8.04805383E-2,
4.44E05,3.26000000E+2,3.52285400E+2,-1.45581365E+0,
4.45E05,3.55000000E+2,3.51073242E+2,2.08410665E-1,
4.46E05,4.05000000E+2,3.49873322E+2,2.73926663E+0,
4.47E05,3.45000000E+2,3.48685486E+2,-1.98419884E-1,
4.48E05,3.55000000E+2,3.47509583E+2,3.97550076E-1,
4.49E05,3.55000000E+2,3.46345490E+2,4.59333718E-1,
4.5E05,3.28000000E+2,3.45193085E+2,-9.49329257E-1,
4.51E05,3.38000000E+2,3.44052185E+2,-3.29195470E-1,
4.52E05,3.86000000E+2,3.42922699E+2,2.19257689E+0,
4.53E05,3.61000000E+2,3.41804474E+2,1.01029086E+0,
4.54E05,3.67000000E+2,3.40697388E+2,1.37298512E+0,
4.55E05,3.20000000E+2,3.39601318E+2,-1.09574699E+0,
4.56E05,3.23000000E+2,3.38516113E+2,-8.63339603E-1,
4.57E05,3.37000000E+2,3.37441650E+2,-2.40582302E-2,
4.58E05,3.39000000E+2,3.36377838E+2,1.42416283E-1,
4.59E05,3.11000000E+2,3.35324524E+2,-1.37931716E+0,
4.6E05,3.18000000E+2,3.34281586E+2,-9.13025975E-1,
4.61E05,3.18000000E+2,3.33248932E+2,-8.55117619E-1,
4.62E05,3.00000000E+2,3.32226440E+2,-1.86059439E+0,
4.63E05,3.40000000E+2,3.31213959E+2,4.76489991E-1,
4.64E05,3.18000000E+2,3.30211395E+2,-6.84781015E-1,
4.65E05,3.20000000E+2,3.29218628E+2,-5.15336990E-1,
4.66E05,3.14000000E+2,3.28235596E+2,-8.03361177E-1,
4.67E05,3.45000000E+2,3.27262146E+2,9.54973996E-1,
4.68E05,3.37000000E+2,3.26298157E+2,5.82966566E-1,
4.69E05,3.17000000E+2,3.25343536E+2,-4.68619704E-1,
4.7E05,3.60000000E+2,3.24398193E+2,1.87637997E+0,
4.71E05,3.06000000E+2,3.23462006E+2,-9.98236418E-1,
4.72E05,3.02000000E+2,3.22534882E+2,-1.18164968E+0,
4.73E05,3.36000000E+2,3.21616730E+2,7.84671724E-1,
4.74E05,3.40000000E+2,3.20707428E+2,1.04628658E+0,
4.75E05,3.05000000E+2,3.19806885E+2,-8.47839773E-1,
4.76E05,3.09000000E+2,3.18915009E+2,-5.64045131E-1,
4.77E05,3.06000000E+2,3.18031708E+2,-6.87806964E-1,
4.78E05,3.18000000E+2,3.17156860E+2,4.72809225E-2,
4.79E05,3.29000000E+2,3.16290436E+2,7.00700939E-1,
4.8E05,2.97000000E+2,3.15432251E+2,-1.06954765E+0,
4.81E05,3.03000000E+2,3.14582306E+2,-6.65386081E-1,
4.82E05,3.26000000E+2,3.13740479E+2,6.78992093E-1,
4.83E05,2.99000000E+2,3.12906616E+2,-8.04240406E-1,
4.84E05,2.76000000E+2,3.12080750E+2,-2.17180586E+0,
4.85E05,3.06000000E+2,3.11262695E+2,-3.00848275E-1,
4.86E05,3.07000000E+2,3.10452393E+2,-1.97038442E-1,
4.87E05,3.23000000E+2,3.09649780E+2,7.42826104E-1,
4.88E05,3.02000000E+2,3.08854736E+2,-3.94445747E-1,
4.89E05,3.12000000E+2,3.08067261E+2,2.22647518E-1,
4.9E05,3.34000000E+2,3.07287170E+2,1.46166098E+0,
4.91E05,3.22000000E+2,3.06514465E+2,8.62975121E-1,
4.92E05,2.92000000E+2,3.05748993E+2,-8.04598927E-1,
4.93E05,2.92000000E+2,3.04990723E+2,-7.60224521E-1,
4.94E05,3.19000000E+2,3.04239594E+2,8.26424122E-1,
4.95E05,2.96000000E+2,3.03495483E+2,-4.35666114E-1,
4.96E05,3.05000000E+2,3.02758362E+2,1.28355831E-1,
4.97E05,3.00000000E+2,3.02028137E+2,-1.17094554E-1,
4.98E05,2.94000000E+2,3.01304718E+2,-4.26019788E-1,
4.99E05,3.02000000E+2,3.00588074E+2,8.12472254E-2,
5E05,2.92000000E+2,2.99878052E+2,-4.61028099E-1,
5.01E05,3.13000000E+2,2.99174683E+2,7.81453133E-1,
5.02E05,2.84000000E+2,2.98477844E+2,-8.59102011E-1,
5.03E05,2.95000000E+2,2.97787476E+2,-1.62293106E-1,
5.04E05,2.95000000E+2,2.97103485E+2,-1.22469634E-1,
5.05E05,2.73000000E+2,2.96425842E+2,-1.41779649E+0,
5.06E05,3.08000000E+2,2.95754456E+2,6.97754622E-1,
5.07E05,2.70000000E+2,2.95089294E+2,-1.52688587E+0,
5.08E05,3.15000000E+2,2.94430267E+2,1.15897310E+0,
5.09E05,2.73000000E+2,2.93777313E+2,-1.25750017E+0,
5.1E05,2.78000000E+2,2.93130371E+2,-9.07459378E-1,
5.11E05,2.98000000E+2,2.92489380E+2,3.19221646E-1,
5.12E05,3.00000000E+2,2.91854248E+2,4.70295221E-1,
5.13E05,3.08000000E+2,2.91224976E+2,9.55845714E-1,
5.14E05,2.79000000E+2,2.90601471E+2,-6.94561899E-1,
5.15E05,2.91000000E+2,2.89983673E+2,5.95781393E-2,
5.16E05,2.61000000E+2,2.89371521E+2,-1.75615299E+0,
5.17E05,2.57000000E+2,2.88764954E+2,-1.98144341E+0,
5.18E05,2.84000000E+2,2.88163940E+2,-2.47084409E-1,
5.19E05,3.05000000E+2,2.87568359E+2,9.98132825E-1,
5.2E05,2.66000000E+2,2.86978271E+2,-1.28626037E+0,
5.21E05,2.84000000E+2,2.86393494E+2,-1.42027721E-1,
5.22E05,2.96000000E+2,2.85814056E+2,5.92045963E-1,
5.23E05,2.99000000E+2,2.85239868E+2,7.95768976E-1,
5.24E05,2.85000000E+2,2.84670898E+2,1.94942951E-2,
5.25E05,3.06000000E+2,2.84107086E+2,1.25153458E+0,
5.26E05,2.85000000E+2,2.83548370E+2,8.59871209E-2,
5.27E05,2.79000000E+2,2.82994690E+2,-2.39155829E-1,
5.28E05,2.88000000E+2,2.82446045E+2,3.27269942E-1,
5.29E05,2.95000000E+2,2.81902344E+2,7.62575030E-1,
5.3E05,2.65000000E+2,2.81363525E+2,-1.00520337E+0,
5.31E05,2.75000000E+2,2.80829559E+2,-3.51535648E-1,
5.32E05,2.91000000E+2,2.80300385E+2,6.27222598E-1,
5.33E05,2.63000000E+2,2.79776001E+2,-1.03445256E+0,
5.34E05,2.92000000E+2,2.79256287E+2,7.45769441E-1,
5.35E05,2.94000000E+2,2.78741272E+2,8.89907062E-1,
5.36E05,2.51000000E+2,2.78230865E+2,-1.71879697E+0,
5.37E05,2.76000000E+2,2.77725006E+2,-1.03833169E-1,
5.38E05,2.68000000E+2,2.77223694E+2,-5.63426793E-1,
5.39E05,2.70000000E+2,2.76726868E+2,-4.09384131E-1,
5.4E05,2.56000000E+2,2.76234467E+2,-1.26465416E+0,
5.41E05,2.73000000E+2,2.75746460E+2,-1.66223317E-1,
5.42E05,3.14000000E+2,2.75262787E+2,2.18606734E+0,
5.43E05,2.65000000E+2,2.74783447E+2,-6.00992382E-1,
5.44E05,2.85000000E+2,2.74308380E+2,6.33316934E-1,
5.45E05,2.97000000E+2,2.73837524E+2,1.34402311E+0,
5.46E05,2.73000000E+2,2.73370819E+2,-2.24429928E-2,
5.47E05,2.70000000E+2,2.72908295E+2,-1.76993176E-1,
5.48E05,2.63000000E+2,2.72449860E+2,-5.82703292E-1,
5.49E05,2.64000000E+2,2.71995483E+2,-4.92087990E-1,
5.5E05,2.70000000E+2,2.71545166E+2,-9.40358117E-2,
5.51E05,2.85000000E+2,2.71098785E+2,8.23436916E-1,
5.52E05,2.50000000E+2,2.70656372E+2,-1.30642366E+0,
5.53E05,2.85000000E+2,2.70217865E+2,8.75618100E-1,
5.54E05,2.47000000E+2,2.69783234E+2,-1.44966245E+0,
5.55E05,2.83000000E+2,2.69352417E+2,8.11264634E-1,
5.56E05,2.63000000E+2,2.68925415E+2,-3.65376741E-1,
5.57E05,2.51000000E+2,2.68502167E+2,-1.10472703E+0,
5.58E05,2.51000000E+2,2.68082642E+2,-1.07824683E+0,
5.59E05,2.49000000E+2,2.67666809E+2,-1.18296099E+0,
5.6E05,2.91000000E+2,2.67254608E+2,1.39197958E+0,
5.61E05,2.77000000E+2,2.66846039E+2,6.10092402E-1,
5.62E05,2.33000000E+2,2.66441071E+2,-2.19079733E+0,
5.63E05,2.78000000E+2,2.66039612E+2,7.17336416E-1,
5.64E05,2.52000000E+2,2.65641724E+2,-8.59347820E-1,
5.65E05,2.32000000E+2,2.65247284E+2,-2.18279123E+0,
5.66E05,2.73000000E+2,2.64856293E+2,4.92879599E-1,
5.67E05,2.63000000E+2,2.64468719E+2,-9.05651227E-2,
5.68E05,2.86000000E+2,2.64084534E+2,1.29588866E+0,
5.69E05,2.81000000E+2,2.63703705E+2,1.03181040E+0,
5.7E05,2.48000000E+2,2.63326202E+2,-9.73214805E-1,
5.71E05,2.90000000E+2,2.62951965E+2,1.58831525E+0,
5.72E05,2.53000000E+2,2.62581024E+2,-6.02353811E-1,
5.73E05,2.62000000E+2,2.62213287E+2,-1.31769367E-2,
5.74E05,2.93000000E+2,2.61848755E+2,1.81987512E+0,
5.75E05,2.63000000E+2,2.61487396E+2,9.32711437E-2,
5.76E05,2.31000000E+2,2.61129150E+2,-1.98235261E+0,
5.77E05,2.61000000E+2,2.60774048E+2,1.39860865E-2,
5.78E05,2.63000000E+2,2.60421997E+2,1.58966467E-1,
5.79E05,2.63000000E+2,2.60073029E+2,1.80484787E-1,
5.8E05,2.49000000E+2,2.59727051E+2,-6.79799199E-1,
5.81E05,3.02000000E+2,2.59384094E+2,2.45226979E+0,
5.82E05,2.71000000E+2,2.59044098E+2,7.26269364E-1,
5.83E05,2.63000000E+2,2.58707031E+2,2.64715791E-1,
5.84E05,2.58000000E+2,2.58372894E+2,-2.32153852E-2,
5.85E05,2.78000000E+2,2.58041626E+2,1.19702375E+0,
5.86E05,2.40000000E+2,2.57713257E+2,-1.14338589E+0,
5.87E05,2.51000000E+2,2.57387665E+2,-4.03185844E-1,
5.88E05,2.87000000E+2,2.57064911E+2,1.76701248E+0,
5.89E05,2.39000000E+2,2.56744934E+2,-1.14782441E+0,
5.9E05,2.64000000E+2,2.56427734E+2,4.66040730E-1,
5.91E05,2.62000000E+2,2.56113220E+2,3.63686472E-1,
5.92E05,2.36000000E+2,2.55801453E+2,-1.28896475E+0,
5.93E05,2.97000000E+2,2.55492340E+2,2.40851879E+0,
5.94E05,2.39000000E+2,2.55185883E+2,-1.04697764E+0,
5.95E05,2.58000000E+2,2.54882080E+2,1.94113210E-1,
5.96E05,2.53000000E+2,2.54580872E+2,-9.93885472E-2,
5.97E05,2.54000000E+2,2.54282242E+2,-1.77094266E-2,
5.98E05,2.66000000E+2,2.53986176E+2,7.36614823E-1,
5.99E05,2.57000000E+2,2.53692657E+2,2.06306353E-1,
6E05,2.40000000E+2,2.53401642E+2,-8.65072310E-1,
6.01E05,2.45000000E+2,2.53113113E+2,-5.18327773E-1,
6.02E05,2.60000000E+2,2.52827057E+2,4.44847047E-1,
6.03E05,2.58000000E+2,2.52543457E+2,3.39709520E-1,
6.04E05,2.54000000E+2,2.52262268E+2,1.09035000E-1,
6.05E05,2.43000000E+2,2.51983490E+2,-5.76291144E-1,
6.06E05,2.43000000E+2,2.51707092E+2,-5.58560193E-1,
6.07E05,2.41000000E+2,2.51433044E+2,-6.72051489E-1,
6.08E05,2.40000000E+2,2.51161346E+2,-7.20461845E-1,
6.09E05,2.41000000E+2,2.50891953E+2,-6.37196720E-1,
6.1E05,2.63000000E+2,2.50624863E+2,7.63083637E-1,
6.11E05,2.28000000E+2,2.50360046E+2,-1.48083031E+0,
6.12E05,2.48000000E+2,2.50097488E+2,-1.33190647E-1,
6.13E05,2.61000000E+2,2.49837158E+2,6.90962553E-1,
6.14E05,2.53000000E+2,2.49579041E+2,2.15073884E-1,
6.15E05,2.61000000E+2,2.49323135E+2,7.22779751E-1,
6.16E05,2.34000000E+2,2.49069382E+2,-9.85116303E-1,
6.17E05,2.54000000E+2,2.48817810E+2,3.25159520E-1,
6.18E05,2.58000000E+2,2.48568359E+2,5.87188303E-1,
6.19E05,2.27000000E+2,2.48321014E+2,-1.41512537E+0,
6.2E05,2.69000000E+2,2.48075790E+2,1.27577162E+0,
6.21E05,2.65000000E+2,2.47832626E+2,1.05458343E+0,
6.22E05,2.22000000E+2,2.47591537E+2,-1.71759152E+0,
6.23E05,2.42000000E+2,2.47352493E+2,-3.44071299E-1,
6.24E05,2.49000000E+2,2.47115463E+2,1.19427659E-1,
6.25E05,2.63000000E+2,2.46880447E+2,9.93974209E-1,
6.26E05,2.71000000E+2,2.46647415E+2,1.47931421E+0,
6.27E05,2.29000000E+2,2.46416351E+2,-1.15090489E+0,
6.28E05,2.51000000E+2,2.46187256E+2,3.03777725E-1,
6.29E05,2.39000000E+2,2.45960083E+2,-4.50210333E-1,
6.3E05,2.46000000E+2,2.45734833E+2,1.69064458E-2,
6.31E05,2.55000000E+2,2.45511490E+2,5.94193578E-1,
6.32E05,2.45000000E+2,2.45290039E+2,-1.85299162E-2,
6.33E05,2.52000000E+2,2.45070450E+2,4.36520636E-1,
6.34E05,2.67000000E+2,2.44852707E+2,1.35539234E+0,
6.35E05,2.60000000E+2,2.44636810E+2,9.52784598E-1,
6.36E05,2.61000000E+2,2.44422729E+2,1.02610731E+0,
6.37E05,2.38000000E+2,2.44210449E+2,-4.02563632E-1,
6.38E05,2.40000000E+2,2.43999954E+2,-2.58195937E-1,
6.39E05,2.45000000E+2,2.43791245E+2,7.72245526E-2,
6.4E05,2.61000000E+2,2.43584290E+2,1.07800543E+0,
6.41E05,2.31000000E+2,2.43379059E+2,-8.14482272E-1,
6.42E05,2.57000000E+2,2.43175568E+2,8.62344384E-1,
6.43E05,2.63000000E+2,2.42973801E+2,1.23486829E+0,
6.44E05,2.35000000E+2,2.42773712E+2,-5.07101059E-1,
6.45E05,2.55000000E+2,2.42575317E+2,7.78063834E-1,
6.46E05,2.55000000E+2,2.42378571E+2,7.90384591E-1,
6.47E05,2.33000000E+2,2.42183502E+2,-6.01631224E-1,
6.48E05,2.14000000E+2,2.41990051E+2,-1.91336048E+0,
6.49E05,2.35000000E+2,2.41798233E+2,-4.43467826E-1,
6.5E05,2.27000000E+2,2.41608017E+2,-9.69568133E-1,
6.51E05,2.60000000E+2,2.41419403E+2,1.15231967E+0,
6.52E05,2.40000000E+2,2.41232361E+2,-7.95485526E-2,
6.53E05,2.34000000E+2,2.41046906E+2,-4.60670650E-1,
6.54E05,2.74000000E+2,2.40862991E+2,2.00187993E+0,
6.55E05,2.07000000E+2,2.40680618E+2,-2.34096479E+0,
6.56E05,2.39000000E+2,2.40499771E+2,-9.70121250E-2,
6.57E05,2.52000000E+2,2.40320435E+2,7.35743463E-1,
6.58E05,2.25000000E+2,2.40142609E+2,-1.00950730E+0,
6.59E05,2.71000000E+2,2.39966278E+2,1.88516438E+0,
6.6E05,2.42000000E+2,2.39791397E+2,1.41974375E-1,
6.61E05,2.27000000E+2,2.39617996E+2,-8.37485790E-1,
6.62E05,2.43000000E+2,2.39446045E+2,2.27986321E-1,
6.63E05,2.35000000E+2,2.39275528E+2,-2.78904676E-1,
6.64E05,2.59000000E+2,2.39106430E+2,1.23612630E+0,
6.65E05,2.54000000E+2,2.38938751E+2,9.45026815E-1,
6.66E05,2.22000000E+2,2.38772476E+2,-1.12569487E+0,
6.67E05,2.44000000E+2,2.38607590E+2,3.45213681E-1,
6.68E05,2.48000000E+2,2.38444077E+2,6.06801748E-1,
6.69E05,2.37000000E+2,2.38281921E+2,-8.32697377E-2,
6.7E05,2.22000000E+2,2.38121124E+2,-1.08197904E+0,
6.71E05,2.57000000E+2,2.37961670E+2,1.18757844E+0,
6.72E05,2.43000000E+2,2.37803543E+2,3.33352864E-1,
6.73E05,2.36000000E+2,2.37646729E+2,-1.07192896E-1,
6.74E05,2.60000000E+2,2.37491226E+2,1.39593494E+0,
6.75E05,2.25000000E+2,2.37337021E+2,-8.22468042E-1,
6.76E05,2.55000000E+2,2.37184097E+2,1.11567509E+0,
6.77E05,2.25000000E+2,2.37032455E+2,-8.02163720E-1,
6.78E05,2.35000000E+2,2.36882065E+2,-1.22772373E-1,
6.79E05,2.32000000E+2,2.36732925E+2,-3.10731769E-1,
6.8E05,2.35000000E+2,2.36585037E+2,-1.03396423E-1,
6.81E05,2.49000000E+2,2.36438370E+2,7.96060979E-1,
6.82E05,2.68000000E+2,2.36292938E+2,1.93681705E+0,
6.83E05,2.61000000E+2,2.36148697E+2,1.53825700E+0,
6.84E05,2.07000000E+2,2.36005661E+2,-2.01603270E+0,
6.85E05,2.39000000E+2,2.35863815E+2,2.02862918E-1,
6.86E05,2.43000000E+2,2.35723160E+2,4.66809511E-1,
6.87E05,2.64000000E+2,2.35583649E+2,1.74890554E+0,
6.88E05,2.31000000E+2,2.35445313E+2,-2.92480081E-1,
6.89E05,2.45000000E+2,2.35308136E+2,6.19190454E-1,
6.9E05,2.51000000E+2,2.35172073E+2,9.99049902E-1,
6.91E05,2.57000000E+2,2.35037155E+2,1.37000465E+0,
6.92E05,2.43000000E+2,2.34903351E+2,5.19400299E-1,
6.93E05,2.31000000E+2,2.34770660E+2,-2.48091236E-1,
6.94E05,2.74000000E+2,2.34639069E+2,2.37788081E+0,
6.95E05,2.40000000E+2,2.34508575E+2,3.54469955E-1,
6.96E05,2.21000000E+2,2.34379150E+2,-8.99979055E-1,
6.97E05,2.33000000E+2,2.34250809E+2,-8.19432065E-2,
6.98E05,2.30000000E+2,2.34123535E+2,-2.71897852E-1,
6.99E05,2.35000000E+2,2.33997314E+2,6.54079914E-2,
7E05,2.37000000E+2,2.33872131E+2,2.03176901E-1,
7.01E05,2.22000000E+2,2.33747986E+2,-7.88473189E-1,
7.02E05,2.34000000E+2,2.33624878E+2,2.45224983E-2,
7.03E05,2.42000000E+2,2.33502777E+2,5.46222150E-1,
7.04E05,2.35000000E+2,2.33381699E+2,1.05566338E-1,
7.05E05,2.76000000E+2,2.33261627E+2,2.57254767E+0,
7.06E05,2.54000000E+2,2.33142532E+2,1.30871391E+0,
7.07E05,2.33000000E+2,2.33024429E+2,-1.60041801E-3,
7.08E05,2.52000000E+2,2.32907318E+2,1.20272589E+0,
7.09E05,2.29000000E+2,2.32791153E+2,-2.50526428E-1,
7.1E05,2.12000000E+2,2.32675964E+2,-1.42003107E+0,
7.11E05,2.38000000E+2,2.32561722E+2,3.52511227E-1,
7.12E05,2.44000000E+2,2.32448425E+2,7.39513755E-1,
7.13E05,2.23000000E+2,2.32336060E+2,-6.25188828E-1,
7.14E05,2.22000000E+2,2.32224640E+2,-6.86232924E-1,
7.15E05,2.28000000E+2,2.32114120E+2,-2.72464275E-1,
7.16E05,2.00000000E+2,2.32004532E+2,-2.26306224E+0,
7.17E05,2.52000000E+2,2.31895844E+2,1.26644289E+0,
7.18E05,2.31000000E+2,2.31788040E+2,-5.18492348E-2,
7.19E05,2.42000000E+2,2.31681137E+2,6.63321614E-1,
7.2E05,2.58000000E+2,2.31575119E+2,1.64514124E+0,
7.21E05,2.38000000E+2,2.31469971E+2,4.23278928E-1,
7.22E05,2.46000000E+2,2.31365692E+2,9.33049381E-1,
7.23E05,2.29000000E+2,2.31262283E+2,-1.49495885E-1,
7.24E05,2.34000000E+2,2.31159714E+2,1.85675323E-1,
7.25E05,2.22000000E+2,2.31057999E+2,-6.07933044E-1,
7.26E05,2.41000000E+2,2.30957123E+2,6.46918595E-1,
7.27E05,2.35000000E+2,2.30857086E+2,2.70253897E-1,
7.28E05,2.37000000E+2,2.30757858E+2,4.05470669E-1,
7.29E05,2.11000000E+2,2.30659454E+2,-1.35341263E+0,
7.3E05,2.34000000E+2,2.30561874E+2,2.24757314E-1,
7.31E05,2.27000000E+2,2.30465088E+2,-2.29985952E-1,
7.32E05,2.20000000E+2,2.30369095E+2,-6.99084222E-1,
7.33E05,2.40000000E+2,2.30273911E+2,6.27816379E-1,
7.34E05,2.38000000E+2,2.30179489E+2,5.06928444E-1,
7.35E05,2.19000000E+2,2.30085861E+2,-7.49113083E-1,
7.36E05,2.35000000E+2,2.29992996E+2,3.26620907E-1,
7.37E05,2.48000000E+2,2.29900909E+2,1.14929342E+0,
7.38E05,2.62000000E+2,2.29809570E+2,1.98873138E+0,
7.39E05,2.38000000E+2,2.29718979E+2,5.36778867E-1,
7.4E05,2.24000000E+2,2.29629135E+2,-3.76112431E-1,
7.41E05,2.38000000E+2,2.29540039E+2,5.48377812E-1,
7.42E05,2.29000000E+2,2.29451675E+2,-2.98475511E-2,
7.43E05,2.30000000E+2,2.29364029E+2,4.19346914E-2,
7.44E05,2.10000000E+2,2.29277115E+2,-1.33024728E+0,
7.45E05,2.49000000E+2,2.29190918E+2,1.25534952E+0,
7.46E05,2.02000000E+2,2.29105423E+2,-1.90713084E+0,
7.47E05,2.51000000E+2,2.29020630E+2,1.38732553E+0,
7.48E05,2.16000000E+2,2.28936539E+2,-8.80219996E-1,
7.49E05,2.51000000E+2,2.28853134E+2,1.39789784E+0,
7.5E05,2.32000000E+2,2.28770432E+2,2.12031558E-1,
7.51E05,2.28000000E+2,2.28688400E+2,-4.55904230E-2,
7.52E05,2.51000000E+2,2.28607040E+2,1.41343105E+0,
7.53E05,2.44000000E+2,2.28526352E+2,9.90598798E-1,
7.54E05,2.57000000E+2,2.28446320E+2,1.78112960E+0,
7.55E05,2.22000000E+2,2.28366943E+2,-4.27321255E-1,
7.56E05,2.25000000E+2,2.28288239E+2,-2.19215900E-1,
7.57E05,2.05000000E+2,2.28210159E+2,-1.62106788E+0,
7.58E05,2.40000000E+2,2.28132736E+2,7.66028583E-1,
7.59E05,2.15000000E+2,2.28055939E+2,-8.90407622E-1,
7.6E05,2.48000000E+2,2.27979782E+2,1.27128506E+0,
7.61E05,2.37000000E+2,2.27904251E+2,5.90832353E-1,
7.62E05,2.04000000E+2,2.27829346E+2,-1.66838789E+0,
7.63E05,2.39000000E+2,2.27755035E+2,7.27376282E-1,
7.64E05,2.32000000E+2,2.27681351E+2,2.83533216E-1,
7.65E05,2.48000000E+2,2.27608276E+2,1.29487574E+0,
7.66E05,2.07000000E+2,2.27535782E+2,-1.42733550E+0,
7.67E05,2.33000000E+2,2.27463898E+2,3.62682134E-1,
7.68E05,2.21000000E+2,2.27392609E+2,-4.30013388E-1,
7.69E05,2.40000000E+2,2.27321884E+2,8.18368852E-1,
7.7E05,2.18000000E+2,2.27251755E+2,-6.26607895E-1,
7.71E05,2.06000000E+2,2.27182205E+2,-1.47583413E+0,
7.72E05,2.23000000E+2,2.27113220E+2,-2.75441617E-1,
7.73E05,2.29000000E+2,2.27044800E+2,1.29203260E-1,
7.74E05,2.39000000E+2,2.26976944E+2,7.77706861E-1,
7.75E05,2.25000000E+2,2.26909637E+2,-1.27309158E-1,
7.76E05,2.24000000E+2,2.26842896E+2,-1.89948946E-1,
7.77E05,2.33000000E+2,2.26776688E+2,4.07702744E-1,
7.78E05,2.33000000E+2,2.26711029E+2,4.12004173E-1,
7.79E05,2.44000000E+2,2.26645920E+2,1.11098111E+0,
7.8E05,2.27000000E+2,2.26581329E+2,2.77881473E-2,
7.81E05,1.98000000E+2,2.26517273E+2,-2.02663445E+0,
7.82E05,2.28000000E+2,2.26453751E+2,1.02402866E-1,
7.83E05,2.30000000E+2,2.26390732E+2,2.37988085E-1,
7.84E05,2.09000000E+2,2.26328247E+2,-1.19861984E+0,
7.85E05,2.37000000E+2,2.26266266E+2,6.97230935E-1,
7.86E05,2.34000000E+2,2.26204788E+2,5.09588957E-1,
7.87E05,2.42000000E+2,2.26143829E+2,1.01927328E+0,
7.88E05,2.42000000E+2,2.26083359E+2,1.02316046E+0,
7.89E05,2.05000000E+2,2.26023376E+2,-1.46833634E+0,
7.9E05,2.35000000E+2,2.25963898E+2,5.89450300E-1,
7.91E05,2.34000000E+2,2.25904907E+2,5.29192805E-1,
7.92E05,2.12000000E+2,2.25846390E+2,-9.50973988E-1,
7.93E05,2.67000000E+2,2.25788361E+2,2.52211142E+0,
7.94E05,2.24000000E+2,2.25730804E+2,-1.15644239E-1,
7.95E05,2.24000000E+2,2.25673721E+2,-1.11830212E-1,
7.96E05,2.15000000E+2,2.25617111E+2,-7.24080980E-1,
7.97E05,2.22000000E+2,2.25560959E+2,-2.38995910E-1,
7.98E05,2.35000000E+2,2.25505264E+2,6.19368255E-1,
7.99E05,2.33000000E+2,2.25450027E+2,4.94615138E-1,
8E05,2.19000000E+2,2.25395248E+2,-4.32150841E-1,
8.01E05,2.17000000E+2,2.25340912E+2,-5.66218019E-1,
8.02E05,2.33000000E+2,2.25287018E+2,5.05294263E-1,
8.03E05,1.94000000E+2,2.25233582E+2,-2.24244046E+0,
8.04E05,2.25000000E+2,2.25180557E+2,-1.20371506E-2,
8.05E05,2.16000000E+2,2.25127991E+2,-6.21081114E-1,
8.06E05,1.99000000E+2,2.25075836E+2,-1.84846699E+0,
8.07E05,2.22000000E+2,2.25024124E+2,-2.02965930E-1,
8.08E05,2.46000000E+2,2.24972824E+2,1.34064376E+0,
8.09E05,2.09000000E+2,2.24921951E+2,-1.10134435E+0,
8.1E05,2.15000000E+2,2.24871490E+2,-6.73230052E-1,
8.11E05,1.95000000E+2,2.24821442E+2,-2.13555789E+0,
8.12E05,2.17000000E+2,2.24771805E+2,-5.27584493E-1,
8.13E05,2.29000000E+2,2.24722565E+2,2.82660872E-1,
8.14E05,2.30000000E+2,2.24673737E+2,3.51203412E-1,
8.15E05,2.09000000E+2,2.24625320E+2,-1.08082604E+0,
8.16E05,2.15000000E+2,2.24577286E+2,-6.53165460E-1,
8.17E05,2.28000000E+2,2.24529648E+2,2.29829684E-1,
8.18E05,2.07000000E+2,2.24482391E+2,-1.21511018E+0,
8.19E05,2.49000000E+2,2.24435532E+2,1.55670989E+0,
8.2E05,2.44000000E+2,2.24389053E+2,1.25546217E+0,
8.21E05,2.13000000E+2,2.24342941E+2,-7.77205527E-1,
8.22E05,2.39000000E+2,2.24297226E+2,9.51043367E-1,
8.23E05,2.25000000E+2,2.24251877E+2,4.98748794E-2,
8.24E05,2.39000000E+2,2.24206894E+2,9.56886470E-1,
8.25E05,2.19000000E+2,2.24162292E+2,-3.48835379E-1,
8.26E05,2.42000000E+2,2.24118042E+2,1.14949572E+0,
8.27E05,2.25000000E+2,2.24074158E+2,6.17228188E-2,
8.28E05,2.16000000E+2,2.24030640E+2,-5.46415806E-1,
8.29E05,2.37000000E+2,2.23987473E+2,8.45254481E-1,
8.3E05,2.36000000E+2,2.23944656E+2,7.84736037E-1,
8.31E05,2.27000000E+2,2.23902191E+2,2.05608785E-1,
8.32E05,2.32000000E+2,2.23860077E+2,5.34412146E-1,
8.33E05,2.44000000E+2,2.23818298E+2,1.29200101E+0,
8.34E05,2.13000000E+2,2.23776871E+2,-7.38418996E-1,
8.35E05,2.27000000E+2,2.23735764E+2,2.16654971E-1,
8.36E05,2.15000000E+2,2.23695007E+2,-5.92994571E-1,
8.37E05,2.51000000E+2,2.23654587E+2,1.72602725E+0,
8.38E05,2.35000000E+2,2.23614487E+2,7.42708981E-1,
8.39E05,2.34000000E+2,2.23574722E+2,6.81521714E-1,
8.4E05,2.21000000E+2,2.23535278E+2,-1.70541272E-1,
8.41E05,2.12000000E+2,2.23496170E+2,-7.89560199E-1,
8.42E05,2.25000000E+2,2.23457367E+2,1.02842204E-1,
8.43E05,2.42000000E+2,2.23418884E+2,1.19443929E+0,
8.44E05,2.42000000E+2,2.23380722E+2,1.19689250E+0,
8.45E05,2.37000000E+2,2.23342865E+2,8.87126207E-1,
8.46E05,2.25000000E+2,2.23305313E+2,1.12979129E-1,
8.47E05,1.91000000E+2,2.23268066E+2,-2.33483529E+0,
8.48E05,2.27000000E+2,2.23231140E+2,2.50147998E-1,
8.49E05,2.13000000E+2,2.23194504E+2,-6.98515892E-1,
8.5E05,2.30000000E+2,2.23158173E+2,4.51136738E-1,
8.51E05,2.34000000E+2,2.23122131E+2,7.11108565E-1,
8.52E05,2.28000000E+2,2.23086380E+2,3.25412422E-1,
8.53E05,2.26000000E+2,2.23050934E+2,1.96168959E-1,
8.54E05,2.25000000E+2,2.23015778E+2,1.32281497E-1,
8.55E05,2.33000000E+2,2.22980896E+2,6.56373322E-1,
8.56E05,2.45000000E+2,2.22946304E+2,1.40895891E+0,
8.57E05,2.47000000E+2,2.22912003E+2,1.53268254E+0,
8.58E05,2.31000000E+2,2.22877975E+2,5.34389973E-1,
8.59E05,2.12000000E+2,2.22844223E+2,-7.44784296E-1,
8.6E05,2.38000000E+2,2.22810745E+2,9.84573185E-1,
8.61E05,2.10000000E+2,2.22777542E+2,-8.81734192E-1,
8.62E05,2.34000000E+2,2.22744614E+2,7.35787630E-1,
8.63E05,2.24000000E+2,2.22711960E+2,8.60608071E-2,
8.64E05,2.42000000E+2,2.22679565E+2,1.24196458E+0,
8.65E05,2.13000000E+2,2.22647430E+2,-6.61031067E-1,
8.66E05,2.03000000E+2,2.22615570E+2,-1.37674308E+0,
8.67E05,2.55000000E+2,2.22583969E+2,2.02997065E+0,
8.68E05,2.07000000E+2,2.22552612E+2,-1.08098125E+0,
8.69E05,2.14000000E+2,2.22521515E+2,-5.82518756E-1,
8.7E05,2.08000000E+2,2.22490677E+2,-1.00474763E+0,
8.71E05,2.18000000E+2,2.22460098E+2,-3.02075952E-1,
8.72E05,2.31000000E+2,2.22429764E+2,5.63880146E-1,
8.73E05,2.18000000E+2,2.22399673E+2,-2.97983468E-1,
8.74E05,2.04000000E+2,2.22369827E+2,-1.28614521E+0,
8.75E05,2.36000000E+2,2.22340225E+2,8.89175594E-1,
8.76E05,2.17000000E+2,2.22310867E+2,-3.60525161E-1,
8.77E05,2.36000000E+2,2.22281738E+2,8.92982781E-1,
8.78E05,2.03000000E+2,2.22252869E+2,-1.35128641E+0,
8.79E05,2.08000000E+2,2.22224213E+2,-9.86271739E-1,
8.8E05,2.18000000E+2,2.22195801E+2,-2.84175485E-1,
8.81E05,2.23000000E+2,2.22167618E+2,5.57404347E-2,
8.82E05,2.21000000E+2,2.22139679E+2,-7.66631067E-2,
8.83E05,2.20000000E+2,2.22111954E+2,-1.42387897E-1,
8.84E05,2.32000000E+2,2.22084457E+2,6.50987267E-1,
8.85E05,2.10000000E+2,2.22057190E+2,-8.32025170E-1,
8.86E05,1.80000000E+2,2.22030136E+2,-3.13274145E+0,
8.87E05,1.73000000E+2,2.22003311E+2,-3.72565269E+0,
8.88E05,2.34000000E+2,2.21976700E+2,7.85987735E-1,
8.89E05,2.22000000E+2,2.21950302E+2,3.33550316E-3,
8.9E05,2.44000000E+2,2.21924133E+2,1.41326249E+0,
8.91E05,2.53000000E+2,2.21898163E+2,1.95535576E+0,
8.92E05,2.02000000E+2,2.21872406E+2,-1.39821756E+0,
8.93E05,2.17000000E+2,2.21846878E+2,-3.29027534E-1,
8.94E05,2.37000000E+2,2.21821533E+2,9.85947371E-1,
8.95E05,2.05000000E+2,2.21796417E+2,-1.17311263E+0,
8.96E05,2.44000000E+2,2.21771484E+2,1.42303491E+0,
8.97E05,2.10000000E+2,2.21746780E+2,-8.10604870E-1,
8.98E05,2.03000000E+2,2.21722260E+2,-1.31404495E+0,
8.99E05,2.12000000E+2,2.21697937E+2,-6.66057050E-1,
9E05,2.14000000E+2,2.21673828E+2,-5.24572074E-1,
9.01E05,2.09000000E+2,2.21649902E+2,-8.75012040E-1,
9.02E05,2.29000000E+2,2.21626175E+2,4.87276077E-1,
9.03E05,2.11000000E+2,2.21602646E+2,-7.29916275E-1,
9.04E05,2.16000000E+2,2.21579300E+2,-3.79623264E-1,
9.05E05,2.36000000E+2,2.21556152E+2,9.40214396E-1,
9.06E05,2.17000000E+2,2.21533188E+2,-3.07732850E-1,
9.07E05,2.06000000E+2,2.21510422E+2,-1.08066225E+0,
9.08E05,2.38000000E+2,2.21487823E+2,1.07032549E+0,
9.09E05,2.21000000E+2,2.21465424E+2,-3.13077793E-2,
9.1E05,2.07000000E+2,2.21443207E+2,-1.00387228E+0,
9.11E05,1.98000000E+2,2.21421158E+2,-1.66446924E+0,
9.12E05,2.11000000E+2,2.21399307E+2,-7.15917826E-1,
9.13E05,2.58000000E+2,2.21377625E+2,2.28000951E+0,
9.14E05,2.16000000E+2,2.21356110E+2,-3.64437103E-1,
9.15E05,2.05000000E+2,2.21334778E+2,-1.14087033E+0,
9.16E05,2.19000000E+2,2.21313629E+2,-1.56340569E-1,
9.17E05,2.29000000E+2,2.21292648E+2,5.09316146E-1,
9.18E05,2.42000000E+2,2.21271835E+2,1.33245683E+0,
9.19E05,2.14000000E+2,2.21251190E+2,-4.95681137E-1,
9.2E05,2.35000000E+2,2.21230713E+2,8.98209214E-1,
9.21E05,2.25000000E+2,2.21210403E+2,2.52639771E-1,
9.22E05,2.18000000E+2,2.21190262E+2,-2.16071784E-1,
9.23E05,2.11000000E+2,2.21170288E+2,-7.00151503E-1,
9.24E05,2.27000000E+2,2.21150467E+2,3.88247132E-1,
9.25E05,2.25000000E+2,2.21130814E+2,2.57945776E-1,
9.26E05,2.20000000E+2,2.21111328E+2,-7.49257281E-2,
9.27E05,2.43000000E+2,2.21091995E+2,1.40539908E+0,
9.28E05,2.27000000E+2,2.21072815E+2,3.93401086E-1,
9.29E05,2.17000000E+2,2.21053787E+2,-2.75189012E-1,
9.3E05,2.08000000E+2,2.21034927E+2,-9.03809607E-1,
9.31E05,2.16000000E+2,2.21016220E+2,-3.41310561E-1,
9.32E05,2.54000000E+2,2.20997665E+2,2.07075071E+0,
9.33E05,2.20000000E+2,2.20979248E+2,-6.60208911E-2,
9.34E05,2.34000000E+2,2.20960999E+2,8.52386236E-1,
9.35E05,2.15000000E+2,2.20942886E+2,-4.05301481E-1,
9.36E05,2.21000000E+2,2.20924927E+2,5.04997279E-3,
9.37E05,2.32000000E+2,2.20907104E+2,7.28284240E-1,
9.38E05,2.25000000E+2,2.20889435E+2,2.74037689E-1,
9.39E05,2.12000000E+2,2.20871918E+2,-6.09325826E-1,
9.4E05,2.12000000E+2,2.20854538E+2,-6.08132184E-1,
9.41E05,1.99000000E+2,2.20837296E+2,-1.54800487E+0,
9.42E05,2.37000000E+2,2.20820190E+2,1.05099154E+0,
9.43E05,2.20000000E+2,2.20803238E+2,-5.41542880E-2,
9.44E05,2.46000000E+2,2.20786407E+2,1.60755992E+0,
9.45E05,2.09000000E+2,2.20769730E+2,-8.14129233E-1,
9.46E05,2.09000000E+2,2.20753174E+2,-8.12983990E-1,
9.47E05,2.22000000E+2,2.20736755E+2,8.47834274E-2,
9.48E05,1.92000000E+2,2.20720474E+2,-2.07272172E+0,
9.49E05,2.03000000E+2,2.20704330E+2,-1.24260044E+0,
9.5E05,2.16000000E+2,2.20688324E+2,-3.19000036E-1,
9.51E05,2.34000000E+2,2.20672424E+2,8.71250927E-1,
9.52E05,2.28000000E+2,2.20656677E+2,4.86323446E-1,
9.53E05,2.00000000E+2,2.20641052E+2,-1.45954275E+0,
9.54E05,2.19000000E+2,2.20625549E+2,-1.09844439E-1,
9.55E05,2.38000000E+2,2.20610168E+2,1.12721539E+0,
9.56E05,2.06000000E+2,2.20594925E+2,-1.01687658E+0,
9.57E05,2.25000000E+2,2.20579803E+2,2.94679761E-1,
9.58E05,2.10000000E+2,2.20564804E+2,-7.29040742E-1,
9.59E05,2.37000000E+2,2.20549911E+2,1.06854808E+0,
9.6E05,2.05000000E+2,2.20535156E+2,-1.08502233E+0,
9.61E05,2.35000000E+2,2.20520523E+2,9.44536924E-1,
9.62E05,2.12000000E+2,2.20506012E+2,-5.84195316E-1,
9.63E05,2.12000000E+2,2.20491608E+2,-5.83205998E-1,
9.64E05,2.04000000E+2,2.20477325E+2,-1.15364361E+0,
9.65E05,2.24000000E+2,2.20463150E+2,2.36315727E-1,
9.66E05,2.56000000E+2,2.20449112E+2,2.22193050E+0,
9.67E05,2.30000000E+2,2.20435165E+2,6.30686522E-1,
9.68E05,2.33000000E+2,2.20421341E+2,8.24055374E-1,
9.69E05,2.03000000E+2,2.20407639E+2,-1.22177672E+0,
9.7E05,2.64000000E+2,2.20394043E+2,2.68376112E+0,
9.71E05,2.22000000E+2,2.20380554E+2,1.08690090E-1,
9.72E05,2.29000000E+2,2.20367172E+2,5.70473313E-1,
9.73E05,2.34000000E+2,2.20353897E+2,8.92073691E-1,
9.74E05,2.16000000E+2,2.20340744E+2,-2.95350224E-1,
9.75E05,2.34000000E+2,2.20327682E+2,8.93787384E-1,
9.76E05,2.39000000E+2,2.20314743E+2,1.20864880E+0,
9.77E05,2.57000000E+2,2.20301895E+2,2.28916478E+0,
9.78E05,2.25000000E+2,2.20289169E+2,3.14055383E-1,
9.79E05,2.21000000E+2,2.20276535E+2,4.86655198E-2,
9.8E05,2.33000000E+2,2.20264008E+2,8.34362626E-1,
9.81E05,2.24000000E+2,2.20251572E+2,2.50452399E-1,
9.82E05,2.39000000E+2,2.20239243E+2,1.21353245E+0,
9.83E05,2.14000000E+2,2.20227020E+2,-4.25670326E-1,
9.84E05,2.27000000E+2,2.20214890E+2,4.50343579E-1,
9.85E05,2.12000000E+2,2.20202866E+2,-5.63375115E-1,
9.86E05,2.28000000E+2,2.20190933E+2,5.17168105E-1,
9.87E05,2.32000000E+2,2.20179108E+2,7.76079595E-1,
9.88E05,2.06000000E+2,2.20167374E+2,-9.87087727E-1,
9.89E05,2.05000000E+2,2.20155731E+2,-1.05852222E+0,
9.9E05,2.41000000E+2,2.20144180E+2,1.34344149E+0,
9.91E05,2.29000000E+2,2.20132736E+2,5.85965276E-1,
9.92E05,2.57000000E+2,2.20121368E+2,2.30042577E+0,
9.93E05,2.14000000E+2,2.20110107E+2,-4.17678326E-1,
9.94E05,2.00000000E+2,2.20098923E+2,-1.42120838E+0,
9.95E05,2.14000000E+2,2.20087845E+2,-4.16156501E-1,
9.96E05,2.34000000E+2,2.20076859E+2,9.10184264E-1,
9.97E05,2.22000000E+2,2.20065948E+2,1.29805043E-1,
9.98E05,2.41000000E+2,2.20055130E+2,1.34917772E+0,
9.99E05,1.93000000E+2,2.20044403E+2,-1.94669867E+0,
1E06,2.26000000E+2,2.20033768E+2,3.96867871E-1,
1.001E006,2.20000000E+2,2.20023224E+2,-1.56575348E-3,
1.002E006,2.21000000E+2,2.20012756E+2,6.64091930E-2,
1.003E006,2.16000000E+2,2.20002365E+2,-2.72326440E-1,
1.004E006,2.39000000E+2,2.19992081E+2,1.22952008E+0,
1.005E006,2.29000000E+2,2.19981857E+2,5.95935643E-1,
1.006E006,2.22000000E+2,2.19971725E+2,1.36128873E-1,
1.007E006,2.35000000E+2,2.19961685E+2,9.80991483E-1,
1.008E006,2.41000000E+2,2.19951721E+2,1.35583889E+0,
1.009E006,2.38000000E+2,2.19941833E+2,1.17053711E+0,
1.01E06,2.39000000E+2,2.19932037E+2,1.23340392E+0,
1.011E006,2.30000000E+2,2.19922318E+2,6.64502680E-1,
1.012E006,2.21000000E+2,2.19912659E+2,7.31424913E-2,
1.013E006,2.21000000E+2,2.19903107E+2,7.37850294E-2,
1.014E006,2.27000000E+2,2.19893616E+2,4.71667290E-1,
1.015E006,2.09000000E+2,2.19884201E+2,-7.52875924E-1,
1.016E006,2.40000000E+2,2.19874863E+2,1.29907203E+0,
1.017E006,2.35000000E+2,2.19865616E+2,9.87258375E-1,
1.018E006,2.23000000E+2,2.19856430E+2,2.10509017E-1,
1.019E006,2.40000000E+2,2.19847321E+2,1.30084991E+0,
1.02E06,2.37000000E+2,2.19838287E+2,1.11477304E+0,
1.021E006,2.55000000E+2,2.19829330E+2,2.20247293E+0,
1.022E006,2.15000000E+2,2.19820435E+2,-3.28750908E-1,
1.023E006,2.24000000E+2,2.19811630E+2,2.79847234E-1,
1.024E006,2.13000000E+2,2.19802887E+2,-4.66126144E-1,
1.025E006,2.27000000E+2,2.19794205E+2,4.78265435E-1,
1.026E006,2.40000000E+2,2.19785614E+2,1.30483305E+0,
1.027E006,2.05000000E+2,2.19777084E+2,-1.03207636E+0,
1.028E006,2.07000000E+2,2.19768616E+2,-8.87480140E-1,
1.029E006,2.04000000E+2,2.19760223E+2,-1.10343635E+0,
1.03E06,2.02000000E+2,2.19751907E+2,-1.24901986E+0,
1.031E006,2.20000000E+2,2.19743637E+2,1.72839835E-2,
1.032E006,2.49000000E+2,2.19735458E+2,1.85456491E+0,
1.033E006,1.90000000E+2,2.19727325E+2,-2.15664697E+0,
1.034E006,2.01000000E+2,2.19719284E+2,-1.32035649E+0,
1.035E006,2.30000000E+2,2.19711288E+2,6.78417504E-1,
1.036E006,2.10000000E+2,2.19703354E+2,-6.69595063E-1,
1.037E006,2.31000000E+2,2.19695496E+2,7.43781805E-1,
1.038E006,2.49000000E+2,2.19687698E+2,1.85759163E+0,
1.039E006,2.26000000E+2,2.19679962E+2,4.20402676E-1,
1.04E06,2.36000000E+2,2.19672302E+2,1.06284261E+0,
1.041E006,2.22000000E+2,2.19664688E+2,1.56735867E-1,
1.042E006,2.24000000E+2,2.19657150E+2,2.90168852E-1,
1.043E006,2.00000000E+2,2.19649658E+2,-1.38944066E+0,
1.044E006,2.34000000E+2,2.19642242E+2,9.38596010E-1,
1.045E006,2.28000000E+2,2.19634872E+2,5.53994119E-1,
1.046E006,2.33000000E+2,2.19627563E+2,8.76057446E-1,
1.047E006,2.36000000E+2,2.19620331E+2,1.06622565E+0,
1.048E006,2.17000000E+2,2.19613144E+2,-1.77391768E-1,
1.049E006,2.02000000E+2,2.19606018E+2,-1.23875511E+0,
1.05E06,2.10000000E+2,2.19598953E+2,-6.62390709E-1,
1.051E006,2.05000000E+2,2.19591934E+2,-1.01914489E+0,
1.052E006,2.28000000E+2,2.19584991E+2,5.57297528E-1,
1.053E006,2.42000000E+2,2.19578094E+2,1.44133461E+0,
1.054E006,2.22000000E+2,2.19571243E+2,1.63007483E-1,
1.055E006,2.26000000E+2,2.19564468E+2,4.28085208E-1,
1.056E006,1.89000000E+2,2.19557739E+2,-2.22274852E+0,
1.057E006,2.18000000E+2,2.19551056E+2,-1.05050758E-1,
1.058E006,2.07000000E+2,2.19544434E+2,-8.71898413E-1,
1.059E006,2.29000000E+2,2.19537872E+2,6.25275016E-1,
1.06E06,2.10000000E+2,2.19531357E+2,-6.57726109E-1,
1.061E006,2.29000000E+2,2.19524902E+2,6.26132071E-1,
1.062E006,2.22000000E+2,2.19518494E+2,1.66547805E-1,
1.063E006,2.41000000E+2,2.19512131E+2,1.38415539E+0,
1.064E006,2.15000000E+2,2.19505829E+2,-3.07294965E-1,
1.065E006,2.11000000E+2,2.19499573E+2,-5.85134745E-1,
1.066E006,2.40000000E+2,2.19493378E+2,1.32369685E+0,
1.067E006,1.83000000E+2,2.19487228E+2,-2.69721341E+0,
1.068E006,2.20000000E+2,2.19481125E+2,3.49825546E-2,
1.069E006,2.27000000E+2,2.19475067E+2,4.99447316E-1,
1.07E06,2.47000000E+2,2.19469070E+2,1.75175107E+0,
1.071E006,2.07000000E+2,2.19463120E+2,-8.66246700E-1,
1.072E006,2.07000000E+2,2.19457214E+2,-8.65836263E-1,
1.073E006,2.19000000E+2,2.19451355E+2,-3.04997433E-2,
1.074E006,2.16000000E+2,2.19445557E+2,-2.34440431E-1,
1.075E006,2.24000000E+2,2.19439789E+2,3.04691941E-1,
1.076E006,1.92000000E+2,2.19434082E+2,-1.97988439E+0,
1.077E006,2.32000000E+2,2.19428406E+2,8.25365603E-1,
1.078E006,2.38000000E+2,2.19422791E+2,1.20418167E+0,
1.079E006,2.06000000E+2,2.19417206E+2,-9.34821010E-1,
1.08E06,2.32000000E+2,2.19411682E+2,8.26463580E-1,
1.081E006,2.19000000E+2,2.19406189E+2,-2.74477061E-2,
1.082E006,2.21000000E+2,2.19400757E+2,1.07576743E-1,
1.083E006,2.26000000E+2,2.19395355E+2,4.39334422E-1,
1.084E006,2.31000000E+2,2.19389999E+2,7.63881981E-1,
1.085E006,2.19000000E+2,2.19384689E+2,-2.59948950E-2,
1.086E006,2.12000000E+2,2.19379425E+2,-5.06820977E-1,
1.087E006,2.21000000E+2,2.19374207E+2,1.09362707E-1,
1.088E006,2.10000000E+2,2.19369019E+2,-6.46523714E-1,
1.089E006,2.20000000E+2,2.19363892E+2,4.28864174E-2,
1.09E06,2.21000000E+2,2.19358795E+2,1.10399388E-1,
1.091E006,2.35000000E+2,2.19353729E+2,1.02065015E+0,
1.092E006,2.14000000E+2,2.19348724E+2,-3.65631253E-1,
1.093E006,1.80000000E+2,2.19343750E+2,-2.93251014E+0,
1.094E006,2.24000000E+2,2.19338821E+2,3.11438113E-1,
1.095E006,2.31000000E+2,2.19333923E+2,7.67571509E-1,
1.096E006,2.29000000E+2,2.19329071E+2,6.39072955E-1,
1.097E006,2.17000000E+2,2.19324265E+2,-1.57781363E-1,
1.098E006,2.07000000E+2,2.19319489E+2,-8.56263638E-1,
1.099E006,2.28000000E+2,2.19314758E+2,5.75194180E-1,
1.1E06,2.39000000E+2,2.19310059E+2,1.27363646E+0,
1.101E006,2.11000000E+2,2.19305389E+2,-5.71766615E-1,
1.102E006,2.15000000E+2,2.19300781E+2,-2.93310851E-1,
1.103E006,2.32000000E+2,2.19296188E+2,8.34046066E-1,
1.104E006,2.28000000E+2,2.19291656E+2,5.76724112E-1,
1.105E006,2.26000000E+2,2.19287140E+2,4.46532816E-1,
1.106E006,2.41000000E+2,2.19282669E+2,1.39893627E+0,
1.107E006,2.11000000E+2,2.19278229E+2,-5.69896758E-1,
1.108E006,2.43000000E+2,2.19273834E+2,1.52203417E+0,
1.109E006,2.26000000E+2,2.19269470E+2,4.47708189E-1,
1.11E06,2.27000000E+2,2.19265152E+2,5.13379872E-1,
1.111E006,2.22000000E+2,2.19260849E+2,1.83839783E-1,
1.112E006,1.94000000E+2,2.19256592E+2,-1.81331754E+0,
1.113E006,2.28000000E+2,2.19252380E+2,5.79325259E-1,
1.114E006,2.35000000E+2,2.19248184E+2,1.02753520E+0,
1.115E006,2.22000000E+2,2.19244034E+2,1.84968337E-1,
1.116E006,2.40000000E+2,2.19239914E+2,1.34005785E+0,
1.117E006,2.31000000E+2,2.19235825E+2,7.74025917E-1,
1.118E006,2.08000000E+2,2.19231766E+2,-7.78782845E-1,
1.119E006,2.26000000E+2,2.19227753E+2,4.50483203E-1,
1.12E06,2.14000000E+2,2.19223755E+2,-3.57088536E-1,
1.121E006,2.25000000E+2,2.19219803E+2,3.85346472E-1,
1.122E006,2.12000000E+2,2.19215881E+2,-4.95588779E-1,
1.123E006,2.34000000E+2,2.19211990E+2,9.66722429E-1,
1.124E006,2.09000000E+2,2.19208130E+2,-7.06111073E-1,
1.125E006,2.23000000E+2,2.19204300E+2,2.54178882E-1,
1.126E006,2.41000000E+2,2.19200500E+2,1.40422928E+0,
1.127E006,2.19000000E+2,2.19196747E+2,-1.32949185E-2,
1.128E006,2.30000000E+2,2.19193008E+2,7.12591887E-1,
1.129E006,1.93000000E+2,2.19189301E+2,-1.88514709E+0,
1.13E06,2.30000000E+2,2.19185623E+2,7.13078856E-1,
1.131E006,2.45000000E+2,2.19181976E+2,1.64945304E+0,
1.132E006,2.15000000E+2,2.19178360E+2,-2.84961790E-1,
1.133E006,2.34000000E+2,2.19174774E+2,9.69155371E-1,
1.134E006,2.00000000E+2,2.19171219E+2,-1.35560989E+0,
1.135E006,2.33000000E+2,2.19167694E+2,9.06184494E-1,
1.136E006,2.33000000E+2,2.19164200E+2,9.06413376E-1,
1.137E006,2.13000000E+2,2.19160721E+2,-4.22125638E-1,
1.138E006,2.34000000E+2,2.19157288E+2,9.70298469E-1,
1.139E006,2.33000000E+2,2.19153870E+2,9.07090187E-1,
1.14E06,1.92000000E+2,2.19150482E+2,-1.95941734E+0,
1.141E006,2.09000000E+2,2.19147125E+2,-7.01891303E-1,
1.142E006,2.39000000E+2,2.19143799E+2,1.28439081E+0,
1.143E006,1.92000000E+2,2.19140488E+2,-1.95869601E+0,
1.144E006,2.20000000E+2,2.19137207E+2,5.81694879E-2,
1.145E006,2.34000000E+2,2.19133957E+2,9.71823692E-1,
1.146E006,2.34000000E+2,2.19130737E+2,9.72034156E-1,
1.147E006,2.23000000E+2,2.19127548E+2,2.59318560E-1,
1.148E006,2.15000000E+2,2.19124374E+2,-2.81280011E-1,
1.149E006,2.03000000E+2,2.19121216E+2,-1.13148749E+0,
1.15E06,1.99000000E+2,2.19118103E+2,-1.42613447E+0,
1.151E006,2.38000000E+2,2.19115005E+2,1.22413242E+0,
1.152E006,2.03000000E+2,2.19111938E+2,-1.13083637E+0,
1.153E006,2.18000000E+2,2.19108887E+2,-7.51032829E-2,
1.154E006,2.09000000E+2,2.19105865E+2,-6.99037313E-1,
1.155E006,1.92000000E+2,2.19102875E+2,-1.95598149E+0,
1.156E006,2.10000000E+2,2.19099899E+2,-6.27952695E-1,
1.157E006,2.02000000E+2,2.19096954E+2,-1.20293748E+0,
1.158E006,2.23000000E+2,2.19094040E+2,2.61562437E-1,
1.159E006,2.22000000E+2,2.19091141E+2,1.95229858E-1,
1.16E06,2.03000000E+2,2.19088257E+2,-1.12917423E+0,
1.161E006,2.20000000E+2,2.19085403E+2,6.16620854E-2,
1.162E006,2.29000000E+2,2.19082581E+2,6.55361533E-1,
1.163E006,1.85000000E+2,2.19079773E+2,-2.50559473E+0,
1.164E006,2.26000000E+2,2.19076996E+2,4.60511386E-1,
1.165E006,2.38000000E+2,2.19074234E+2,1.22677529E+0,
1.166E006,2.02000000E+2,2.19071487E+2,-1.20114565E+0,
1.167E006,2.00000000E+2,2.19068771E+2,-1.34836578E+0,
1.168E006,2.27000000E+2,2.19066086E+2,5.26592374E-1,
1.169E006,2.15000000E+2,2.19063416E+2,-2.77122647E-1,
1.17E06,1.94000000E+2,2.19060760E+2,-1.79925776E+0,
1.171E006,1.86000000E+2,2.19058136E+2,-2.42394018E+0,
1.172E006,2.30000000E+2,2.19055527E+2,7.21657157E-1,
1.173E006,2.38000000E+2,2.19052948E+2,1.22815502E+0,
1.174E006,2.19000000E+2,2.19050385E+2,-3.40467039E-3,
1.175E006,2.18000000E+2,2.19047836E+2,-7.09684268E-2,
1.176E006,2.65000000E+2,2.19045319E+2,2.82297373E+0,
1.177E006,2.45000000E+2,2.19042816E+2,1.65834355E+0,
1.178E006,2.22000000E+2,2.19040329E+2,1.98640108E-1,
1.179E006,2.33000000E+2,2.19037872E+2,9.14689422E-1,
1.18E06,2.07000000E+2,2.19035431E+2,-8.36520255E-1,
1.181E006,2.19000000E+2,2.19033005E+2,-2.23025493E-3,
1.182E006,1.98000000E+2,2.19030594E+2,-1.49457920E+0,
1.183E006,2.16000000E+2,2.19028214E+2,-2.06043825E-1,
1.184E006,2.16000000E+2,2.19025848E+2,-2.05882907E-1,
1.185E006,2.22000000E+2,2.19023514E+2,1.99768677E-1,
1.186E006,2.27000000E+2,2.19021179E+2,5.29572904E-1,
1.187E006,2.17000000E+2,2.19018875E+2,-1.37050167E-1,
1.188E006,2.28000000E+2,2.19016586E+2,5.94941080E-1,
1.189E006,2.38000000E+2,2.19014328E+2,1.23065841E+0,
1.19E06,2.52000000E+2,2.19012070E+2,2.07804441E+0,
1.191E006,2.40000000E+2,2.19009842E+2,1.35490894E+0,
1.192E006,1.99000000E+2,2.19007629E+2,-1.41830325E+0,
1.193E006,2.42000000E+2,2.19005432E+2,1.47814679E+0,
1.194E006,2.20000000E+2,2.19003250E+2,6.72008619E-2,
1.195E006,2.62000000E+2,2.19001099E+2,2.65648103E+0,
1.196E006,2.10000000E+2,2.18998947E+2,-6.20986342E-1,
1.197E006,2.07000000E+2,2.18996826E+2,-8.33837032E-1,
1.198E006,2.08000000E+2,2.18994720E+2,-7.62346685E-1,
1.199E006,1.98000000E+2,2.18992630E+2,-1.49188125E+0,
1.2E06,2.09000000E+2,2.18990555E+2,-6.91061139E-1,
1.201E006,2.11000000E+2,2.18988495E+2,-5.49950659E-1,
1.202E006,2.18000000E+2,2.18986465E+2,-6.68118671E-2,
1.203E006,2.34000000E+2,2.18984436E+2,9.81598139E-1,
1.204E006,2.50000000E+2,2.18982437E+2,1.96172297E+0,
1.205E006,2.18000000E+2,2.18980438E+2,-6.64036572E-2,
1.206E006,2.21000000E+2,2.18978470E+2,1.35982841E-1,
1.207E006,2.08000000E+2,2.18976501E+2,-7.61083424E-1,
1.208E006,2.18000000E+2,2.18974564E+2,-6.60057738E-2,
1.209E006,2.23000000E+2,2.18972641E+2,2.69691914E-1,
1.21E06,1.89000000E+2,2.18970734E+2,-2.18005013E+0,
1.211E006,2.08000000E+2,2.18968826E+2,-7.60551274E-1,
1.212E006,2.07000000E+2,2.18966949E+2,-8.31760466E-1,
1.213E006,2.21000000E+2,2.18965088E+2,1.36883005E-1,
1.214E006,2.27000000E+2,2.18963242E+2,5.33418357E-1,
1.215E006,2.23000000E+2,2.18961411E+2,2.70443976E-1,
1.216E006,2.28000000E+2,2.18959579E+2,5.98716497E-1,
1.217E006,2.04000000E+2,2.18957779E+2,-1.04725397E+0,
1.218E006,2.24000000E+2,2.18955994E+2,3.37016851E-1,
1.219E006,2.19000000E+2,2.18954224E+2,3.09328013E-3,
1.22E06,2.15000000E+2,2.18952454E+2,-2.69555092E-1,
1.221E006,2.23000000E+2,2.18950714E+2,2.71160245E-1,
1.222E006,2.52000000E+2,2.18948975E+2,2.08201885E+0,
1.223E006,2.36000000E+2,2.18947266E+2,1.11003852E+0,
1.224E006,2.02000000E+2,2.18945557E+2,-1.19228518E+0,
1.225E006,2.35000000E+2,2.18943863E+2,1.04738688E+0,
1.226E006,2.23000000E+2,2.18942184E+2,2.71731436E-1,
1.227E006,2.18000000E+2,2.18940521E+2,-6.37001321E-2,
1.228E006,2.42000000E+2,2.18938873E+2,1.48242533E+0,
1.229E006,2.19000000E+2,2.18937241E+2,4.24088724E-3,
1.23E06,2.23000000E+2,2.18935623E+2,2.72170812E-1,
1.231E006,2.26000000E+2,2.18934006E+2,4.70022947E-1,
1.232E006,2.24000000E+2,2.18932419E+2,3.38592023E-1,
1.233E006,2.19000000E+2,2.18930832E+2,4.67394618E-3,
1.234E006,2.39000000E+2,2.18929260E+2,1.29826820E+0,
1.235E006,2.32000000E+2,2.18927704E+2,8.58238280E-1,
1.236E006,2.16000000E+2,2.18926163E+2,-1.99100152E-1,
1.237E006,2.03000000E+2,2.18924622E+2,-1.11768937E+0,
1.238E006,2.25000000E+2,2.18923111E+2,4.05125946E-1,
1.239E006,2.32000000E+2,2.18921600E+2,8.58639002E-1,
1.24E06,2.51000000E+2,2.18920105E+2,2.02486515E+0,
1.241E006,2.07000000E+2,2.18918625E+2,-8.28401685E-1,
1.242E006,1.99000000E+2,2.18917145E+2,-1.41188896E+0,
1.243E006,1.93000000E+2,2.18915695E+2,-1.86545253E+0,
1.244E006,2.17000000E+2,2.18914246E+2,-1.29947454E-1,
1.245E006,2.04000000E+2,2.18912811E+2,-1.04410565E+0,
1.246E006,2.00000000E+2,2.18911377E+2,-1.33723629E+0,
1.247E006,2.35000000E+2,2.18909973E+2,1.04959762E+0,
1.248E006,2.32000000E+2,2.18908569E+2,8.59494507E-1,
1.249E006,2.19000000E+2,2.18907181E+2,6.27214089E-3,
1.25E06,2.46000000E+2,2.18905807E+2,1.72746253E+0,
1.251E006,2.26000000E+2,2.18904434E+2,4.71990019E-1,
1.252E006,2.38000000E+2,2.18903076E+2,1.23786974E+0,
1.253E006,2.11000000E+2,2.18901733E+2,-5.43977797E-1,
1.254E006,2.20000000E+2,2.18900406E+2,7.41346180E-2,
1.255E006,2.26000000E+2,2.18899078E+2,4.72346276E-1,
1.256E006,2.31000000E+2,2.18897766E+2,7.96268523E-1,
1.257E006,2.26000000E+2,2.18896469E+2,4.72519845E-1,
1.258E006,2.32000000E+2,2.18895172E+2,8.60374093E-1,
1.259E006,2.12000000E+2,2.18893906E+2,-4.73475397E-1,
1.26E06,2.16000000E+2,2.18892624E+2,-1.96818128E-1,
1.261E006,2.24000000E+2,2.18891373E+2,3.41334522E-1,
1.262E006,2.15000000E+2,2.18890121E+2,-2.65304089E-1,
1.263E006,2.07000000E+2,2.18888885E+2,-8.26334655E-1,
1.264E006,1.96000000E+2,2.18887650E+2,-1.63483214E+0,
1.265E006,2.16000000E+2,2.18886429E+2,-1.96396604E-1,
1.266E006,2.14000000E+2,2.18885223E+2,-3.33947003E-1,
1.267E006,2.19000000E+2,2.18884033E+2,7.83631019E-3,
1.268E006,2.56000000E+2,2.18882843E+2,2.31982231E+0,
1.269E006,2.23000000E+2,2.18881653E+2,2.75784940E-1,
1.27E06,2.20000000E+2,2.18880493E+2,7.54771307E-2,
1.271E006,2.36000000E+2,2.18879333E+2,1.11446047E+0,
1.272E006,2.15000000E+2,2.18878174E+2,-2.64489263E-1,
1.273E006,2.07000000E+2,2.18877029E+2,-8.25510621E-1,
1.274E006,2.06000000E+2,2.18875900E+2,-8.97106469E-1,
1.275E006,2.35000000E+2,2.18874786E+2,1.05189300E+0,
1.276E006,2.27000000E+2,2.18873672E+2,5.39363265E-1,
1.277E006,2.25000000E+2,2.18872559E+2,4.08496112E-1,
1.278E006,2.55000000E+2,2.18871460E+2,2.26245689E+0,
1.279E006,2.25000000E+2,2.18870377E+2,4.08641577E-1,
1.28E06,2.06000000E+2,2.18869293E+2,-8.96646142E-1,
1.281E006,2.19000000E+2,2.18868225E+2,8.90452228E-3,
1.282E006,2.25000000E+2,2.18867172E+2,4.08855200E-1,
1.283E006,2.22000000E+2,2.18866119E+2,2.10332304E-1,
1.284E006,2.25000000E+2,2.18865067E+2,4.08995569E-1,
1.285E006,2.28000000E+2,2.18864044E+2,6.05043471E-1,
1.286E006,2.10000000E+2,2.18863007E+2,-6.11605585E-1,
1.287E006,2.09000000E+2,2.18862000E+2,-6.82168782E-1,
1.288E006,2.22000000E+2,2.18860977E+2,2.10677415E-1,
1.289E006,2.28000000E+2,2.18859985E+2,6.05312288E-1,
1.29E06,2.30000000E+2,2.18858994E+2,7.34616220E-1,
1.291E006,2.29000000E+2,2.18858002E+2,6.70202136E-1,
1.292E006,2.19000000E+2,2.18857025E+2,9.66134481E-3,
1.293E006,2.07000000E+2,2.18856064E+2,-8.24053407E-1,
1.294E006,2.19000000E+2,2.18855103E+2,9.79126245E-3,
1.295E006,2.32000000E+2,2.18854141E+2,8.63067925E-1,
1.296E006,1.94000000E+2,2.18853195E+2,-1.78435540E+0,
1.297E006,2.21000000E+2,2.18852264E+2,1.44472331E-1,
1.298E006,2.37000000E+2,2.18851334E+2,1.17888248E+0,
1.299E006,2.45000000E+2,2.18850403E+2,1.67063642E+0,
1.3E06,2.26000000E+2,2.18849487E+2,4.75645036E-1,
1.301E006,2.05000000E+2,2.18848587E+2,-9.67227280E-1,
1.302E006,2.34000000E+2,2.18847687E+2,9.90537703E-1,
1.303E006,2.25000000E+2,2.18846786E+2,4.10214245E-1,
1.304E006,2.16000000E+2,2.18845901E+2,-1.93639070E-1,
1.305E006,2.31000000E+2,2.18845016E+2,7.99739182E-1,
1.306E006,2.46000000E+2,2.18844147E+2,1.73139393E+0,
1.307E006,1.96000000E+2,2.18843292E+2,-1.63166368E+0,
1.308E006,2.52000000E+2,2.18842422E+2,2.08873105E+0,
1.309E006,2.19000000E+2,2.18841583E+2,1.07048117E-2,
1.31E06,2.14000000E+2,2.18840729E+2,-3.30905408E-1,
1.311E006,2.13000000E+2,2.18839890E+2,-4.00142640E-1,
1.312E006,2.00000000E+2,2.18839066E+2,-1.33212304E+0,
1.313E006,2.01000000E+2,2.18838242E+2,-1.25821257E+0,
1.314E006,2.18000000E+2,2.18837433E+2,-5.67181073E-2,
1.315E006,2.43000000E+2,2.18836609E+2,1.55008221E+0,
1.316E006,2.16000000E+2,2.18835815E+2,-1.92952797E-1,
1.317E006,1.92000000E+2,2.18835022E+2,-1.93665087E+0,
1.318E006,2.34000000E+2,2.18834229E+2,9.91417527E-1,
1.319E006,2.12000000E+2,2.18833435E+2,-4.69322264E-1,
1.32E06,2.13000000E+2,2.18832672E+2,-3.99648100E-1,
1.321E006,2.08000000E+2,2.18831894E+2,-7.51056731E-1,
1.322E006,2.24000000E+2,2.18831131E+2,3.45359594E-1,
1.323E006,2.36000000E+2,2.18830368E+2,1.11764789E+0,
1.324E006,2.23000000E+2,2.18829620E+2,2.79269278E-1,
1.325E006,2.19000000E+2,2.18828873E+2,1.15637127E-2,
1.326E006,2.31000000E+2,2.18828125E+2,8.00850570E-1,
1.327E006,2.36000000E+2,2.18827393E+2,1.11784148E+0,
1.328E006,2.61000000E+2,2.18826675E+2,2.61046314E+0,
1.329E006,2.37000000E+2,2.18825943E+2,1.18053186E+0,
1.33E06,2.30000000E+2,2.18825226E+2,7.36842752E-1,
1.331E006,2.18000000E+2,2.18824524E+2,-5.58438040E-2,
1.332E006,2.36000000E+2,2.18823822E+2,1.11807394E+0,
1.333E006,2.08000000E+2,2.18823120E+2,-7.50448346E-1,
1.334E006,1.90000000E+2,2.18822418E+2,-2.09099793E+0,
1.335E006,2.38000000E+2,2.18821732E+2,1.24314249E+0,
1.336E006,2.35000000E+2,2.18821045E+2,1.05539858E+0,
1.337E006,2.42000000E+2,2.18820374E+2,1.49004281E+0,
1.338E006,2.42000000E+2,2.18819702E+2,1.49008596E+0,
1.339E006,2.13000000E+2,2.18819046E+2,-3.98714453E-1,
1.34E06,2.25000000E+2,2.18818375E+2,4.12108362E-1,
1.341E006,2.37000000E+2,2.18817719E+2,1.18106604E+0,
1.342E006,2.31000000E+2,2.18817078E+2,8.01577449E-1,
1.343E006,2.32000000E+2,2.18816437E+2,8.65543306E-1,
1.344E006,2.34000000E+2,2.18815796E+2,9.92622495E-1,
1.345E006,2.19000000E+2,2.18815155E+2,1.24906655E-2,
1.346E006,1.93000000E+2,2.18814529E+2,-1.85817051E+0,
1.347E006,2.38000000E+2,2.18813904E+2,1.24364996E+0,
1.348E006,2.39000000E+2,2.18813293E+2,1.30576944E+0,
1.349E006,2.53000000E+2,2.18812668E+2,2.14933920E+0,
1.35E06,2.49000000E+2,2.18812073E+2,1.91308212E+0,
1.351E006,1.96000000E+2,2.18811462E+2,-1.62939012E+0,
1.352E006,2.20000000E+2,2.18810867E+2,8.01713094E-2,
1.353E006,2.16000000E+2,2.18810272E+2,-1.91214800E-1,
1.354E006,1.98000000E+2,2.18809677E+2,-1.47887933E+0,
1.355E006,2.10000000E+2,2.18809097E+2,-6.07885480E-1,
1.356E006,2.16000000E+2,2.18808517E+2,-1.91095412E-1,
1.357E006,2.17000000E+2,2.18807938E+2,-1.22730806E-1,
1.358E006,2.36000000E+2,2.18807373E+2,1.11914468E+0,
1.359E006,2.23000000E+2,2.18806808E+2,2.80796885E-1,
1.36E06,2.16000000E+2,2.18806244E+2,-1.90940708E-1,
1.361E006,2.28000000E+2,2.18805695E+2,6.08907759E-1,
1.362E006,2.20000000E+2,2.18805145E+2,8.05570856E-2,
1.363E006,2.18000000E+2,2.18804596E+2,-5.44941127E-2,
1.364E006,2.27000000E+2,2.18804047E+2,5.43984532E-1,
1.365E006,2.30000000E+2,2.18803513E+2,7.38274515E-1,
1.366E006,2.20000000E+2,2.18802979E+2,8.07031691E-2,
1.367E006,2.24000000E+2,2.18802444E+2,3.47276300E-1,
1.368E006,2.42000000E+2,2.18801926E+2,1.49122870E+0,
1.369E006,2.02000000E+2,2.18801407E+2,-1.18214285E+0,
1.37E06,2.01000000E+2,2.18800888E+2,-1.25557780E+0,
1.371E006,2.16000000E+2,2.18800369E+2,-1.90540999E-1,
1.372E006,2.23000000E+2,2.18799866E+2,2.81261802E-1,
1.373E006,1.92000000E+2,2.18799362E+2,-1.93407738E+0,
1.374E006,2.15000000E+2,2.18798859E+2,-2.59080023E-1,
1.375E006,2.17000000E+2,2.18798370E+2,-1.22081332E-1,
1.376E006,2.06000000E+2,2.18797867E+2,-8.91669631E-1,
1.377E006,2.19000000E+2,2.18797394E+2,1.36908581E-2,
1.378E006,2.08000000E+2,2.18796906E+2,-7.48630702E-1,
1.379E006,2.15000000E+2,2.18796417E+2,-2.58913517E-1,
1.38E06,2.24000000E+2,2.18795944E+2,3.47710609E-1,
1.381E006,2.00000000E+2,2.18795471E+2,-1.32904053E+0,
1.382E006,1.90000000E+2,2.18795013E+2,-2.08901000E+0,
1.383E006,2.05000000E+2,2.18794540E+2,-9.63452518E-1,
1.384E006,2.12000000E+2,2.18794083E+2,-4.66619521E-1,
1.385E006,2.47000000E+2,2.18793625E+2,1.79472864E+0,
1.386E006,2.24000000E+2,2.18793167E+2,3.47896159E-1,
1.387E006,1.98000000E+2,2.18792725E+2,-1.47767460E+0,
1.388E006,2.20000000E+2,2.18792282E+2,8.14243257E-2,
1.389E006,1.84000000E+2,2.18791840E+2,-2.56488848E+0,
1.39E06,2.21000000E+2,2.18791397E+2,1.48566708E-1,
1.391E006,2.38000000E+2,2.18790955E+2,1.24513745E+0,
1.392E006,2.29000000E+2,2.18790527E+2,6.74660921E-1,
1.393E006,2.11000000E+2,2.18790100E+2,-5.36292613E-1,
1.394E006,2.05000000E+2,2.18789673E+2,-9.63112533E-1,
1.395E006,2.29000000E+2,2.18789261E+2,6.74744666E-1,
1.396E006,2.09000000E+2,2.18788834E+2,-6.77107751E-1,
1.397E006,2.00000000E+2,2.18788422E+2,-1.32854199E+0,
1.398E006,2.38000000E+2,2.18788010E+2,1.24532843E+0,
1.399E006,1.86000000E+2,2.18787598E+2,-2.40410328E+0,
1.4E06,2.29000000E+2,2.18787201E+2,6.74880743E-1,
1.401E006,2.06000000E+2,2.18786804E+2,-8.90898883E-1,
1.402E006,2.28000000E+2,2.18786407E+2,6.10185087E-1,
1.403E006,2.29000000E+2,2.18786011E+2,6.74959421E-1,
1.404E006,2.18000000E+2,2.18785614E+2,-5.32084927E-2,
1.405E006,2.17000000E+2,2.18785233E+2,-1.21189483E-1,
1.406E006,2.02000000E+2,2.18784836E+2,-1.18097687E+0,
1.407E006,2.29000000E+2,2.18784454E+2,6.75062239E-1,
1.408E006,2.37000000E+2,2.18784088E+2,1.18325055E+0,
1.409E006,1.93000000E+2,2.18783707E+2,-1.85595179E+0,
1.41E06,2.27000000E+2,2.18783325E+2,5.45359850E-1,
1.411E006,2.23000000E+2,2.18782959E+2,2.82393962E-1,
1.412E006,2.02000000E+2,2.18782593E+2,-1.18081915E+0,
1.413E006,2.03000000E+2,2.18782227E+2,-1.10769510E+0,
1.414E006,2.41000000E+2,2.18781876E+2,1.43119526E+0,
1.415E006,2.67000000E+2,2.18781509E+2,2.95092368E+0,
1.416E006,2.07000000E+2,2.18781158E+2,-8.18847120E-1,
1.417E006,1.82000000E+2,2.18780807E+2,-2.72637486E+0,
1.418E006,2.27000000E+2,2.18780457E+2,5.45550227E-1,
1.419E006,2.35000000E+2,2.18780121E+2,1.05806828E+0,
1.42E06,2.32000000E+2,2.18779770E+2,8.67950618E-1,
1.421E006,2.21000000E+2,2.18779434E+2,1.49371430E-1,
1.422E006,2.15000000E+2,2.18779099E+2,-2.57732391E-1,
1.423E006,2.47000000E+2,2.18778763E+2,1.79567432E+0,
1.424E006,2.33000000E+2,2.18778427E+2,9.31686223E-1,
1.425E006,2.04000000E+2,2.18778091E+2,-1.03467333E+0,
1.426E006,2.13000000E+2,2.18777771E+2,-3.95886362E-1,
1.427E006,2.07000000E+2,2.18777451E+2,-8.18589389E-1,
1.428E006,2.09000000E+2,2.18777130E+2,-6.76298201E-1,
1.429E006,2.30000000E+2,2.18776810E+2,7.40035236E-1,
1.43E06,2.44000000E+2,2.18776489E+2,1.61476982E+0,
1.431E006,2.26000000E+2,2.18776169E+2,4.80522096E-1,
1.432E006,2.17000000E+2,2.18775864E+2,-1.20553479E-1,
1.433E006,2.03000000E+2,2.18775558E+2,-1.10722709E+0,
1.434E006,2.05000000E+2,2.18775253E+2,-9.62105453E-1,
1.435E006,2.20000000E+2,2.18774948E+2,8.25929791E-2,
1.436E006,2.39000000E+2,2.18774643E+2,1.30826962E+0,
1.437E006,2.32000000E+2,2.18774338E+2,8.68307292E-1,
1.438E006,2.31000000E+2,2.18774048E+2,8.04408610E-1,
1.439E006,2.26000000E+2,2.18773758E+2,4.80682462E-1,
1.44E06,2.08000000E+2,2.18773468E+2,-7.47005641E-1,
1.441E006,1.85000000E+2,2.18773178E+2,-2.48305345E+0,
1.442E006,2.11000000E+2,2.18772888E+2,-5.35107672E-1,
1.443E006,2.21000000E+2,2.18772598E+2,1.49831265E-1,
1.444E006,2.16000000E+2,2.18772324E+2,-1.88632727E-1,
1.445E006,2.52000000E+2,2.18772034E+2,2.09316516E+0,
1.446E006,2.34000000E+2,2.18771759E+2,9.95501280E-1,
1.447E006,2.15000000E+2,2.18771484E+2,-2.57213086E-1,
1.448E006,2.08000000E+2,2.18771210E+2,-7.46849060E-1,
1.449E006,2.05000000E+2,2.18770950E+2,-9.61804867E-1,
1.45E06,2.26000000E+2,2.18770676E+2,4.80887502E-1,
1.451E006,2.40000000E+2,2.18770401E+2,1.37036479E+0,
1.452E006,2.25000000E+2,2.18770142E+2,4.15323913E-1,
1.453E006,2.01000000E+2,2.18769882E+2,-1.25339079E+0,
1.454E006,2.27000000E+2,2.18769623E+2,5.46269298E-1,
1.455E006,2.28000000E+2,2.18769363E+2,6.11313820E-1,
1.456E006,2.20000000E+2,2.18769104E+2,8.29869881E-2,
1.457E006,2.44000000E+2,2.18768860E+2,1.61525822E+0,
1.458E006,2.07000000E+2,2.18768600E+2,-8.17974269E-1,
1.459E006,2.14000000E+2,2.18768356E+2,-3.25958133E-1,
1.46E06,2.32000000E+2,2.18768112E+2,8.68716002E-1,
1.461E006,2.33000000E+2,2.18767853E+2,9.32378948E-1,
1.462E006,2.19000000E+2,2.18767624E+2,1.57025214E-2,
1.463E006,2.41000000E+2,2.18767380E+2,1.43212903E+0,
1.464E006,1.82000000E+2,2.18767136E+2,-2.72536135E+0,
1.465E006,2.18000000E+2,2.18766891E+2,-5.19404449E-2,
1.466E006,2.10000000E+2,2.18766663E+2,-6.04957223E-1,
1.467E006,2.01000000E+2,2.18766434E+2,-1.25314760E+0,
1.468E006,2.32000000E+2,2.18766190E+2,8.68842244E-1,
1.469E006,2.43000000E+2,2.18765961E+2,1.55461431E+0,
1.47E06,2.03000000E+2,2.18765732E+2,-1.10653746E+0,
1.471E006,2.24000000E+2,2.18765518E+2,3.49743545E-1,
1.472E006,2.10000000E+2,2.18765289E+2,-6.04862452E-1,
1.473E006,2.35000000E+2,2.18765060E+2,1.05905068E+0,
1.474E006,2.37000000E+2,2.18764847E+2,1.18450046E+0,
1.475E006,2.21000000E+2,2.18764618E+2,1.50368080E-1,
1.476E006,2.02000000E+2,2.18764404E+2,-1.17953932E+0,
1.477E006,1.94000000E+2,2.18764191E+2,-1.77796519E+0,
1.478E006,2.20000000E+2,2.18763977E+2,8.33326504E-2,
1.479E006,2.27000000E+2,2.18763763E+2,5.46658218E-1,
1.48E06,2.20000000E+2,2.18763550E+2,8.33614543E-2,
1.481E006,2.05000000E+2,2.18763351E+2,-9.61274147E-1,
1.482E006,2.33000000E+2,2.18763138E+2,9.32687879E-1,
1.483E006,2.15000000E+2,2.18762939E+2,-2.56630331E-1,
1.484E006,2.11000000E+2,2.18762726E+2,-5.34408092E-1,
1.485E006,2.40000000E+2,2.18762527E+2,1.37087297E+0,
1.486E006,2.17000000E+2,2.18762329E+2,-1.19634695E-1,
1.487E006,2.16000000E+2,2.18762131E+2,-1.87939197E-1,
1.488E006,2.18000000E+2,2.18761932E+2,-5.16045690E-2,
1.489E006,2.22000000E+2,2.18761734E+2,2.17338189E-1,
1.49E06,2.41000000E+2,2.18761551E+2,1.43250442E+0,
1.491E006,2.20000000E+2,2.18761353E+2,8.35095942E-2,
1.492E006,2.22000000E+2,2.18761169E+2,2.17376083E-1,
1.493E006,1.83000000E+2,2.18760971E+2,-2.64352703E+0,
1.494E006,2.20000000E+2,2.18760788E+2,8.35476592E-2,
1.495E006,2.55000000E+2,2.18760605E+2,2.26939893E+0,
1.496E006,2.23000000E+2,2.18760422E+2,2.83903152E-1,
1.497E006,2.14000000E+2,2.18760239E+2,-3.25403214E-1,
1.498E006,2.28000000E+2,2.18760056E+2,6.11930251E-1,
1.499E006,2.13000000E+2,2.18759872E+2,-3.94659966E-1,
1.5E06,2.00000000E+2,2.18759689E+2,-1.32651031E+0,
1.501E006,2.12000000E+2,2.18759521E+2,-4.64245856E-1,
1.502E006,2.23000000E+2,2.18759338E+2,2.83975720E-1,
1.503E006,2.16000000E+2,2.18759171E+2,-1.87737778E-1,
1.504E006,2.05000000E+2,2.18758987E+2,-9.60969388E-1,
1.505E006,2.27000000E+2,2.18758820E+2,5.46986341E-1,
1.506E006,1.97000000E+2,2.18758652E+2,-1.55023968E+0,
1.507E006,2.00000000E+2,2.18758484E+2,-1.32642508E+0,
1.508E006,2.28000000E+2,2.18758316E+2,6.12045467E-1,
1.509E006,2.15000000E+2,2.18758148E+2,-2.56303579E-1,
1.51E06,2.29000000E+2,2.18757980E+2,6.76811695E-1,
1.511E006,2.18000000E+2,2.18757828E+2,-5.13265729E-2,
1.512E006,2.05000000E+2,2.18757660E+2,-9.60876644E-1,
1.513E006,2.15000000E+2,2.18757507E+2,-2.56259859E-1,
1.514E006,2.32000000E+2,2.18757339E+2,8.69423270E-1,
1.515E006,2.10000000E+2,2.18757187E+2,-6.04303300E-1,
1.516E006,2.20000000E+2,2.18757034E+2,8.38007256E-2,
1.517E006,2.31000000E+2,2.18756866E+2,8.05539072E-1,
1.518E006,2.12000000E+2,2.18756714E+2,-4.64053005E-1,
1.519E006,2.25000000E+2,2.18756561E+2,4.16229248E-1,
1.52E06,2.02000000E+2,2.18756409E+2,-1.17897677E+0,
1.521E006,2.48000000E+2,2.18756256E+2,1.85697961E+0,
1.522E006,2.13000000E+2,2.18756119E+2,-3.94402772E-1,
1.523E006,2.32000000E+2,2.18755966E+2,8.69513392E-1,
1.524E006,2.27000000E+2,2.18755814E+2,5.47185838E-1,
1.525E006,2.39000000E+2,2.18755676E+2,1.30949640E+0,
1.526E006,2.01000000E+2,2.18755524E+2,-1.25237811E+0,
1.527E006,2.19000000E+2,2.18755386E+2,1.65294576E-2,
1.528E006,2.05000000E+2,2.18755249E+2,-9.60708261E-1,
1.529E006,2.04000000E+2,2.18755096E+2,-1.03306341E+0,
1.53E06,2.28000000E+2,2.18754959E+2,6.12267792E-1,
1.531E006,2.34000000E+2,2.18754822E+2,9.96608496E-1,
1.532E006,2.32000000E+2,2.18754684E+2,8.69597554E-1,
1.533E006,1.96000000E+2,2.18754547E+2,-1.62532473E+0,
1.534E006,1.84000000E+2,2.18754410E+2,-2.56212902E+0,
1.535E006,2.17000000E+2,2.18754288E+2,-1.19088814E-1,
1.536E006,2.28000000E+2,2.18754150E+2,6.12321377E-1,
1.537E006,2.21000000E+2,2.18754013E+2,1.51081428E-1,
1.538E006,2.33000000E+2,2.18753891E+2,9.33293641E-1,
1.539E006,2.33000000E+2,2.18753754E+2,9.33302641E-1,
1.54E06,2.14000000E+2,2.18753632E+2,-3.24951559E-1,
1.541E006,2.19000000E+2,2.18753494E+2,1.66573133E-2,
1.542E006,2.03000000E+2,2.18753372E+2,-1.10566998E+0,
1.543E006,2.35000000E+2,2.18753250E+2,1.05982113E+0,
1.544E006,2.23000000E+2,2.18753128E+2,2.84391582E-1,
1.545E006,2.02000000E+2,2.18753006E+2,-1.17873740E+0,
1.546E006,1.89000000E+2,2.18752884E+2,-2.16420388E+0,
1.547E006,2.33000000E+2,2.18752762E+2,9.33367610E-1,
1.548E006,2.43000000E+2,2.18752640E+2,1.55546892E+0,
1.549E006,2.60000000E+2,2.18752518E+2,2.55806017E+0,
1.55E06,2.14000000E+2,2.18752396E+2,-3.24867070E-1,
1.551E006,2.24000000E+2,2.18752274E+2,3.50628465E-1,
1.552E006,2.34000000E+2,2.18752167E+2,9.96782064E-1,
1.553E006,2.59000000E+2,2.18752045E+2,2.50088620E+0,
1.554E006,2.16000000E+2,2.18751938E+2,-1.87245652E-1,
1.555E006,2.16000000E+2,2.18751816E+2,-1.87237352E-1,
1.556E006,2.04000000E+2,2.18751709E+2,-1.03282619E+0,
1.557E006,2.41000000E+2,2.18751587E+2,1.43314636E+0,
1.558E006,2.11000000E+2,2.18751480E+2,-5.33633888E-1,
1.559E006,2.28000000E+2,2.18751373E+2,6.12505257E-1,
1.56E06,2.12000000E+2,2.18751266E+2,-4.63678896E-1,
1.561E006,2.17000000E+2,2.18751160E+2,-1.18876465E-1,
1.562E006,2.16000000E+2,2.18751053E+2,-1.87185436E-1,
1.563E006,2.06000000E+2,2.18750946E+2,-8.88400495E-1,
1.564E006,2.34000000E+2,2.18750839E+2,9.96868849E-1,
1.565E006,1.98000000E+2,2.18750732E+2,-1.47469032E+0,
1.566E006,2.33000000E+2,2.18750626E+2,9.33507562E-1,
1.567E006,2.36000000E+2,2.18750519E+2,1.12284553E+0,
1.568E006,2.41000000E+2,2.18750427E+2,1.43322098E+0,
1.569E006,2.17000000E+2,2.18750320E+2,-1.18819490E-1,
1.57E06,2.55000000E+2,2.18750214E+2,2.27004981E+0,
1.571E006,2.33000000E+2,2.18750122E+2,9.33540523E-1,
1.572E006,2.04000000E+2,2.18750015E+2,-1.03270769E+0,
1.573E006,2.22000000E+2,2.18749924E+2,2.18130842E-1,
1.574E006,2.51000000E+2,2.18749817E+2,2.03561354E+0,
1.575E006,2.33000000E+2,2.18749725E+2,9.33566511E-1,
1.576E006,2.36000000E+2,2.18749634E+2,1.12290323E+0,
1.577E006,2.28000000E+2,2.18749542E+2,6.12626553E-1,
1.578E006,1.96000000E+2,2.18749435E+2,-1.62495971E+0,
1.579E006,2.31000000E+2,2.18749344E+2,8.06033969E-1,
1.58E06,2.02000000E+2,2.18749252E+2,-1.17847323E+0,
1.581E006,2.13000000E+2,2.18749161E+2,-3.93925995E-1,
1.582E006,2.24000000E+2,2.18749069E+2,3.50842565E-1,
1.583E006,2.37000000E+2,2.18748978E+2,1.18553126E+0,
1.584E006,2.16000000E+2,2.18748886E+2,-1.87038004E-1,
1.585E006,1.94000000E+2,2.18748795E+2,-1.77685988E+0,
1.586E006,2.15000000E+2,2.18748718E+2,-2.55660474E-1,
1.587E006,2.08000000E+2,2.18748627E+2,-7.45283186E-1,
1.588E006,2.23000000E+2,2.18748535E+2,2.84699142E-1,
1.589E006,2.03000000E+2,2.18748459E+2,-1.10532510E+0,
1.59E06,2.44000000E+2,2.18748367E+2,1.61657012E+0,
1.591E006,2.15000000E+2,2.18748276E+2,-2.55630285E-1,
1.592E006,2.36000000E+2,2.18748199E+2,1.12299657E+0,
1.593E006,2.16000000E+2,2.18748108E+2,-1.86985061E-1,
1.594E006,2.00000000E+2,2.18748032E+2,-1.32568598E+0,
1.595E006,2.18000000E+2,2.18747955E+2,-5.06579243E-2,
1.596E006,2.13000000E+2,2.18747864E+2,-3.93837124E-1,
1.597E006,2.24000000E+2,2.18747787E+2,3.50928217E-1,
1.598E006,2.12000000E+2,2.18747711E+2,-4.63434696E-1,
1.599E006,2.41000000E+2,2.18747635E+2,1.43340087E+0,
1.6E06,2.35000000E+2,2.18747543E+2,1.06019330E+0,
1.601E006,2.03000000E+2,2.18747467E+2,-1.10525548E+0,
1.602E006,2.26000000E+2,2.18747391E+2,4.82436389E-1,
1.603E006,2.34000000E+2,2.18747314E+2,9.97099280E-1,
1.604E006,2.36000000E+2,2.18747238E+2,1.12305915E+0,
1.605E006,1.84000000E+2,2.18747162E+2,-2.56159472E+0,
1.606E006,2.05000000E+2,2.18747086E+2,-9.60138083E-1,
1.607E006,2.31000000E+2,2.18747009E+2,8.06187630E-1,
1.608E006,2.15000000E+2,2.18746948E+2,-2.55539745E-1,
1.609E006,2.02000000E+2,2.18746872E+2,-1.17830575E+0,
1.61E06,2.11000000E+2,2.18746796E+2,-5.33311427E-1,
1.611E006,2.12000000E+2,2.18746719E+2,-4.63366598E-1,
1.612E006,2.05000000E+2,2.18746658E+2,-9.60108280E-1,
1.613E006,2.11000000E+2,2.18746582E+2,-5.33296704E-1,
1.614E006,2.15000000E+2,2.18746506E+2,-2.55509555E-1,
1.615E006,2.02000000E+2,2.18746445E+2,-1.17827570E+0,
1.616E006,2.35000000E+2,2.18746368E+2,1.06026995E+0,
1.617E006,2.45000000E+2,2.18746307E+2,1.67728686E+0,
1.618E006,1.78000000E+2,2.18746231E+2,-3.05405927E+0,
1.619E006,2.22000000E+2,2.18746170E+2,2.18382776E-1,
1.62E06,2.55000000E+2,2.18746094E+2,2.27030778E+0,
1.621E006,2.29000000E+2,2.18746033E+2,6.77601218E-1,
1.622E006,2.19000000E+2,2.18745972E+2,1.71656422E-2,
1.623E006,1.89000000E+2,2.18745895E+2,-2.16369557E+0,
1.624E006,2.35000000E+2,2.18745834E+2,1.06030488E+0,
1.625E006,1.89000000E+2,2.18745773E+2,-2.16368651E+0,
1.626E006,2.21000000E+2,2.18745712E+2,1.51639804E-1,
1.627E006,2.33000000E+2,2.18745651E+2,9.33833420E-1,
1.628E006,2.05000000E+2,2.18745590E+2,-9.60033655E-1,
1.629E006,2.13000000E+2,2.18745529E+2,-3.93677175E-1,
1.63E06,1.96000000E+2,2.18745453E+2,-1.62467515E+0,
1.631E006,2.36000000E+2,2.18745392E+2,1.12317932E+0,
1.632E006,1.98000000E+2,2.18745346E+2,-1.47430754E+0,
1.633E006,2.37000000E+2,2.18745285E+2,1.18577111E+0,
1.634E006,2.05000000E+2,2.18745224E+2,-9.60008085E-1,
1.635E006,2.19000000E+2,2.18745163E+2,1.72202904E-2,
1.636E006,2.35000000E+2,2.18745102E+2,1.06035256E+0,
1.637E006,2.23000000E+2,2.18745041E+2,2.84933150E-1,
1.638E006,1.99000000E+2,2.18744980E+2,-1.39968455E+0,
1.639E006,2.24000000E+2,2.18744934E+2,3.51118863E-1,
1.64E06,2.09000000E+2,2.18744873E+2,-6.74066961E-1,
1.641E006,2.20000000E+2,2.18744812E+2,8.46247524E-2,
1.642E006,1.99000000E+2,2.18744751E+2,-1.39966834E+0,
1.643E006,2.19000000E+2,2.18744705E+2,1.72512233E-2,
1.644E006,1.97000000E+2,2.18744644E+2,-1.54924178E+0,
1.645E006,2.26000000E+2,2.18744598E+2,4.82622147E-1,
1.646E006,2.39000000E+2,2.18744537E+2,1.31021690E+0,
1.647E006,2.17000000E+2,2.18744492E+2,-1.18423805E-1,
1.648E006,2.23000000E+2,2.18744431E+2,2.84974009E-1,
1.649E006,2.23000000E+2,2.18744385E+2,2.84977078E-1,
1.65E06,2.05000000E+2,2.18744324E+2,-9.59945202E-1,
1.651E006,2.39000000E+2,2.18744278E+2,1.31023371E+0,
1.652E006,2.29000000E+2,2.18744217E+2,6.77721202E-1,
1.653E006,2.27000000E+2,2.18744171E+2,5.47958612E-1,
1.654E006,2.11000000E+2,2.18744125E+2,-5.33127606E-1,
1.655E006,2.15000000E+2,2.18744064E+2,-2.55343080E-1,
1.656E006,2.08000000E+2,2.18744019E+2,-7.44963646E-1,
1.657E006,2.00000000E+2,2.18743973E+2,-1.32539904E+0,
1.658E006,2.18000000E+2,2.18743927E+2,-5.03850915E-2,
1.659E006,2.20000000E+2,2.18743881E+2,8.46875086E-2,
1.66E06,2.06000000E+2,2.18743820E+2,-8.87904048E-1,
1.661E006,2.22000000E+2,2.18743774E+2,2.18543559E-1,
1.662E006,1.90000000E+2,2.18743729E+2,-2.08528924E+0,
1.663E006,2.28000000E+2,2.18743683E+2,6.13014579E-1,
1.664E006,2.00000000E+2,2.18743637E+2,-1.32537532E+0,
1.665E006,2.41000000E+2,2.18743591E+2,1.43366134E+0,
1.666E006,2.20000000E+2,2.18743546E+2,8.47101435E-2,
1.667E006,2.23000000E+2,2.18743500E+2,2.85036355E-1,
1.668E006,2.30000000E+2,2.18743454E+2,7.42234647E-1,
1.669E006,2.22000000E+2,2.18743408E+2,2.18568131E-1,
1.67E06,2.17000000E+2,2.18743362E+2,-1.18347153E-1,
1.671E006,1.79000000E+2,2.18743317E+2,-2.97055483E+0,
1.672E006,2.29000000E+2,2.18743271E+2,6.77783728E-1,
1.673E006,2.63000000E+2,2.18743240E+2,2.72898865E+0,
1.674E006,2.13000000E+2,2.18743195E+2,-3.93517226E-1,
1.675E006,2.08000000E+2,2.18743149E+2,-7.44903386E-1,
1.676E006,2.16000000E+2,2.18743103E+2,-1.86644524E-1,
1.677E006,2.21000000E+2,2.18743057E+2,1.51818395E-1,
1.678E006,2.09000000E+2,2.18743027E+2,-6.73939228E-1,
1.679E006,2.22000000E+2,2.18742981E+2,2.18596801E-1,
1.68E06,2.38000000E+2,2.18742935E+2,1.24825013E+0,
1.681E006,2.06000000E+2,2.18742905E+2,-8.87840271E-1,
1.682E006,2.03000000E+2,2.18742859E+2,-1.10493207E+0,
1.683E006,2.46000000E+2,2.18742813E+2,1.73785472E+0,
1.684E006,2.13000000E+2,2.18742783E+2,-3.93488973E-1,
1.685E006,2.30000000E+2,2.18742737E+2,7.42281914E-1,
1.686E006,2.49000000E+2,2.18742706E+2,1.91747808E+0,
1.687E006,2.11000000E+2,2.18742661E+2,-5.33026755E-1,
1.688E006,2.20000000E+2,2.18742630E+2,8.47718641E-2,
1.689E006,2.09000000E+2,2.18742584E+2,-6.73908651E-1,
1.69E06,1.97000000E+2,2.18742554E+2,-1.54909277E+0,
1.691E006,2.13000000E+2,2.18742508E+2,-3.93470168E-1,
1.692E006,2.22000000E+2,2.18742477E+2,2.18630597E-1,
1.693E006,2.16000000E+2,2.18742432E+2,-1.86598837E-1,
1.694E006,2.37000000E+2,2.18742401E+2,1.18595850E+0,
1.695E006,2.33000000E+2,2.18742355E+2,9.34049368E-1,
1.696E006,2.46000000E+2,2.18742325E+2,1.73788583E+0,
1.697E006,2.24000000E+2,2.18742294E+2,3.51295233E-1,
1.698E006,1.91000000E+2,2.18742249E+2,-2.00735855E+0,
1.699E006,2.12000000E+2,2.18742218E+2,-4.63057429E-1,
1.7E06,2.09000000E+2,2.18742188E+2,-6.73881173E-1,
1.701E006,2.36000000E+2,2.18742157E+2,1.12338984E+0,
1.702E006,2.18000000E+2,2.18742111E+2,-5.02621122E-2,
1.703E006,1.98000000E+2,2.18742081E+2,-1.47407544E+0,
1.704E006,2.17000000E+2,2.18742050E+2,-1.18258074E-1,
1.705E006,2.47000000E+2,2.18742020E+2,1.79801226E+0,
1.706E006,2.09000000E+2,2.18741989E+2,-6.73867464E-1,
1.707E006,2.18000000E+2,2.18741943E+2,-5.02507426E-2,
1.708E006,2.06000000E+2,2.18741913E+2,-8.87771130E-1,
1.709E006,2.20000000E+2,2.18741882E+2,8.48222747E-2,
1.71E06,2.26000000E+2,2.18741852E+2,4.82804835E-1,
1.711E006,2.08000000E+2,2.18741821E+2,-7.44811296E-1,
1.712E006,2.26000000E+2,2.18741791E+2,4.82808888E-1,
1.713E006,2.16000000E+2,2.18741760E+2,-1.86553150E-1,
1.714E006,2.26000000E+2,2.18741730E+2,4.82812941E-1,
1.715E006,2.32000000E+2,2.18741699E+2,8.70450079E-1,
1.716E006,2.11000000E+2,2.18741669E+2,-5.32958448E-1,
1.717E006,1.88000000E+2,2.18741638E+2,-2.24206448E+0,
1.718E006,2.04000000E+2,2.18741608E+2,-1.03211904E+0,
1.719E006,2.10000000E+2,2.18741577E+2,-6.03226125E-1,
1.72E06,2.36000000E+2,2.18741547E+2,1.12342966E+0,
1.721E006,2.30000000E+2,2.18741516E+2,7.42362440E-1,
1.722E006,2.08000000E+2,2.18741486E+2,-7.44788051E-1,
1.723E006,2.22000000E+2,2.18741455E+2,2.18699217E-1,
1.724E006,1.96000000E+2,2.18741425E+2,-1.62438750E+0,
1.725E006,2.27000000E+2,2.18741409E+2,5.48141897E-1,
1.726E006,2.32000000E+2,2.18741379E+2,8.70471120E-1,
1.727E006,2.15000000E+2,2.18741348E+2,-2.55157828E-1,
1.728E006,2.33000000E+2,2.18741318E+2,9.34117317E-1,
1.729E006,2.25000000E+2,2.18741287E+2,4.17247534E-1,
1.73E06,1.96000000E+2,2.18741257E+2,-1.62437546E+0,
1.731E006,2.13000000E+2,2.18741241E+2,-3.93383384E-1,
1.732E006,2.15000000E+2,2.18741211E+2,-2.55148470E-1,
1.733E006,2.43000000E+2,2.18741180E+2,1.55620396E+0,
1.734E006,2.13000000E+2,2.18741150E+2,-3.93377125E-1,
1.735E006,2.06000000E+2,2.18741135E+2,-8.87716889E-1,
1.736E006,1.89000000E+2,2.18741104E+2,-2.16334701E+0,
1.737E006,2.18000000E+2,2.18741074E+2,-5.01918383E-2,
1.738E006,2.18000000E+2,2.18741058E+2,-5.01908027E-2,
1.739E006,2.35000000E+2,2.18741028E+2,1.06061840E+0,
1.74E06,2.21000000E+2,2.18740997E+2,1.51956975E-1,
1.741E006,2.59000000E+2,2.18740982E+2,2.50157356E+0,
1.742E006,1.97000000E+2,2.18740952E+2,-1.54897869E+0,
1.743E006,2.10000000E+2,2.18740936E+2,-6.03181899E-1,
1.744E006,1.91000000E+2,2.18740906E+2,-2.00726151E+0,
1.745E006,2.00000000E+2,2.18740875E+2,-1.32517993E+0,
1.746E006,2.00000000E+2,2.18740860E+2,-1.32517886E+0,
1.747E006,2.17000000E+2,2.18740829E+2,-1.18175201E-1,
1.748E006,2.02000000E+2,2.18740814E+2,-1.17787957E+0,
1.749E006,2.79000000E+2,2.18740784E+2,3.60762501E+0,
1.75E06,2.24000000E+2,2.18740768E+2,3.51397187E-1,
1.751E006,2.15000000E+2,2.18740738E+2,-2.55116194E-1,
1.752E006,2.06000000E+2,2.18740723E+2,-8.87688220E-1,
1.753E006,1.91000000E+2,2.18740692E+2,-2.00724602E+0,
1.754E006,2.22000000E+2,2.18740677E+2,2.18751445E-1,
1.755E006,2.13000000E+2,2.18740646E+2,-3.93342614E-1,
1.756E006,2.06000000E+2,2.18740631E+2,-8.87681842E-1,
1.757E006,2.21000000E+2,2.18740601E+2,1.51983649E-1,
1.758E006,2.34000000E+2,2.18740585E+2,9.97539163E-1,
1.759E006,2.26000000E+2,2.18740570E+2,4.82890099E-1,
1.76E06,2.59000000E+2,2.18740540E+2,2.50160122E+0,
1.761E006,2.25000000E+2,2.18740524E+2,4.17298377E-1,
1.762E006,1.91000000E+2,2.18740494E+2,-2.00723171E+0,
1.763E006,2.26000000E+2,2.18740479E+2,4.82896179E-1,
1.764E006,2.29000000E+2,2.18740463E+2,6.77969277E-1,
1.765E006,2.23000000E+2,2.18740433E+2,2.85241723E-1,
1.766E006,2.19000000E+2,2.18740417E+2,1.75409615E-2,
1.767E006,1.86000000E+2,2.18740402E+2,-2.40064287E+0,
1.768E006,2.44000000E+2,2.18740372E+2,1.61708200E+0,
1.769E006,2.27000000E+2,2.18740356E+2,5.48211813E-1,
1.77E06,2.17000000E+2,2.18740341E+2,-1.18142061E-1,
1.771E006,2.30000000E+2,2.18740326E+2,7.42440879E-1,
1.772E006,1.92000000E+2,2.18740295E+2,-1.92981458E+0,
1.773E006,2.18000000E+2,2.18740280E+2,-5.01380973E-2,
1.774E006,2.22000000E+2,2.18740265E+2,2.18779102E-1,
1.775E006,2.22000000E+2,2.18740250E+2,2.18780115E-1,
1.776E006,2.10000000E+2,2.18740219E+2,-6.03132427E-1,
1.777E006,2.07000000E+2,2.18740204E+2,-8.16000581E-1,
1.778E006,2.30000000E+2,2.18740189E+2,7.42449939E-1,
1.779E006,2.53000000E+2,2.18740173E+2,2.15389681E+0,
1.78E06,2.40000000E+2,2.18740158E+2,1.37231696E+0,
1.781E006,2.27000000E+2,2.18740128E+2,5.48226953E-1,
1.782E006,1.93000000E+2,2.18740112E+2,-1.85281384E+0,
1.783E006,2.09000000E+2,2.18740097E+2,-6.73736572E-1,
1.784E006,2.06000000E+2,2.18740082E+2,-8.87643576E-1,
1.785E006,2.32000000E+2,2.18740067E+2,8.70557308E-1,
1.786E006,2.24000000E+2,2.18740051E+2,3.51445109E-1,
1.787E006,2.12000000E+2,2.18740021E+2,-4.62906539E-1,
1.788E006,2.33000000E+2,2.18740005E+2,9.34203327E-1,
1.789E006,2.24000000E+2,2.18739990E+2,3.51449192E-1,
1.79E06,2.27000000E+2,2.18739975E+2,5.48237085E-1,
1.791E006,2.16000000E+2,2.18739960E+2,-1.86430648E-1,
1.792E006,2.08000000E+2,2.18739944E+2,-7.44681180E-1,
1.793E006,2.17000000E+2,2.18739929E+2,-1.18114091E-1,
1.794E006,2.23000000E+2,2.18739914E+2,2.85276473E-1,
1.795E006,1.97000000E+2,2.18739899E+2,-1.54890358E+0,
1.796E006,2.29000000E+2,2.18739883E+2,6.78007603E-1,
1.797E006,2.33000000E+2,2.18739868E+2,9.34212327E-1,
1.798E006,2.09000000E+2,2.18739853E+2,-6.73719704E-1,
1.799E006,1.98000000E+2,2.18739838E+2,-1.47391605E+0,
1.8E06,1.96000000E+2,2.18739822E+2,-1.62427306E+0,
1.801E006,2.30000000E+2,2.18739807E+2,7.42475092E-1,
1.802E006,1.96000000E+2,2.18739792E+2,-1.62427080E+0,
1.803E006,2.34000000E+2,2.18739777E+2,9.97592032E-1,
1.804E006,2.20000000E+2,2.18739761E+2,8.49652737E-2,
1.805E006,1.96000000E+2,2.18739746E+2,-1.62426758E+0,
1.806E006,2.32000000E+2,2.18739731E+2,8.70579302E-1,
1.807E006,2.16000000E+2,2.18739716E+2,-1.86414033E-1,
1.808E006,2.40000000E+2,2.18739700E+2,1.37234652E+0,
1.809E006,2.56000000E+2,2.18739685E+2,2.32876968E+0,
1.81E06,2.15000000E+2,2.18739670E+2,-2.55043358E-1,
1.811E006,2.25000000E+2,2.18739655E+2,4.17356372E-1,
1.812E006,2.07000000E+2,2.18739639E+2,-8.15961301E-1,
1.813E006,2.22000000E+2,2.18739624E+2,2.18822107E-1,
1.814E006,1.99000000E+2,2.18739609E+2,-1.39930379E+0,
1.815E006,2.14000000E+2,2.18739609E+2,-3.23992968E-1,
1.816E006,1.96000000E+2,2.18739594E+2,-1.62425661E+0,
1.817E006,2.37000000E+2,2.18739578E+2,1.18614185E+0,
1.818E006,2.35000000E+2,2.18739563E+2,1.06071389E+0,
1.819E006,2.38000000E+2,2.18739548E+2,1.24846971E+0,
1.82E06,2.34000000E+2,2.18739532E+2,9.97608006E-1,
1.821E006,2.14000000E+2,2.18739517E+2,-3.23986709E-1,
1.822E006,2.07000000E+2,2.18739517E+2,-8.15952837E-1,
1.823E006,2.09000000E+2,2.18739502E+2,-6.73695445E-1,
1.824E006,2.23000000E+2,2.18739487E+2,2.85305083E-1,
1.825E006,2.09000000E+2,2.18739471E+2,-6.73693299E-1,
1.826E006,2.29000000E+2,2.18739456E+2,6.78035855E-1,
1.827E006,2.25000000E+2,2.18739441E+2,4.17370617E-1,
1.828E006,2.28000000E+2,2.18739441E+2,6.13295496E-1,
1.829E006,1.95000000E+2,2.18739426E+2,-1.70001566E+0,
1.83E06,2.10000000E+2,2.18739410E+2,-6.03076637E-1,
1.831E006,2.41000000E+2,2.18739395E+2,1.43393171E+0,
1.832E006,2.18000000E+2,2.18739380E+2,-5.00771217E-2,
1.833E006,2.07000000E+2,2.18739380E+2,-8.15943301E-1,
1.834E006,1.87000000E+2,2.18739365E+2,-2.32101226E+0,
1.835E006,2.36000000E+2,2.18739349E+2,1.12357271E+0,
1.836E006,2.25000000E+2,2.18739334E+2,4.17377740E-1,
1.837E006,2.22000000E+2,2.18739334E+2,2.18841568E-1,
1.838E006,2.16000000E+2,2.18739319E+2,-1.86387047E-1,
1.839E006,2.18000000E+2,2.18739304E+2,-5.00719547E-2,
1.84E06,2.15000000E+2,2.18739288E+2,-2.55017340E-1,
1.841E006,1.89000000E+2,2.18739288E+2,-2.16321492E+0,
1.842E006,2.03000000E+2,2.18739273E+2,-1.10468042E+0,
1.843E006,2.24000000E+2,2.18739258E+2,3.51498127E-1,
1.844E006,2.25000000E+2,2.18739258E+2,4.17382807E-1,
1.845E006,1.94000000E+2,2.18739243E+2,-1.77617407E+0,
1.846E006,2.01000000E+2,2.18739227E+2,-1.25122857E+0,
1.847E006,2.24000000E+2,2.18739227E+2,3.51500183E-1,
1.848E006,2.15000000E+2,2.18739212E+2,-2.55012155E-1,
1.849E006,2.14000000E+2,2.18739197E+2,-3.23964804E-1,
1.85E06,2.12000000E+2,2.18739197E+2,-4.62849945E-1,
1.851E006,2.05000000E+2,2.18739182E+2,-9.59586084E-1,
1.852E006,2.08000000E+2,2.18739166E+2,-7.44627237E-1,
1.853E006,2.04000000E+2,2.18739166E+2,-1.03194809E+0,
1.854E006,2.44000000E+2,2.18739151E+2,1.61716008E+0,
1.855E006,2.16000000E+2,2.18739136E+2,-1.86374575E-1,
1.856E006,2.10000000E+2,2.18739136E+2,-6.03057683E-1,
1.857E006,1.98000000E+2,2.18739120E+2,-1.47386515E+0,
1.858E006,2.24000000E+2,2.18739105E+2,3.51508319E-1,
1.859E006,2.27000000E+2,2.18739105E+2,5.48294842E-1,
1.86E06,2.21000000E+2,2.18739090E+2,1.52085274E-1,
1.861E006,2.03000000E+2,2.18739090E+2,-1.10466754E+0,
1.862E006,2.18000000E+2,2.18739075E+2,-5.00564538E-2,
1.863E006,2.00000000E+2,2.18739059E+2,-1.32505155E+0,
1.864E006,2.44000000E+2,2.18739059E+2,1.61716592E+0,
1.865E006,2.15000000E+2,2.18739044E+2,-2.55000710E-1,
1.866E006,2.18000000E+2,2.18739044E+2,-5.00543863E-2,
1.867E006,2.36000000E+2,2.18739029E+2,1.12359357E+0,
1.868E006,2.16000000E+2,2.18739014E+2,-1.86366275E-1,
1.869E006,2.17000000E+2,2.18739014E+2,-1.18051939E-1,
1.87E06,1.97000000E+2,2.18738998E+2,-1.54883945E+0,
1.871E006,2.24000000E+2,2.18738998E+2,3.51515472E-1,
1.872E006,2.24000000E+2,2.18738983E+2,3.51516485E-1,
1.873E006,2.13000000E+2,2.18738983E+2,-3.93228650E-1,
1.874E006,2.25000000E+2,2.18738968E+2,4.17402148E-1,
1.875E006,2.22000000E+2,2.18738953E+2,2.18867168E-1,
1.876E006,2.11000000E+2,2.18738953E+2,-5.32771468E-1,
1.877E006,2.24000000E+2,2.18738937E+2,3.51519555E-1,
1.878E006,2.03000000E+2,2.18738937E+2,-1.10465682E+0,
1.879E006,2.25000000E+2,2.18738922E+2,4.17405188E-1,
1.88E06,2.26000000E+2,2.18738922E+2,4.82999712E-1,
1.881E006,2.38000000E+2,2.18738907E+2,1.24851131E+0,
1.882E006,1.92000000E+2,2.18738907E+2,-1.92971444E+0,
1.883E006,2.31000000E+2,2.18738892E+2,8.06721687E-1,
1.884E006,2.35000000E+2,2.18738892E+2,1.06075776E+0,
1.885E006,2.27000000E+2,2.18738876E+2,5.48310041E-1,
1.886E006,2.19000000E+2,2.18738876E+2,1.76451020E-2,
1.887E006,2.05000000E+2,2.18738861E+2,-9.59563673E-1,
1.888E006,2.29000000E+2,2.18738861E+2,6.78075135E-1,
1.889E006,2.05000000E+2,2.18738846E+2,-9.59562600E-1,
1.89E06,2.20000000E+2,2.18738846E+2,8.50269943E-2,
1.891E006,2.25000000E+2,2.18738831E+2,4.17411298E-1,
1.892E006,2.02000000E+2,2.18738831E+2,-1.17773998E+0,
1.893E006,2.04000000E+2,2.18738815E+2,-1.03192353E+0,
1.894E006,2.05000000E+2,2.18738815E+2,-9.59560513E-1,
1.895E006,2.16000000E+2,2.18738800E+2,-1.86351746E-1,
1.896E006,2.18000000E+2,2.18738800E+2,-5.00378534E-2,
1.897E006,2.38000000E+2,2.18738800E+2,1.24851823E+0,
1.898E006,2.31000000E+2,2.18738785E+2,8.06728721E-1,
1.899E006,2.33000000E+2,2.18738785E+2,9.34283257E-1,
1.9E06,2.15000000E+2,2.18738770E+2,-2.54981965E-1,
1.901E006,2.04000000E+2,2.18738770E+2,-1.03192031E+0,
1.902E006,2.16000000E+2,2.18738754E+2,-1.86348632E-1,
1.903E006,2.11000000E+2,2.18738754E+2,-5.32757819E-1,
1.904E006,2.32000000E+2,2.18738739E+2,8.70644450E-1,
1.905E006,2.28000000E+2,2.18738739E+2,6.13341987E-1,
1.906E006,1.98000000E+2,2.18738739E+2,-1.47383797E+0,
1.907E006,2.35000000E+2,2.18738724E+2,1.06076872E+0,
1.908E006,2.12000000E+2,2.18738724E+2,-4.62817460E-1,
1.909E006,2.26000000E+2,2.18738708E+2,4.83013928E-1,
1.91E06,2.07000000E+2,2.18738708E+2,-8.15896630E-1,
1.911E006,2.11000000E+2,2.18738708E+2,-5.32754660E-1,
1.912E006,1.82000000E+2,2.18738693E+2,-2.72325325E+0,
1.913E006,2.24000000E+2,2.18738693E+2,3.51535857E-1,
1.914E006,2.12000000E+2,2.18738678E+2,-4.62814301E-1,
1.915E006,2.03000000E+2,2.18738678E+2,-1.10463858E+0,
1.916E006,2.02000000E+2,2.18738678E+2,-1.17772925E+0,
1.917E006,2.07000000E+2,2.18738663E+2,-8.15893471E-1,
1.918E006,1.94000000E+2,2.18738663E+2,-1.77613246E+0,
1.919E006,2.45000000E+2,2.18738647E+2,1.67777622E+0,
1.92E06,2.09000000E+2,2.18738647E+2,-6.73636317E-1,
1.921E006,2.48000000E+2,2.18738647E+2,1.85809767E+0,
1.922E006,1.99000000E+2,2.18738632E+2,-1.39923453E+0,
1.923E006,2.10000000E+2,2.18738632E+2,-6.03022933E-1,
1.924E006,2.20000000E+2,2.18738632E+2,8.50413963E-2,
1.925E006,2.15000000E+2,2.18738617E+2,-2.54971564E-1,
1.926E006,2.09000000E+2,2.18738617E+2,-6.73634231E-1,
1.927E006,1.98000000E+2,2.18738602E+2,-1.47382820E+0,
1.928E006,1.95000000E+2,2.18738602E+2,-1.69995666E+0,
1.929E006,2.49000000E+2,2.18738602E+2,1.91773820E+0,
1.93E06,2.34000000E+2,2.18738586E+2,9.97669816E-1,
1.931E006,2.26000000E+2,2.18738586E+2,4.83022034E-1,
1.932E006,2.22000000E+2,2.18738586E+2,2.18891755E-1,
1.933E006,2.19000000E+2,2.18738571E+2,1.76657233E-2,
1.934E006,2.35000000E+2,2.18738571E+2,1.06077862E+0,
1.935E006,2.02000000E+2,2.18738571E+2,-1.17772174E+0,
1.936E006,2.16000000E+2,2.18738556E+2,-1.86335132E-1,
1.937E006,2.32000000E+2,2.18738556E+2,8.70656431E-1,
1.938E006,2.31000000E+2,2.18738556E+2,8.06743801E-1,
1.939E006,2.19000000E+2,2.18738541E+2,1.76677853E-2,
1.94E06,2.24000000E+2,2.18738541E+2,3.51546049E-1,
1.941E006,2.23000000E+2,2.18738541E+2,2.85368443E-1,
1.942E006,2.25000000E+2,2.18738525E+2,4.17431653E-1,
1.943E006,2.23000000E+2,2.18738525E+2,2.85369456E-1,
1.944E006,2.13000000E+2,2.18738525E+2,-3.93197298E-1,
1.945E006,2.17000000E+2,2.18738525E+2,-1.18018791E-1,
1.946E006,2.32000000E+2,2.18738510E+2,8.70659471E-1,
1.947E006,2.17000000E+2,2.18738510E+2,-1.18017755E-1,
1.948E006,2.32000000E+2,2.18738510E+2,8.70659471E-1,
1.949E006,2.33000000E+2,2.18738495E+2,9.34302270E-1,
1.95E06,2.25000000E+2,2.18738495E+2,4.17433679E-1,
1.951E006,2.30000000E+2,2.18738495E+2,7.42561638E-1,
1.952E006,2.19000000E+2,2.18738480E+2,1.76719092E-2,
1.953E006,2.10000000E+2,2.18738480E+2,-6.03012383E-1,
1.954E006,2.07000000E+2,2.18738480E+2,-8.15880716E-1,
1.955E006,1.96000000E+2,2.18738480E+2,-1.62417710E+0,
1.956E006,2.31000000E+2,2.18738464E+2,8.06749821E-1,
1.957E006,2.23000000E+2,2.18738464E+2,2.85373539E-1,
1.958E006,2.10000000E+2,2.18738464E+2,-6.03011370E-1,
1.959E006,2.23000000E+2,2.18738449E+2,2.85374552E-1,
1.96E06,2.27000000E+2,2.18738449E+2,5.48338354E-1,
1.961E006,2.35000000E+2,2.18738449E+2,1.06078660E+0,
1.962E006,2.24000000E+2,2.18738449E+2,3.51552159E-1,
1.963E006,2.16000000E+2,2.18738434E+2,-1.86326817E-1,
1.964E006,2.34000000E+2,2.18738434E+2,9.97679830E-1,
1.965E006,2.34000000E+2,2.18738434E+2,9.97679830E-1,
1.966E006,2.15000000E+2,2.18738434E+2,-2.54959077E-1,
1.967E006,2.26000000E+2,2.18738419E+2,4.83033210E-1,
1.968E006,1.84000000E+2,2.18738419E+2,-2.56095028E+0,
1.969E006,2.23000000E+2,2.18738419E+2,2.85376608E-1,
1.97E06,2.44000000E+2,2.18738419E+2,1.61720693E+0,
1.971E006,2.43000000E+2,2.18738403E+2,1.55638218E+0,
1.972E006,2.37000000E+2,2.18738403E+2,1.18621814E+0,
1.973E006,2.32000000E+2,2.18738403E+2,8.70666504E-1,
1.974E006,2.21000000E+2,2.18738403E+2,1.52131453E-1,
1.975E006,2.26000000E+2,2.18738388E+2,4.83035237E-1,
1.976E006,2.20000000E+2,2.18738388E+2,8.50578547E-2,
1.977E006,2.46000000E+2,2.18738388E+2,1.73813689E+0,
1.978E006,2.31000000E+2,2.18738388E+2,8.06754827E-1,
1.979E006,2.17000000E+2,2.18738373E+2,-1.18008435E-1,
1.98E06,1.97000000E+2,2.18738373E+2,-1.54879487E+0,
1.981E006,2.24000000E+2,2.18738373E+2,3.51557255E-1,
1.982E006,2.32000000E+2,2.18738373E+2,8.70668471E-1,
1.983E006,2.42000000E+2,2.18738358E+2,1.49531496E+0,
1.984E006,2.18000000E+2,2.18738358E+2,-5.00078835E-2,
1.985E006,1.97000000E+2,2.18738358E+2,-1.54879379E+0,
1.986E006,1.97000000E+2,2.18738358E+2,-1.54879379E+0,
1.987E006,2.11000000E+2,2.18738358E+2,-5.32730520E-1,
1.988E006,2.19000000E+2,2.18738342E+2,1.76811889E-2,
1.989E006,2.15000000E+2,2.18738342E+2,-2.54952818E-1,
1.99E06,2.31000000E+2,2.18738342E+2,8.06757867E-1,
1.991E006,1.99000000E+2,2.18738342E+2,-1.39921403E+0,
1.992E006,2.12000000E+2,2.18738342E+2,-4.62791264E-1,
1.993E006,2.23000000E+2,2.18738327E+2,2.85382748E-1,
1.994E006,2.25000000E+2,2.18738327E+2,4.17444885E-1,
1.995E006,2.07000000E+2,2.18738327E+2,-8.15870106E-1,
1.996E006,2.11000000E+2,2.18738327E+2,-5.32728434E-1,
1.997E006,2.50000000E+2,2.18738327E+2,1.97716188E+0,
1.998E006,2.10000000E+2,2.18738312E+2,-6.03000820E-1,
1.999E006,2.27000000E+2,2.18738312E+2,5.48347473E-1,
