0.002CR

Labels,Decay4 on Em1,Decay4 on Em1F2,Decay4 on Em1F2R,
Type,Time Scan,Exponential Fit Time Scan,Weighted Residuals Time Scan,
Comment,,,,
Start,0.00,1.21E05,1.21E05,
Stop,1.999E006,1.999E006,1.999E006,
Step,1000.00,1000.00,1000.00,
Fixed/Offset, , , ,
XAxis,Time(ns),Time,Time,
YAxis,Counts,Counts,Counts,
Chi2,,1.0344061,,
dt,,,,
dtErr,,,,
A,,522.947880,,
Tau1,,53.179230,,
Tau2,,138.150280,,
Tau3,,,,
Tau4,,,,
B1,,5580.197800,,
B2,,1746.922600,,
B3,,,,
B4,,,,
Tau1Err,,0.8150620,,
Tau2Err,,3.2998965,,
Tau3Err,,,,
Tau4Err,,,,
B1Err,,96.075867,,
B2Err,,104.701930,,
B3Err,,,,
B4Err,,,,
TauAvInt,,91.289566,,
TauAvAmp,,73.437927,,
TauAvIntErr,,2.3796122,,
TauAvAmpErr,,1.3892317,,

0.00,4.98000000E+2, , ,
1000.00,5.33000000E+2, , ,
2000.00,5.35000000E+2, , ,
3000.00,4.87000000E+2, , ,
4000.00,5.22000000E+2, , ,
5000.00,4.81000000E+2, , ,
6000.00,5.27000000E+2, , ,
7000.00,5.22000000E+2, , ,
8000.00,5.11000000E+2, , ,
9000.00,4.61000000E+2, , ,
1E04,5.39000000E+2, , ,
1.1E04,5.44000000E+2, , ,
1.2E04,5.05000000E+2, , ,
1.3E04,4.98000000E+2, , ,
1.4E04,5.58000000E+2, , ,
1.5E04,5.03000000E+2, , ,
1.6E04,4.92000000E+2, , ,
1.7E04,5.51000000E+2, , ,
1.8E04,5.24000000E+2, , ,
1.9E04,5.39000000E+2, , ,
2E04,5.44000000E+2, , ,
2.1E04,5.26000000E+2, , ,
2.2E04,5.81000000E+2, , ,
2.3E04,5.95000000E+2, , ,
2.4E04,5.18000000E+2, , ,
2.5E04,4.96000000E+2, , ,
2.6E04,4.86000000E+2, , ,
2.7E04,5.04000000E+2, , ,
2.8E04,5.25000000E+2, , ,
2.9E04,6.06000000E+2, , ,
3E04,5.35000000E+2, , ,
3.1E04,5.26000000E+2, , ,
3.2E04,5.38000000E+2, , ,
3.3E04,5.17000000E+2, , ,
3.4E04,5.24000000E+2, , ,
3.5E04,5.02000000E+2, , ,
3.6E04,4.88000000E+2, , ,
3.7E04,5.12000000E+2, , ,
3.8E04,4.90000000E+2, , ,
3.9E04,5.47000000E+2, , ,
4E04,5.37000000E+2, , ,
4.1E04,5.52000000E+2, , ,
4.2E04,5.24000000E+2, , ,
4.3E04,5.43000000E+2, , ,
4.4E04,5.42000000E+2, , ,
4.5E04,4.95000000E+2, , ,
4.6E04,5.13000000E+2, , ,
4.7E04,4.84000000E+2, , ,
4.8E04,5.08000000E+2, , ,
4.9E04,5.24000000E+2, , ,
5E04,5.14000000E+2, , ,
5.1E04,4.76000000E+2, , ,
5.2E04,5.17000000E+2, , ,
5.3E04,5.14000000E+2, , ,
5.4E04,5.55000000E+2, , ,
5.5E04,5.19000000E+2, , ,
5.6E04,5.01000000E+2, , ,
5.7E04,5.27000000E+2, , ,
5.8E04,4.93000000E+2, , ,
5.9E04,5.22000000E+2, , ,
6E04,5.09000000E+2, , ,
6.1E04,5.23000000E+2, , ,
6.2E04,4.78000000E+2, , ,
6.3E04,4.99000000E+2, , ,
6.4E04,5.07000000E+2, , ,
6.5E04,5.08000000E+2, , ,
6.6E04,5.11000000E+2, , ,
6.7E04,5.47000000E+2, , ,
6.8E04,5.26000000E+2, , ,
6.9E04,5.00000000E+2, , ,
7E04,5.02000000E+2, , ,
7.1E04,4.89000000E+2, , ,
7.2E04,5.44000000E+2, , ,
7.3E04,4.81000000E+2, , ,
7.4E04,5.61000000E+2, , ,
7.5E04,5.42000000E+2, , ,
7.6E04,5.12000000E+2, , ,
7.7E04,4.84000000E+2, , ,
7.8E04,4.95000000E+2, , ,
7.9E04,4.83000000E+2, , ,
8E04,5.05000000E+2, , ,
8.1E04,5.34000000E+2, , ,
8.2E04,5.20000000E+2, , ,
8.3E04,5.69000000E+2, , ,
8.4E04,5.11000000E+2, , ,
8.5E04,5.32000000E+2, , ,
8.6E04,5.31000000E+2, , ,
8.7E04,4.94000000E+2, , ,
8.8E04,5.14000000E+2, , ,
8.9E04,5.17000000E+2, , ,
9E04,4.90000000E+2, , ,
9.1E04,4.94000000E+2, , ,
9.2E04,5.31000000E+2, , ,
9.3E04,5.67000000E+2, , ,
9.4E04,5.27000000E+2, , ,
9.5E04,5.39000000E+2, , ,
9.6E04,5.27000000E+2, , ,
9.7E04,5.27000000E+2, , ,
9.8E04,5.02000000E+2, , ,
9.9E04,5.30000000E+2, , ,
1E05,4.99000000E+2, , ,
1.01E05,5.32000000E+2, , ,
1.02E05,5.12000000E+2, , ,
1.03E05,5.32000000E+2, , ,
1.04E05,4.92000000E+2, , ,
1.05E05,1.79400000E+3, , ,
1.06E05,4.06500000E+3, , ,
1.07E05,5.42000000E+2, , ,
1.08E05,5.46000000E+2, , ,
1.09E05,6.82000000E+2, , ,
1.1E05,2.35400000E+3, , ,
1.11E05,5.23000000E+3, , ,
1.12E05,7.29900000E+3, , ,
1.13E05,7.83800000E+3, , ,
1.14E05,8.00000000E+3, , ,
1.15E05,7.96100000E+3, , ,
1.16E05,7.90000000E+3, , ,
1.17E05,7.91100000E+3, , ,
1.18E05,7.88400000E+3, , ,
1.19E05,7.71500000E+3, , ,
1.2E05,7.64500000E+3, , ,
1.21E05,7.63100000E+3,7.73351709E+3,-1.17356062E+0,
1.22E05,7.44200000E+3,7.61899316E+3,-2.05168962E+0,
1.23E05,7.36700000E+3,7.50646045E+3,-1.62482178E+0,
1.24E05,7.38000000E+3,7.39588135E+3,-1.84866905E-1,
1.25E05,7.14700000E+3,7.28722217E+3,-1.65865016E+0,
1.26E05,7.25500000E+3,7.18044775E+3,8.75269949E-1,
1.27E05,7.04400000E+3,7.07552295E+3,-3.75592709E-1,
1.28E05,7.12500000E+3,6.97241553E+3,1.80766487E+0,
1.29E05,6.95000000E+3,6.87109180E+3,9.46519911E-1,
1.3E05,6.84800000E+3,6.77152002E+3,9.24199820E-1,
1.31E05,6.71900000E+3,6.67366895E+3,5.53023398E-1,
1.32E05,6.59700000E+3,6.57750586E+3,2.40010843E-1,
1.33E05,6.60000000E+3,6.48300146E+3,1.44015241E+0,
1.34E05,6.58100000E+3,6.39012646E+3,2.35288000E+0,
1.35E05,6.31300000E+3,6.29885010E+3,1.78088367E-1,
1.36E05,6.23300000E+3,6.20914404E+3,3.02167863E-1,
1.37E05,6.07600000E+3,6.12098047E+3,-5.77052176E-1,
1.38E05,6.07500000E+3,6.03433057E+3,5.21789074E-1,
1.39E05,6.17200000E+3,5.94916797E+3,2.83638144E+0,
1.4E05,5.81200000E+3,5.86546582E+3,-7.01315522E-1,
1.41E05,5.71100000E+3,5.78319678E+3,-9.55348253E-1,
1.42E05,5.64300000E+3,5.70233643E+3,-7.89889514E-1,
1.43E05,5.82000000E+3,5.62285889E+3,2.58413792E+0,
1.44E05,5.66100000E+3,5.54473926E+3,1.54520643E+0,
1.45E05,5.52000000E+3,5.46795313E+3,7.00527430E-1,
1.46E05,5.39200000E+3,5.39247656E+3,-6.49000332E-3,
1.47E05,5.39000000E+3,5.31828613E+3,9.76806998E-1,
1.48E05,5.19600000E+3,5.24535791E+3,-6.84734464E-1,
1.49E05,5.30300000E+3,5.17367090E+3,1.77596927E+0,
1.5E05,5.18000000E+3,5.10320117E+3,1.06706214E+0,
1.51E05,5.06300000E+3,5.03392773E+3,4.08577949E-1,
1.52E05,4.99200000E+3,4.96582910E+3,3.70408833E-1,
1.53E05,4.93100000E+3,4.89888379E+3,4.57358539E-1,
1.54E05,4.66800000E+3,4.83307178E+3,-2.41605830E+0,
1.55E05,4.66100000E+3,4.76837256E+3,-1.57272851E+0,
1.56E05,4.77500000E+3,4.70476611E+3,1.01638913E+0,
1.57E05,4.49200000E+3,4.64223291E+3,-2.24153328E+0,
1.58E05,4.51600000E+3,4.58075342E+3,-9.63575423E-1,
1.59E05,4.56500000E+3,4.52030957E+3,6.61445618E-1,
1.6E05,4.38900000E+3,4.46088281E+3,-1.08503127E+0,
1.61E05,4.44600000E+3,4.40245410E+3,6.53074205E-1,
1.62E05,4.26300000E+3,4.34500586E+3,-1.25599301E+0,
1.63E05,4.21100000E+3,4.28852148E+3,-1.19461918E+0,
1.64E05,4.26100000E+3,4.23298291E+3,4.29207444E-1,
1.65E05,4.23600000E+3,4.17837402E+3,8.85401607E-1,
1.66E05,4.12300000E+3,4.12467725E+3,-2.61210185E-2,
1.67E05,4.02400000E+3,4.07187695E+3,-7.54740238E-1,
1.68E05,4.01500000E+3,4.01995728E+3,-7.82348514E-2,
1.69E05,3.85500000E+3,3.96890259E+3,-1.83451557E+0,
1.7E05,3.96000000E+3,3.91869702E+3,6.56347454E-1,
1.71E05,3.81500000E+3,3.86932617E+3,-8.79552662E-1,
1.72E05,3.88800000E+3,3.82077490E+3,1.07812297E+0,
1.73E05,3.65500000E+3,3.77302856E+3,-1.95228601E+0,
1.74E05,3.63500000E+3,3.72607275E+3,-1.51055408E+0,
1.75E05,3.51300000E+3,3.67989404E+3,-2.81579971E+0,
1.76E05,3.66700000E+3,3.63447778E+3,5.37062347E-1,
1.77E05,3.58900000E+3,3.58981128E+3,-1.35420272E-2,
1.78E05,3.47100000E+3,3.54588086E+3,-1.27099407E+0,
1.79E05,3.61400000E+3,3.50267383E+3,1.85183895E+0,
1.8E05,3.46300000E+3,3.46017700E+3,4.79716137E-2,
1.81E05,3.37800000E+3,3.41837793E+3,-6.94727063E-1,
1.82E05,3.43600000E+3,3.37726440E+3,1.00201631E+0,
1.83E05,3.23900000E+3,3.33682422E+3,-1.71886170E+0,
1.84E05,3.35100000E+3,3.29704541E+3,9.32054222E-1,
1.85E05,3.29900000E+3,3.25791675E+3,7.15276003E-1,
1.86E05,3.19500000E+3,3.21942627E+3,-4.32137251E-1,
1.87E05,3.21200000E+3,3.18156323E+3,5.37045121E-1,
1.88E05,3.10700000E+3,3.14431616E+3,-6.69462621E-1,
1.89E05,3.05600000E+3,3.10767432E+3,-9.34755564E-1,
1.9E05,3.06500000E+3,3.07162720E+3,-1.19705655E-1,
1.91E05,3.07600000E+3,3.03616431E+3,7.18255937E-1,
1.92E05,3.03400000E+3,3.00127539E+3,5.94109774E-1,
1.93E05,2.90500000E+3,2.96695020E+3,-1.14939582E+0,
1.94E05,2.93800000E+3,2.93317920E+3,8.89392123E-2,
1.95E05,2.84900000E+3,2.89995264E+3,-9.54597831E-1,
1.96E05,2.79500000E+3,2.86726074E+3,-1.36682057E+0,
1.97E05,2.76800000E+3,2.83509424E+3,-1.27527010E+0,
1.98E05,2.80400000E+3,2.80344409E+3,1.04981819E-2,
1.99E05,2.70200000E+3,2.77230103E+3,-1.35244298E+0,
2E05,2.75800000E+3,2.74165625E+3,3.11210752E-1,
2.01E05,2.70500000E+3,2.71150146E+3,-1.25005051E-1,
2.02E05,2.72100000E+3,2.68182764E+3,7.50957727E-1,
2.03E05,2.71700000E+3,2.65262671E+3,1.23498273E+0,
2.04E05,2.59000000E+3,2.62389014E+3,-6.65922105E-1,
2.05E05,2.66200000E+3,2.59560986E+3,1.28676593E+0,
2.06E05,2.49200000E+3,2.56777832E+3,-1.51799715E+0,
2.07E05,2.44900000E+3,2.54038745E+3,-1.84668231E+0,
2.08E05,2.44600000E+3,2.51342969E+3,-1.36339879E+0,
2.09E05,2.40500000E+3,2.48689746E+3,-1.66998625E+0,
2.1E05,2.58100000E+3,2.46078345E+3,2.36630249E+0,
2.11E05,2.47000000E+3,2.43508032E+3,7.02621996E-1,
2.12E05,2.37300000E+3,2.40978101E+3,-7.55048275E-1,
2.13E05,2.39200000E+3,2.38487842E+3,1.45611569E-1,
2.14E05,2.44000000E+3,2.36036597E+3,1.61214387E+0,
2.15E05,2.32800000E+3,2.33623706E+3,-1.70718580E-1,
2.16E05,2.34200000E+3,2.31248438E+3,6.09899879E-1,
2.17E05,2.31500000E+3,2.28910205E+3,5.38257241E-1,
2.18E05,2.24400000E+3,2.26608350E+3,-4.66182977E-1,
2.19E05,2.18500000E+3,2.24342236E+3,-1.24983704E+0,
2.2E05,2.20500000E+3,2.22111279E+3,-3.43136191E-1,
2.21E05,2.21300000E+3,2.19914844E+3,2.94447631E-1,
2.22E05,2.19300000E+3,2.17752368E+3,3.30482394E-1,
2.23E05,2.18200000E+3,2.15623242E+3,5.51627874E-1,
2.24E05,2.15400000E+3,2.13526904E+3,4.03586954E-1,
2.25E05,2.17900000E+3,2.11462769E+3,1.37901986E+0,
2.26E05,2.11700000E+3,2.09430347E+3,4.93286341E-1,
2.27E05,2.03500000E+3,2.07429028E+3,-8.70969474E-1,
2.28E05,2.06400000E+3,2.05458350E+3,2.07269236E-1,
2.29E05,2.00700000E+3,2.03517725E+3,-6.28962636E-1,
2.3E05,2.06400000E+3,2.01606665E+3,1.05507398E+0,
2.31E05,2.00800000E+3,1.99724683E+3,2.39968821E-1,
2.32E05,1.92100000E+3,1.97871265E+3,-1.31676209E+0,
2.33E05,1.90800000E+3,1.96045947E+3,-1.20097709E+0,
2.34E05,2.01500000E+3,1.94248242E+3,1.61549556E+0,
2.35E05,1.91300000E+3,1.92477661E+3,-2.69254416E-1,
2.36E05,1.94500000E+3,1.90733765E+3,8.53979945E-1,
2.37E05,1.94100000E+3,1.89016113E+3,1.15393960E+0,
2.38E05,1.91300000E+3,1.87324219E+3,9.09002304E-1,
2.39E05,1.92300000E+3,1.85657715E+3,1.51470435E+0,
2.4E05,1.89400000E+3,1.84016089E+3,1.23710883E+0,
2.41E05,1.82200000E+3,1.82398999E+3,-4.66204807E-2,
2.42E05,1.83600000E+3,1.80805981E+3,6.52068079E-1,
2.43E05,1.83400000E+3,1.79236646E+3,9.72173333E-1,
2.44E05,1.74600000E+3,1.77690625E+3,-7.39646494E-1,
2.45E05,1.83800000E+3,1.76167456E+3,1.78031373E+0,
2.46E05,1.73200000E+3,1.74666821E+3,-3.52454662E-1,
2.47E05,1.66400000E+3,1.73188330E+3,-1.66412640E+0,
2.48E05,1.74200000E+3,1.71731592E+3,5.91415763E-1,
2.49E05,1.75700000E+3,1.70296265E+3,1.28916407E+0,
2.5E05,1.74000000E+3,1.68881982E+3,1.22695076E+0,
2.51E05,1.67800000E+3,1.67488379E+3,7.60730579E-2,
2.52E05,1.68100000E+3,1.66115137E+3,4.84112978E-1,
2.53E05,1.66200000E+3,1.64761890E+3,3.52757871E-1,
2.54E05,1.61200000E+3,1.63428320E+3,-5.55002689E-1,
2.55E05,1.59200000E+3,1.62114111E+3,-7.30355978E-1,
2.56E05,1.63100000E+3,1.60818921E+3,5.64824283E-1,
2.57E05,1.63300000E+3,1.59542456E+3,9.29845870E-1,
2.58E05,1.62500000E+3,1.58284399E+3,1.04576182E+0,
2.59E05,1.52100000E+3,1.57044434E+3,-1.26780355E+0,
2.6E05,1.55300000E+3,1.55822266E+3,-1.32527411E-1,
2.61E05,1.46800000E+3,1.54617603E+3,-2.04037762E+0,
2.62E05,1.54200000E+3,1.53430176E+3,1.96042120E-1,
2.63E05,1.53400000E+3,1.52259668E+3,2.91151226E-1,
2.64E05,1.50900000E+3,1.51105835E+3,-5.29876351E-2,
2.65E05,1.53900000E+3,1.49968372E+3,1.00219715E+0,
2.66E05,1.53700000E+3,1.48847034E+3,1.23785663E+0,
2.67E05,1.43600000E+3,1.47741553E+3,-1.09291399E+0,
2.68E05,1.44000000E+3,1.46651660E+3,-6.98773801E-1,
2.69E05,1.45700000E+3,1.45577112E+3,3.21944021E-2,
2.7E05,1.47100000E+3,1.44517651E+3,6.73299909E-1,
2.71E05,1.47000000E+3,1.43473035E+3,9.19904053E-1,
2.72E05,1.37400000E+3,1.42443018E+3,-1.36049557E+0,
2.73E05,1.42800000E+3,1.41427380E+3,3.63233685E-1,
2.74E05,1.40300000E+3,1.40425867E+3,-3.36033069E-2,
2.75E05,1.44800000E+3,1.39438257E+3,1.40903485E+0,
2.76E05,1.38700000E+3,1.38464331E+3,6.32796586E-2,
2.77E05,1.42400000E+3,1.37503857E+3,1.29747522E+0,
2.78E05,1.38700000E+3,1.36556616E+3,5.75521708E-1,
2.79E05,1.34500000E+3,1.35622424E+3,-3.06052506E-1,
2.8E05,1.30400000E+3,1.34701050E+3,-1.19106555E+0,
2.81E05,1.32300000E+3,1.33792285E+3,-4.10272032E-1,
2.82E05,1.31900000E+3,1.32895923E+3,-2.74222642E-1,
2.83E05,1.35700000E+3,1.32011792E+3,1.00121069E+0,
2.84E05,1.29100000E+3,1.31139673E+3,-5.67671895E-1,
2.85E05,1.34200000E+3,1.30279370E+3,1.07023609E+0,
2.86E05,1.32700000E+3,1.29430713E+3,8.97465169E-1,
2.87E05,1.29300000E+3,1.28593506E+3,1.96475908E-1,
2.88E05,1.28000000E+3,1.27767566E+3,6.49673045E-2,
2.89E05,1.28000000E+3,1.26952710E+3,2.92726457E-1,
2.9E05,1.32200000E+3,1.26148792E+3,1.66427994E+0,
2.91E05,1.27900000E+3,1.25355603E+3,7.11458564E-1,
2.92E05,1.26500000E+3,1.24572998E+3,5.41797340E-1,
2.93E05,1.22600000E+3,1.23800793E+3,-3.42943907E-1,
2.94E05,1.24200000E+3,1.23038843E+3,3.29480886E-1,
2.95E05,1.15100000E+3,1.22286963E+3,-2.11839890E+0,
2.96E05,1.23500000E+3,1.21545007E+3,5.56303322E-1,
2.97E05,1.17600000E+3,1.20812817E+3,-9.36876535E-1,
2.98E05,1.20500000E+3,1.20090259E+3,1.18036449E-1,
2.99E05,1.25400000E+3,1.19377148E+3,1.70080054E+0,
3E05,1.13600000E+3,1.18673364E+3,-1.50524390E+0,
3.01E05,1.20400000E+3,1.17978760E+3,6.97789848E-1,
3.02E05,1.15300000E+3,1.17293176E+3,-5.86990476E-1,
3.03E05,1.15600000E+3,1.16616492E+3,-2.98968166E-1,
3.04E05,1.17100000E+3,1.15948560E+3,3.36482912E-1,
3.05E05,1.16800000E+3,1.15289233E+3,4.42054629E-1,
3.06E05,1.09500000E+3,1.14638403E+3,-1.55282009E+0,
3.07E05,1.14700000E+3,1.13995923E+3,2.07892358E-1,
3.08E05,1.14800000E+3,1.13361670E+3,4.24509704E-1,
3.09E05,1.13400000E+3,1.12735522E+3,1.97321206E-1,
3.1E05,1.18600000E+3,1.12117358E+3,1.88239026E+0,
3.11E05,1.07800000E+3,1.11507031E+3,-1.12905955E+0,
3.12E05,1.16200000E+3,1.10904443E+3,1.55349028E+0,
3.13E05,1.09100000E+3,1.10309473E+3,-3.66170764E-1,
3.14E05,1.09100000E+3,1.09721997E+3,-1.88311115E-1,
3.15E05,1.13900000E+3,1.09141919E+3,1.40984046E+0,
3.16E05,1.06500000E+3,1.08569092E+3,-6.34022951E-1,
3.17E05,1.10100000E+3,1.08003455E+3,6.31845117E-1,
3.18E05,1.08700000E+3,1.07444861E+3,3.80694926E-1,
3.19E05,1.05300000E+3,1.06893213E+3,-4.90975261E-1,
3.2E05,1.04000000E+3,1.06348425E+3,-7.28215754E-1,
3.21E05,1.01300000E+3,1.05810376E+3,-1.41712463E+0,
3.22E05,1.03200000E+3,1.05278955E+3,-6.47150457E-1,
3.23E05,1.05200000E+3,1.04754089E+3,1.37480140E-1,
3.24E05,1.01000000E+3,1.04235669E+3,-1.01813042E+0,
3.25E05,1.06800000E+3,1.03723584E+3,9.41368043E-1,
3.26E05,1.05300000E+3,1.03217761E+3,6.41676784E-1,
3.27E05,1.00900000E+3,1.02718103E+3,-5.72364807E-1,
3.28E05,1.03600000E+3,1.02224512E+3,4.27343398E-1,
3.29E05,9.91000000E+2,1.01736902E+3,-8.37639451E-1,
3.3E05,1.02700000E+3,1.01255176E+3,4.50847626E-1,
3.31E05,9.66000000E+2,1.00779260E+3,-1.34465492E+0,
3.32E05,1.00500000E+3,1.00309070E+3,6.02270439E-2,
3.33E05,1.03200000E+3,9.98445129E+2,1.04451752E+0,
3.34E05,9.78000000E+2,9.93855103E+2,-5.06990254E-1,
3.35E05,9.98000000E+2,9.89319702E+2,2.74770021E-1,
3.36E05,9.62000000E+2,9.84838318E+2,-7.36336946E-1,
3.37E05,9.50000000E+2,9.80410034E+2,-9.86631751E-1,
3.38E05,9.78000000E+2,9.76034180E+2,6.28600046E-2,
3.39E05,9.71000000E+2,9.71709961E+2,-2.27837320E-2,
3.4E05,9.50000000E+2,9.67436523E+2,-5.65715492E-1,
3.41E05,9.51000000E+2,9.63213257E+2,-3.96041989E-1,
3.42E05,9.82000000E+2,9.59039429E+2,7.32701302E-1,
3.43E05,9.44000000E+2,9.54914307E+2,-3.55230421E-1,
3.44E05,1.06100000E+3,9.50837158E+2,3.38202977E+0,
3.45E05,9.30000000E+2,9.46807373E+2,-5.51135480E-1,
3.46E05,8.90000000E+2,9.42824158E+2,-1.77066982E+0,
3.47E05,9.56000000E+2,9.38886963E+2,5.53475142E-1,
3.48E05,9.42000000E+2,9.34995117E+2,2.28231415E-1,
3.49E05,9.17000000E+2,9.31147949E+2,-4.67206448E-1,
3.5E05,9.39000000E+2,9.27344849E+2,3.80351484E-1,
3.51E05,9.30000000E+2,9.23585144E+2,2.10351422E-1,
3.52E05,8.75000000E+2,9.19868286E+2,-1.51682496E+0,
3.53E05,8.70000000E+2,9.16193604E+2,-1.56610978E+0,
3.54E05,9.53000000E+2,9.12560547E+2,1.30996239E+0,
3.55E05,9.00000000E+2,9.08968567E+2,-2.98952222E-1,
3.56E05,8.82000000E+2,9.05417114E+2,-7.88495243E-1,
3.57E05,9.14000000E+2,9.01905518E+2,4.00049925E-1,
3.58E05,8.59000000E+2,8.98433228E+2,-1.34544432E+0,
3.59E05,8.60000000E+2,8.94999878E+2,-1.19348598E+0,
3.6E05,8.75000000E+2,8.91604675E+2,-5.61340451E-1,
3.61E05,9.23000000E+2,8.88247253E+2,1.14390063E+0,
3.62E05,8.86000000E+2,8.84927063E+2,3.60460244E-2,
3.63E05,8.43000000E+2,8.81643616E+2,-1.33095682E+0,
3.64E05,8.92000000E+2,8.78396362E+2,4.55483496E-1,
3.65E05,9.11000000E+2,8.75184814E+2,1.18660998E+0,
3.66E05,8.80000000E+2,8.72008545E+2,2.69391894E-1,
3.67E05,9.03000000E+2,8.68867004E+2,1.13587499E+0,
3.68E05,9.10000000E+2,8.65759766E+2,1.46654952E+0,
3.69E05,8.12000000E+2,8.62686279E+2,-1.77873969E+0,
3.7E05,8.75000000E+2,8.59646240E+2,5.19051790E-1,
3.71E05,8.91000000E+2,8.56639038E+2,1.15113556E+0,
3.72E05,9.01000000E+2,8.53664368E+2,1.57697856E+0,
3.73E05,8.54000000E+2,8.50721680E+2,1.12181813E-1,
3.74E05,8.31000000E+2,8.47810669E+2,-5.83155632E-1,
3.75E05,8.32000000E+2,8.44930786E+2,-4.48294371E-1,
3.76E05,8.21000000E+2,8.42081665E+2,-7.35755205E-1,
3.77E05,8.16000000E+2,8.39262939E+2,-8.14365804E-1,
3.78E05,8.53000000E+2,8.36474182E+2,5.65833211E-1,
3.79E05,8.02000000E+2,8.33714966E+2,-1.11989439E+0,
3.8E05,8.84000000E+2,8.30984924E+2,1.78309000E+0,
3.81E05,8.23000000E+2,8.28283691E+2,-1.84177905E-1,
3.82E05,8.16000000E+2,8.25610840E+2,-3.36446702E-1,
3.83E05,8.00000000E+2,8.22966064E+2,-8.11972976E-1,
3.84E05,8.78000000E+2,8.20348999E+2,1.94562709E+0,
3.85E05,8.07000000E+2,8.17759216E+2,-3.78742367E-1,
3.86E05,8.80000000E+2,8.15196411E+2,2.18452859E+0,
3.87E05,7.80000000E+2,8.12660217E+2,-1.16942334E+0,
3.88E05,8.54000000E+2,8.10150269E+2,1.50050688E+0,
3.89E05,8.30000000E+2,8.07666321E+2,7.75213301E-1,
3.9E05,7.90000000E+2,8.05207886E+2,-5.41072309E-1,
3.91E05,8.31000000E+2,8.02774780E+2,9.79122043E-1,
3.92E05,8.21000000E+2,8.00366638E+2,7.20109284E-1,
3.93E05,8.01000000E+2,7.97983093E+2,1.06597155E-1,
3.94E05,7.44000000E+2,7.95623901E+2,-1.89262402E+0,
3.95E05,8.06000000E+2,7.93288696E+2,4.47736561E-1,
3.96E05,7.48000000E+2,7.90977173E+2,-1.57140112E+0,
3.97E05,7.32000000E+2,7.88689087E+2,-2.09528899E+0,
3.98E05,8.32000000E+2,7.86424133E+2,1.58005893E+0,
3.99E05,7.49000000E+2,7.84182007E+2,-1.28552258E+0,
4E05,7.88000000E+2,7.81962402E+2,2.15080515E-1,
4.01E05,7.68000000E+2,7.79765015E+2,-4.24533397E-1,
4.02E05,7.65000000E+2,7.77589661E+2,-4.55180138E-1,
4.03E05,7.81000000E+2,7.75436035E+2,1.99094310E-1,
4.04E05,7.36000000E+2,7.73303833E+2,-1.37503755E+0,
4.05E05,7.26000000E+2,7.71192749E+2,-1.67726028E+0,
4.06E05,7.84000000E+2,7.69102661E+2,5.32047808E-1,
4.07E05,7.65000000E+2,7.67033203E+2,-7.35106170E-2,
4.08E05,8.22000000E+2,7.64984131E+2,1.98865676E+0,
4.09E05,7.86000000E+2,7.62955200E+2,8.21980774E-1,
4.1E05,8.12000000E+2,7.60946228E+2,1.79163611E+0,
4.11E05,7.22000000E+2,7.58956909E+2,-1.37539375E+0,
4.12E05,7.71000000E+2,7.56987000E+2,5.04665911E-1,
4.13E05,7.98000000E+2,7.55036316E+2,1.52089798E+0,
4.14E05,7.54000000E+2,7.53104553E+2,3.26102488E-2,
4.15E05,7.49000000E+2,7.51191528E+2,-8.00767019E-2,
4.16E05,7.65000000E+2,7.49297058E+2,5.67741096E-1,
4.17E05,7.06000000E+2,7.47420837E+2,-1.55889380E+0,
4.18E05,6.97000000E+2,7.45562744E+2,-1.83944511E+0,
4.19E05,7.51000000E+2,7.43722473E+2,2.65560716E-1,
4.2E05,7.47000000E+2,7.41899841E+2,1.86605051E-1,
4.21E05,7.23000000E+2,7.40094604E+2,-6.35755181E-1,
4.22E05,7.74000000E+2,7.38306641E+2,1.28297138E+0,
4.23E05,7.32000000E+2,7.36535706E+2,-1.67644501E-1,
4.24E05,7.78000000E+2,7.34781616E+2,1.54945409E+0,
4.25E05,7.81000000E+2,7.33044128E+2,1.71599603E+0,
4.26E05,7.20000000E+2,7.31323120E+2,-4.21987772E-1,
4.27E05,7.13000000E+2,7.29618286E+2,-6.22359693E-1,
4.28E05,6.97000000E+2,7.27929565E+2,-1.17154086E+0,
4.29E05,7.15000000E+2,7.26256714E+2,-4.20977235E-1,
4.3E05,7.27000000E+2,7.24599487E+2,8.90300870E-2,
4.31E05,7.51000000E+2,7.22957886E+2,1.02327120E+0,
4.32E05,7.69000000E+2,7.21331543E+2,1.71896851E+0,
4.33E05,6.99000000E+2,7.19720337E+2,-7.83715129E-1,
4.34E05,6.85000000E+2,7.18124146E+2,-1.26560855E+0,
4.35E05,6.85000000E+2,7.16542725E+2,-1.20518553E+0,
4.36E05,6.80000000E+2,7.14975952E+2,-1.34126651E+0,
4.37E05,7.06000000E+2,7.13423706E+2,-2.79394865E-1,
4.38E05,7.24000000E+2,7.11885742E+2,4.50222850E-1,
4.39E05,7.23000000E+2,7.10361938E+2,4.70014572E-1,
4.4E05,6.75000000E+2,7.08852112E+2,-1.30296838E+0,
4.41E05,6.86000000E+2,7.07356079E+2,-8.15378904E-1,
4.42E05,6.93000000E+2,7.05873779E+2,-4.89034444E-1,
4.43E05,6.83000000E+2,7.04405029E+2,-8.19040656E-1,
4.44E05,6.95000000E+2,7.02949646E+2,-3.01547259E-1,
4.45E05,6.60000000E+2,7.01507446E+2,-1.61567509E+0,
4.46E05,7.28000000E+2,7.00078369E+2,1.03484452E+0,
4.47E05,7.46000000E+2,6.98662231E+2,1.73315883E+0,
4.48E05,7.31000000E+2,6.97258850E+2,1.24796152E+0,
4.49E05,6.94000000E+2,6.95868164E+2,-7.09145367E-2,
4.5E05,6.92000000E+2,6.94489990E+2,-9.46552232E-2,
4.51E05,7.28000000E+2,6.93124146E+2,1.29258513E+0,
4.52E05,6.97000000E+2,6.91770630E+2,1.98076516E-1,
4.53E05,6.46000000E+2,6.90429138E+2,-1.74804103E+0,
4.54E05,6.87000000E+2,6.89099670E+2,-8.01074207E-2,
4.55E05,6.62000000E+2,6.87782043E+2,-1.00204754E+0,
4.56E05,6.80000000E+2,6.86476196E+2,-2.48350799E-1,
4.57E05,7.21000000E+2,6.85181885E+2,1.33393633E+0,
4.58E05,6.75000000E+2,6.83899048E+2,-3.42524499E-1,
4.59E05,6.49000000E+2,6.82627625E+2,-1.31999969E+0,
4.6E05,6.82000000E+2,6.81367371E+2,2.42246315E-2,
4.61E05,6.66000000E+2,6.80118286E+2,-5.47072470E-1,
4.62E05,6.80000000E+2,6.78880127E+2,4.29451726E-2,
4.63E05,6.86000000E+2,6.77652893E+2,3.18694025E-1,
4.64E05,6.60000000E+2,6.76436401E+2,-6.39786065E-1,
4.65E05,6.48000000E+2,6.75230591E+2,-1.06971860E+0,
4.66E05,7.02000000E+2,6.74035278E+2,1.05546045E+0,
4.67E05,6.65000000E+2,6.72850464E+2,-3.04427922E-1,
4.68E05,6.32000000E+2,6.71675903E+2,-1.57822275E+0,
4.69E05,6.35000000E+2,6.70511536E+2,-1.40923226E+0,
4.7E05,6.62000000E+2,6.69357300E+2,-2.85949588E-1,
4.71E05,6.56000000E+2,6.68213074E+2,-4.76840407E-1,
4.72E05,6.53000000E+2,6.67078735E+2,-5.50943494E-1,
4.73E05,6.94000000E+2,6.65954224E+2,1.06460309E+0,
4.74E05,6.70000000E+2,6.64839355E+2,1.99373096E-1,
4.75E05,6.52000000E+2,6.63734131E+2,-4.59544033E-1,
4.76E05,6.43000000E+2,6.62638367E+2,-7.74461567E-1,
4.77E05,6.88000000E+2,6.61552002E+2,1.00832045E+0,
4.78E05,7.04000000E+2,6.60474976E+2,1.64041114E+0,
4.79E05,6.60000000E+2,6.59407104E+2,2.30784267E-2,
4.8E05,6.36000000E+2,6.58348389E+2,-8.86171222E-1,
4.81E05,6.72000000E+2,6.57298706E+2,5.67114711E-1,
4.82E05,6.43000000E+2,6.56257935E+2,-5.22841930E-1,
4.83E05,7.18000000E+2,6.55226013E+2,2.34270430E+0,
4.84E05,6.46000000E+2,6.54202820E+2,-3.22735637E-1,
4.85E05,6.36000000E+2,6.53188354E+2,-6.81562603E-1,
4.86E05,6.68000000E+2,6.52182373E+2,6.12002373E-1,
4.87E05,6.65000000E+2,6.51184998E+2,5.35722792E-1,
4.88E05,6.68000000E+2,6.50195984E+2,6.88858092E-1,
4.89E05,6.72000000E+2,6.49215271E+2,8.78939986E-1,
4.9E05,6.43000000E+2,6.48242859E+2,-2.06758171E-1,
4.91E05,6.32000000E+2,6.47278564E+2,-6.07748687E-1,
4.92E05,6.57000000E+2,6.46322388E+2,4.16573346E-1,
4.93E05,6.12000000E+2,6.45374207E+2,-1.34907234E+0,
4.94E05,6.29000000E+2,6.44433960E+2,-6.15392268E-1,
4.95E05,6.17000000E+2,6.43501526E+2,-1.06691122E+0,
4.96E05,6.30000000E+2,6.42576904E+2,-5.01075864E-1,
4.97E05,6.09000000E+2,6.41659912E+2,-1.32344639E+0,
4.98E05,6.19000000E+2,6.40750610E+2,-8.74230862E-1,
4.99E05,6.20000000E+2,6.39848816E+2,-7.97147632E-1,
5E05,6.57000000E+2,6.38954529E+2,7.04020858E-1,
5.01E05,6.04000000E+2,6.38067627E+2,-1.38619208E+0,
5.02E05,6.55000000E+2,6.37188049E+2,6.95970476E-1,
5.03E05,6.21000000E+2,6.36315735E+2,-6.14599288E-1,
5.04E05,6.19000000E+2,6.35450623E+2,-6.61206365E-1,
5.05E05,6.92000000E+2,6.34592651E+2,2.18229985E+0,
5.06E05,5.82000000E+2,6.33741699E+2,-2.14476252E+0,
5.07E05,6.51000000E+2,6.32897766E+2,7.09482491E-1,
5.08E05,6.69000000E+2,6.32060791E+2,1.42815232E+0,
5.09E05,6.23000000E+2,6.31230591E+2,-3.29751670E-1,
5.1E05,6.25000000E+2,6.30407227E+2,-2.16289058E-1,
5.11E05,6.42000000E+2,6.29590576E+2,4.89760876E-1,
5.12E05,6.28000000E+2,6.28780640E+2,-3.11509129E-2,
5.13E05,6.34000000E+2,6.27977234E+2,2.39194602E-1,
5.14E05,6.01000000E+2,6.27180420E+2,-1.06792164E+0,
5.15E05,6.17000000E+2,6.26390076E+2,-3.78030211E-1,
5.16E05,6.23000000E+2,6.25606140E+2,-1.04412802E-1,
5.17E05,6.43000000E+2,6.24828552E+2,7.16611922E-1,
5.18E05,6.14000000E+2,6.24057251E+2,-4.05877620E-1,
5.19E05,6.21000000E+2,6.23292236E+2,-9.19842795E-2,
5.2E05,6.06000000E+2,6.22533386E+2,-6.71622932E-1,
5.21E05,6.20000000E+2,6.21780640E+2,-7.15122074E-2,
5.22E05,6.37000000E+2,6.21033997E+2,6.32596076E-1,
5.23E05,6.39000000E+2,6.20293396E+2,7.40021825E-1,
5.24E05,6.27000000E+2,6.19558716E+2,2.97176272E-1,
5.25E05,6.19000000E+2,6.18829956E+2,6.83464343E-3,
5.26E05,6.26000000E+2,6.18107056E+2,3.15465510E-1,
5.27E05,6.55000000E+2,6.17389893E+2,1.46954846E+0,
5.28E05,6.39000000E+2,6.16678528E+2,8.83023798E-1,
5.29E05,6.07000000E+2,6.15972839E+2,-3.64196301E-1,
5.3E05,6.45000000E+2,6.15272827E+2,1.17050624E+0,
5.31E05,6.00000000E+2,6.14578369E+2,-5.95159411E-1,
5.32E05,6.11000000E+2,6.13889465E+2,-1.16895258E-1,
5.33E05,6.37000000E+2,6.13206055E+2,9.42750454E-1,
5.34E05,6.11000000E+2,6.12528076E+2,-6.18193448E-2,
5.35E05,6.05000000E+2,6.11855530E+2,-2.78716922E-1,
5.36E05,6.36000000E+2,6.11188293E+2,9.83848155E-1,
5.37E05,6.58000000E+2,6.10526306E+2,1.85071731E+0,
5.38E05,5.62000000E+2,6.09869629E+2,-2.01925850E+0,
5.39E05,5.98000000E+2,6.09218140E+2,-4.58743840E-1,
5.4E05,5.76000000E+2,6.08571838E+2,-1.35715997E+0,
5.41E05,6.57000000E+2,6.07930603E+2,1.91437948E+0,
5.42E05,6.17000000E+2,6.07294434E+2,3.90731394E-1,
5.43E05,5.94000000E+2,6.06663330E+2,-5.19582748E-1,
5.44E05,6.31000000E+2,6.06037170E+2,9.93754566E-1,
5.45E05,6.56000000E+2,6.05415955E+2,1.97497511E+0,
5.46E05,6.23000000E+2,6.04799622E+2,7.29182780E-1,
5.47E05,5.61000000E+2,6.04188110E+2,-1.82340348E+0,
5.48E05,6.07000000E+2,6.03581421E+2,1.38755843E-1,
5.49E05,5.95000000E+2,6.02979553E+2,-3.27129781E-1,
5.5E05,5.85000000E+2,6.02382324E+2,-7.18670666E-1,
5.51E05,6.10000000E+2,6.01789795E+2,3.32421482E-1,
5.52E05,6.00000000E+2,6.01201904E+2,-4.90675382E-2,
5.53E05,6.45000000E+2,6.00618652E+2,1.74751389E+0,
5.54E05,5.84000000E+2,6.00039917E+2,-6.63736463E-1,
5.55E05,5.72000000E+2,5.99465698E+2,-1.14839852E+0,
5.56E05,5.72000000E+2,5.98895996E+2,-1.12457812E+0,
5.57E05,5.60000000E+2,5.98330688E+2,-1.61976719E+0,
5.58E05,5.65000000E+2,5.97769836E+2,-1.37863743E+0,
5.59E05,5.71000000E+2,5.97213318E+2,-1.09699321E+0,
5.6E05,6.28000000E+2,5.96661133E+2,1.25055695E+0,
5.61E05,6.30000000E+2,5.96113220E+2,1.35008168E+0,
5.62E05,6.13000000E+2,5.95569580E+2,7.04008043E-1,
5.63E05,6.06000000E+2,5.95030151E+2,4.45619643E-1,
5.64E05,5.44000000E+2,5.94494934E+2,-2.16495252E+0,
5.65E05,5.88000000E+2,5.93963867E+2,-2.45945737E-1,
5.66E05,6.33000000E+2,5.93436890E+2,1.57249248E+0,
5.67E05,6.28000000E+2,5.92913940E+2,1.40008616E+0,
5.68E05,5.94000000E+2,5.92395081E+2,6.58506379E-2,
5.69E05,6.22000000E+2,5.91880249E+2,1.20769203E+0,
5.7E05,5.85000000E+2,5.91369324E+2,-2.63339132E-1,
5.71E05,5.66000000E+2,5.90862427E+2,-1.04504573E+0,
5.72E05,6.04000000E+2,5.90359375E+2,5.55029154E-1,
5.73E05,6.26000000E+2,5.89860229E+2,1.44443572E+0,
5.74E05,5.97000000E+2,5.89364868E+2,3.12485129E-1,
5.75E05,5.66000000E+2,5.88873352E+2,-9.61438715E-1,
5.76E05,5.95000000E+2,5.88385620E+2,2.71163136E-1,
5.77E05,6.25000000E+2,5.87901672E+2,1.48393309E+0,
5.78E05,5.72000000E+2,5.87421387E+2,-6.44800544E-1,
5.79E05,5.87000000E+2,5.86944763E+2,2.27986742E-3,
5.8E05,6.15000000E+2,5.86471863E+2,1.15036547E+0,
5.81E05,6.23000000E+2,5.86002563E+2,1.48227096E+0,
5.82E05,5.68000000E+2,5.85536804E+2,-7.35827923E-1,
5.83E05,5.97000000E+2,5.85074646E+2,4.88072246E-1,
5.84E05,5.86000000E+2,5.84616028E+2,5.71713634E-2,
5.85E05,5.48000000E+2,5.84160889E+2,-1.54471660E+0,
5.86E05,5.91000000E+2,5.83709290E+2,2.99899757E-1,
5.87E05,5.44000000E+2,5.83261108E+2,-1.68330610E+0,
5.88E05,5.69000000E+2,5.82816284E+2,-5.79208791E-1,
5.89E05,6.01000000E+2,5.82374939E+2,7.59732068E-1,
5.9E05,5.76000000E+2,5.81936890E+2,-2.47370407E-1,
5.91E05,5.74000000E+2,5.81502197E+2,-3.13135654E-1,
5.92E05,5.61000000E+2,5.81070801E+2,-8.47389877E-1,
5.93E05,5.35000000E+2,5.80642700E+2,-1.97330606E+0,
5.94E05,5.89000000E+2,5.80217834E+2,3.61862838E-1,
5.95E05,5.36000000E+2,5.79796204E+2,-1.89170790E+0,
5.96E05,5.78000000E+2,5.79377808E+2,-5.73092438E-2,
5.97E05,5.85000000E+2,5.78962585E+2,2.49616370E-1,
5.98E05,6.20000000E+2,5.78550476E+2,1.66465294E+0,
5.99E05,5.62000000E+2,5.78141479E+2,-6.80887222E-1,
6E05,5.58000000E+2,5.77735596E+2,-8.35474372E-1,
6.01E05,5.90000000E+2,5.77332764E+2,5.21501839E-1,
6.02E05,6.14000000E+2,5.76933044E+2,1.49590051E+0,
6.03E05,5.81000000E+2,5.76536316E+2,1.85184821E-1,
6.04E05,5.83000000E+2,5.76142578E+2,2.84005404E-1,
6.05E05,5.61000000E+2,5.75751831E+2,-6.22822762E-1,
6.06E05,5.58000000E+2,5.75364014E+2,-7.35077322E-1,
6.07E05,5.77000000E+2,5.74979126E+2,8.41300860E-2,
6.08E05,5.64000000E+2,5.74597107E+2,-4.46218699E-1,
6.09E05,6.02000000E+2,5.74218018E+2,1.13230908E+0,
6.1E05,5.51000000E+2,5.73841797E+2,-9.73093271E-1,
6.11E05,5.50000000E+2,5.73468384E+2,-1.00069523E+0,
6.12E05,5.76000000E+2,5.73097778E+2,1.20925903E-1,
6.13E05,5.76000000E+2,5.72729980E+2,1.36250809E-1,
6.14E05,5.54000000E+2,5.72364929E+2,-7.80251086E-1,
6.15E05,5.74000000E+2,5.72002625E+2,8.33688453E-2,
6.16E05,5.32000000E+2,5.71643066E+2,-1.71874487E+0,
6.17E05,5.72000000E+2,5.71286194E+2,2.98457351E-2,
6.18E05,5.63000000E+2,5.70931946E+2,-3.34291667E-1,
6.19E05,6.13000000E+2,5.70580444E+2,1.71330976E+0,
6.2E05,6.29000000E+2,5.70231506E+2,2.34325337E+0,
6.21E05,5.64000000E+2,5.69885254E+2,-2.47813895E-1,
6.22E05,5.33000000E+2,5.69541565E+2,-1.58279085E+0,
6.23E05,5.66000000E+2,5.69200439E+2,-1.34524509E-1,
6.24E05,5.66000000E+2,5.68861877E+2,-1.20293684E-1,
6.25E05,5.89000000E+2,5.68525879E+2,8.43621492E-1,
6.26E05,5.89000000E+2,5.68192383E+2,8.57362926E-1,
6.27E05,5.53000000E+2,5.67861328E+2,-6.31967962E-1,
6.28E05,5.46000000E+2,5.67532776E+2,-9.21517730E-1,
6.29E05,5.65000000E+2,5.67206726E+2,-9.28376615E-2,
6.3E05,5.34000000E+2,5.66883057E+2,-1.42298901E+0,
6.31E05,5.66000000E+2,5.66561829E+2,-2.36154180E-2,
6.32E05,5.69000000E+2,5.66242981E+2,1.15580253E-1,
6.33E05,5.53000000E+2,5.65926514E+2,-5.49691260E-1,
6.34E05,5.64000000E+2,5.65612427E+2,-6.78954124E-2,
6.35E05,5.72000000E+2,5.65300720E+2,2.80110955E-1,
6.36E05,5.42000000E+2,5.64991272E+2,-9.87559676E-1,
6.37E05,5.90000000E+2,5.64684143E+2,1.04223728E+0,
6.38E05,5.46000000E+2,5.64379333E+2,-7.86562860E-1,
6.39E05,5.76000000E+2,5.64076721E+2,4.96803284E-1,
6.4E05,5.99000000E+2,5.63776428E+2,1.43919611E+0,
6.41E05,5.66000000E+2,5.63478333E+2,1.05993591E-1,
6.42E05,5.19000000E+2,5.63182495E+2,-1.93939626E+0,
6.43E05,5.39000000E+2,5.62888855E+2,-1.02896583E+0,
6.44E05,5.84000000E+2,5.62597351E+2,8.85647893E-1,
6.45E05,5.47000000E+2,5.62308044E+2,-6.54524744E-1,
6.46E05,5.58000000E+2,5.62020874E+2,-1.70217171E-1,
6.47E05,5.51000000E+2,5.61735840E+2,-4.57362145E-1,
6.48E05,5.69000000E+2,5.61452942E+2,3.16389143E-1,
6.49E05,5.40000000E+2,5.61172119E+2,-9.11102951E-1,
6.5E05,5.33000000E+2,5.60893372E+2,-1.20819604E+0,
6.51E05,5.43000000E+2,5.60616699E+2,-7.56004930E-1,
6.52E05,5.10000000E+2,5.60342102E+2,-2.22918582E+0,
6.53E05,5.43000000E+2,5.60069519E+2,-7.32523203E-1,
6.54E05,5.86000000E+2,5.59798950E+2,1.08235538E+0,
6.55E05,5.91000000E+2,5.59530396E+2,1.29448652E+0,
6.56E05,5.50000000E+2,5.59263794E+2,-3.95009488E-1,
6.57E05,5.76000000E+2,5.58999207E+2,7.08366394E-1,
6.58E05,5.59000000E+2,5.58736572E+2,1.11418059E-2,
6.59E05,5.65000000E+2,5.58475891E+2,2.74471313E-1,
6.6E05,5.46000000E+2,5.58217163E+2,-5.22846341E-1,
6.61E05,5.64000000E+2,5.57960266E+2,2.54318684E-1,
6.62E05,5.17000000E+2,5.57705322E+2,-1.79021800E+0,
6.63E05,5.42000000E+2,5.57452271E+2,-6.63731873E-1,
6.64E05,5.51000000E+2,5.57201050E+2,-2.64173597E-1,
6.65E05,5.73000000E+2,5.56951721E+2,6.70426488E-1,
6.66E05,5.69000000E+2,5.56704224E+2,5.15465736E-1,
6.67E05,5.82000000E+2,5.56458557E+2,1.05872691E+0,
6.68E05,5.69000000E+2,5.56214661E+2,5.35989285E-1,
6.69E05,5.79000000E+2,5.55972595E+2,9.56986308E-1,
6.7E05,5.24000000E+2,5.55732361E+2,-1.38623464E+0,
6.71E05,5.83000000E+2,5.55493835E+2,1.13918900E+0,
6.72E05,5.45000000E+2,5.55257080E+2,-4.39365029E-1,
6.73E05,5.48000000E+2,5.55022095E+2,-2.99969018E-1,
6.74E05,5.28000000E+2,5.54788818E+2,-1.16583371E+0,
6.75E05,5.33000000E+2,5.54557251E+2,-9.33748186E-1,
6.76E05,5.58000000E+2,5.54327393E+2,1.55473873E-1,
6.77E05,5.33000000E+2,5.54099243E+2,-9.13909674E-1,
6.78E05,5.63000000E+2,5.53872803E+2,3.84665519E-1,
6.79E05,5.69000000E+2,5.53647949E+2,6.43591464E-1,
6.8E05,5.68000000E+2,5.53424805E+2,6.11561596E-1,
6.81E05,5.17000000E+2,5.53203308E+2,-1.59221971E+0,
6.82E05,5.62000000E+2,5.52983398E+2,3.80342394E-1,
6.83E05,5.83000000E+2,5.52765137E+2,1.25220013E+0,
6.84E05,5.51000000E+2,5.52548523E+2,-6.59692958E-2,
6.85E05,5.45000000E+2,5.52333435E+2,-3.14129859E-1,
6.86E05,5.92000000E+2,5.52119934E+2,1.63906062E+0,
6.87E05,5.67000000E+2,5.51908020E+2,6.33803546E-1,
6.88E05,5.70000000E+2,5.51697632E+2,7.66601861E-1,
6.89E05,6.31000000E+2,5.51488831E+2,3.16528964E+0,
6.9E05,5.64000000E+2,5.51281555E+2,5.35543144E-1,
6.91E05,6.01000000E+2,5.51075806E+2,2.03645039E+0,
6.92E05,5.02000000E+2,5.50871582E+2,-2.18124557E+0,
6.93E05,5.38000000E+2,5.50668823E+2,-5.46191752E-1,
6.94E05,5.92000000E+2,5.50467529E+2,1.70697403E+0,
6.95E05,5.33000000E+2,5.50267761E+2,-7.47949779E-1,
6.96E05,5.21000000E+2,5.50069397E+2,-1.27355337E+0,
6.97E05,5.33000000E+2,5.49872559E+2,-7.30831623E-1,
6.98E05,5.51000000E+2,5.49677124E+2,5.63564114E-2,
6.99E05,5.50000000E+2,5.49483154E+2,2.20383741E-2,
7E05,5.69000000E+2,5.49290588E+2,8.26261520E-1,
7.01E05,5.55000000E+2,5.49099426E+2,2.50465423E-1,
7.02E05,5.41000000E+2,5.48909668E+2,-3.40063184E-1,
7.03E05,5.37000000E+2,5.48721252E+2,-5.05809367E-1,
7.04E05,5.59000000E+2,5.48534302E+2,4.42651868E-1,
7.05E05,5.66000000E+2,5.48348694E+2,7.41939723E-1,
7.06E05,5.47000000E+2,5.48164429E+2,-4.97873761E-2,
7.07E05,5.71000000E+2,5.47981506E+2,9.63293970E-1,
7.08E05,5.45000000E+2,5.47799927E+2,-1.19935684E-1,
7.09E05,5.35000000E+2,5.47619690E+2,-5.45596778E-1,
7.1E05,5.31000000E+2,5.47440735E+2,-7.13467121E-1,
7.11E05,4.86000000E+2,5.47263123E+2,-2.77895164E+0,
7.12E05,5.36000000E+2,5.47086792E+2,-4.78876472E-1,
7.13E05,5.49000000E+2,5.46911743E+2,8.91246274E-2,
7.14E05,5.64000000E+2,5.46738037E+2,7.26859748E-1,
7.15E05,5.78000000E+2,5.46565552E+2,1.30750072E+0,
7.16E05,5.30000000E+2,5.46394348E+2,-7.12125003E-1,
7.17E05,5.57000000E+2,5.46224365E+2,4.56578314E-1,
7.18E05,5.60000000E+2,5.46055603E+2,5.89258313E-1,
7.19E05,5.52000000E+2,5.45888123E+2,2.60138780E-1,
7.2E05,5.53000000E+2,5.45721863E+2,3.09497893E-1,
7.21E05,5.56000000E+2,5.45556824E+2,4.42889333E-1,
7.22E05,5.47000000E+2,5.45392944E+2,6.87127411E-2,
7.23E05,5.20000000E+2,5.45230286E+2,-1.10642123E+0,
7.24E05,5.33000000E+2,5.45068848E+2,-5.22759795E-1,
7.25E05,5.04000000E+2,5.44908569E+2,-1.82221258E+0,
7.26E05,5.79000000E+2,5.44749451E+2,1.42340422E+0,
7.27E05,5.53000000E+2,5.44591492E+2,3.57566148E-1,
7.28E05,5.60000000E+2,5.44434692E+2,6.57754302E-1,
7.29E05,5.47000000E+2,5.44278992E+2,1.16341919E-1,
7.3E05,5.35000000E+2,5.44124512E+2,-3.94487053E-1,
7.31E05,5.15000000E+2,5.43971069E+2,-1.27661788E+0,
7.32E05,5.40000000E+2,5.43818848E+2,-1.64337039E-1,
7.33E05,5.65000000E+2,5.43667664E+2,8.97458136E-1,
7.34E05,5.34000000E+2,5.43517578E+2,-4.11865890E-1,
7.35E05,5.70000000E+2,5.43368591E+2,1.11546695E+0,
7.36E05,5.74000000E+2,5.43220703E+2,1.28470302E+0,
7.37E05,5.04000000E+2,5.43073914E+2,-1.74049044E+0,
7.38E05,5.52000000E+2,5.42928162E+2,3.86123091E-1,
7.39E05,5.88000000E+2,5.42783508E+2,1.86469662E+0,
7.4E05,5.21000000E+2,5.42639893E+2,-9.48060870E-1,
7.41E05,5.13000000E+2,5.42497314E+2,-1.30233824E+0,
7.42E05,5.75000000E+2,5.42355774E+2,1.36135840E+0,
7.43E05,5.82000000E+2,5.42215271E+2,1.64913011E+0,
7.44E05,5.77000000E+2,5.42075806E+2,1.45391321E+0,
7.45E05,5.62000000E+2,5.41937317E+2,8.46293211E-1,
7.46E05,5.58000000E+2,5.41799866E+2,6.85806394E-1,
7.47E05,5.54000000E+2,5.41663391E+2,5.24132311E-1,
7.48E05,5.46000000E+2,5.41527954E+2,1.91385895E-1,
7.49E05,5.17000000E+2,5.41393433E+2,-1.07282197E+0,
7.5E05,5.24000000E+2,5.41259949E+2,-7.54004359E-1,
7.51E05,5.98000000E+2,5.41127441E+2,2.32569194E+0,
7.52E05,5.09000000E+2,5.40995850E+2,-1.41819108E+0,
7.53E05,5.62000000E+2,5.40865234E+2,8.91516268E-1,
7.54E05,5.39000000E+2,5.40735596E+2,-7.47573972E-2,
7.55E05,5.51000000E+2,5.40606873E+2,4.42762107E-1,
7.56E05,5.66000000E+2,5.40479126E+2,1.07272232E+0,
7.57E05,5.75000000E+2,5.40352234E+2,1.44491172E+0,
7.58E05,5.44000000E+2,5.40226318E+2,1.61795259E-1,
7.59E05,5.33000000E+2,5.40101318E+2,-3.07592243E-1,
7.6E05,4.96000000E+2,5.39977234E+2,-1.97463608E+0,
7.61E05,5.41000000E+2,5.39854004E+2,4.92702201E-2,
7.62E05,5.28000000E+2,5.39731689E+2,-5.10556281E-1,
7.63E05,5.55000000E+2,5.39610291E+2,6.53256774E-1,
7.64E05,5.54000000E+2,5.39489746E+2,6.16481602E-1,
7.65E05,5.53000000E+2,5.39370117E+2,5.79601586E-1,
7.66E05,5.26000000E+2,5.39251343E+2,-5.77786028E-1,
7.67E05,5.44000000E+2,5.39133423E+2,2.08652779E-1,
7.68E05,5.65000000E+2,5.39016357E+2,1.09314001E+0,
7.69E05,5.19000000E+2,5.38900146E+2,-8.73519480E-1,
7.7E05,5.26000000E+2,5.38784729E+2,-5.57440698E-1,
7.71E05,5.44000000E+2,5.38670227E+2,2.28512123E-1,
7.72E05,5.47000000E+2,5.38556519E+2,3.61017197E-1,
7.73E05,5.85000000E+2,5.38443665E+2,1.92486763E+0,
7.74E05,5.99000000E+2,5.38331604E+2,2.47884345E+0,
7.75E05,5.30000000E+2,5.38220337E+2,-3.57068628E-1,
7.76E05,5.29000000E+2,5.38109924E+2,-3.96083683E-1,
7.77E05,5.64000000E+2,5.38000305E+2,1.09478462E+0,
7.78E05,5.53000000E+2,5.37891418E+2,6.42482221E-1,
7.79E05,5.42000000E+2,5.37783386E+2,1.81119069E-1,
7.8E05,5.17000000E+2,5.37676147E+2,-9.09335911E-1,
7.81E05,5.40000000E+2,5.37569641E+2,1.04585990E-1,
7.82E05,5.94000000E+2,5.37463928E+2,2.31970310E+0,
7.83E05,5.61000000E+2,5.37359009E+2,9.98123407E-1,
7.84E05,5.24000000E+2,5.37254822E+2,-5.79039574E-1,
7.85E05,5.32000000E+2,5.37151367E+2,-2.23340094E-1,
7.86E05,5.48000000E+2,5.37048706E+2,4.67816085E-1,
7.87E05,5.27000000E+2,5.36946777E+2,-4.33288425E-1,
7.88E05,5.39000000E+2,5.36845581E+2,9.27973911E-2,
7.89E05,5.80000000E+2,5.36745117E+2,1.79606128E+0,
7.9E05,5.15000000E+2,5.36645386E+2,-9.53809679E-1,
7.91E05,5.71000000E+2,5.36546387E+2,1.44183886E+0,
7.92E05,5.59000000E+2,5.36448120E+2,9.53842878E-1,
7.93E05,5.79000000E+2,5.36350525E+2,1.77245164E+0,
7.94E05,5.44000000E+2,5.36253662E+2,3.32121491E-1,
7.95E05,5.29000000E+2,5.36157471E+2,-3.11194390E-1,
7.96E05,5.50000000E+2,5.36062012E+2,5.94317794E-1,
7.97E05,5.67000000E+2,5.35967224E+2,1.30325401E+0,
7.98E05,4.77000000E+2,5.35873169E+2,-2.69561720E+0,
7.99E05,5.50000000E+2,5.35779785E+2,6.06351972E-1,
8E05,5.39000000E+2,5.35687012E+2,1.42700508E-1,
8.01E05,5.81000000E+2,5.35594971E+2,1.88371801E+0,
8.02E05,5.39000000E+2,5.35503601E+2,1.50600567E-1,
8.03E05,5.12000000E+2,5.35412842E+2,-1.03471124E+0,
8.04E05,5.41000000E+2,5.35322754E+2,2.44083881E-1,
8.05E05,5.73000000E+2,5.35233337E+2,1.57772493E+0,
8.06E05,5.41000000E+2,5.35144592E+2,2.51743644E-1,
8.07E05,5.58000000E+2,5.35056458E+2,9.71277595E-1,
8.08E05,5.77000000E+2,5.34968994E+2,1.74977362E+0,
8.09E05,5.21000000E+2,5.34882141E+2,-6.08187616E-1,
8.1E05,5.43000000E+2,5.34795898E+2,3.52071702E-1,
8.11E05,5.42000000E+2,5.34710327E+2,3.13118249E-1,
8.12E05,5.54000000E+2,5.34625305E+2,8.23151886E-1,
8.13E05,5.58000000E+2,5.34540955E+2,9.93100584E-1,
8.14E05,5.77000000E+2,5.34457214E+2,1.77107930E+0,
8.15E05,5.47000000E+2,5.34374084E+2,5.39845169E-1,
8.16E05,5.50000000E+2,5.34291504E+2,6.69812500E-1,
8.17E05,5.37000000E+2,5.34209595E+2,1.20414875E-1,
8.18E05,5.40000000E+2,5.34128235E+2,2.52680540E-1,
8.19E05,5.41000000E+2,5.34047485E+2,2.98911959E-1,
8.2E05,5.32000000E+2,5.33967285E+2,-8.52926299E-2,
8.21E05,5.53000000E+2,5.33887695E+2,8.12737882E-1,
8.22E05,5.44000000E+2,5.33808655E+2,4.36950326E-1,
8.23E05,4.89000000E+2,5.33730225E+2,-2.02277064E+0,
8.24E05,5.10000000E+2,5.33652344E+2,-1.04734337E+0,
8.25E05,5.06000000E+2,5.33575012E+2,-1.22585881E+0,
8.26E05,5.37000000E+2,5.33498291E+2,1.51109904E-1,
8.27E05,5.18000000E+2,5.33422058E+2,-6.77606344E-1,
8.28E05,5.03000000E+2,5.33346436E+2,-1.35308063E+0,
8.29E05,5.64000000E+2,5.33271301E+2,1.29391158E+0,
8.3E05,5.53000000E+2,5.33196777E+2,8.42118680E-1,
8.31E05,5.29000000E+2,5.33122742E+2,-1.79249644E-1,
8.32E05,5.26000000E+2,5.33049255E+2,-3.07362139E-1,
8.33E05,5.51000000E+2,5.32976318E+2,7.67834663E-1,
8.34E05,5.53000000E+2,5.32903870E+2,8.54574382E-1,
8.35E05,5.33000000E+2,5.32831970E+2,7.27817789E-3,
8.36E05,5.53000000E+2,5.32760620E+2,8.60665977E-1,
8.37E05,5.33000000E+2,5.32689697E+2,1.34407030E-2,
8.38E05,5.42000000E+2,5.32619385E+2,4.02931929E-1,
8.39E05,5.14000000E+2,5.32549561E+2,-8.18186045E-1,
8.4E05,5.69000000E+2,5.32480225E+2,1.53098869E+0,
8.41E05,5.20000000E+2,5.32411377E+2,-5.44274867E-1,
8.42E05,5.18000000E+2,5.32343018E+2,-6.30196035E-1,
8.43E05,5.44000000E+2,5.32275208E+2,5.02696335E-1,
8.44E05,5.44000000E+2,5.32207825E+2,5.05585372E-1,
8.45E05,5.52000000E+2,5.32140991E+2,8.45255554E-1,
8.46E05,5.51000000E+2,5.32074585E+2,8.06249797E-1,
8.47E05,5.18000000E+2,5.32008667E+2,-6.15505457E-1,
8.48E05,5.14000000E+2,5.31943298E+2,-7.91444957E-1,
8.49E05,5.32000000E+2,5.31878296E+2,5.27654216E-3,
8.5E05,5.58000000E+2,5.31813843E+2,1.10854840E+0,
8.51E05,5.42000000E+2,5.31749817E+2,4.40283060E-1,
8.52E05,5.24000000E+2,5.31686279E+2,-3.35776657E-1,
8.53E05,5.78000000E+2,5.31623169E+2,1.92902195E+0,
8.54E05,5.48000000E+2,5.31560547E+2,7.02258646E-1,
8.55E05,5.34000000E+2,5.31498352E+2,1.08256891E-1,
8.56E05,5.58000000E+2,5.31436646E+2,1.12451649E+0,
8.57E05,5.15000000E+2,5.31375366E+2,-7.21584857E-1,
8.58E05,5.48000000E+2,5.31314514E+2,7.12768614E-1,
8.59E05,5.48000000E+2,5.31254089E+2,7.15349853E-1,
8.6E05,5.51000000E+2,5.31194153E+2,8.43757451E-1,
8.61E05,4.90000000E+2,5.31134644E+2,-1.85827374E+0,
8.62E05,5.37000000E+2,5.31075500E+2,2.55661041E-1,
8.63E05,5.50000000E+2,5.31016846E+2,8.09444427E-1,
8.64E05,5.46000000E+2,5.30958618E+2,6.43711746E-1,
8.65E05,5.22000000E+2,5.30900757E+2,-3.89575541E-1,
8.66E05,5.07000000E+2,5.30843323E+2,-1.05891919E+0,
8.67E05,5.54000000E+2,5.30786377E+2,9.86252308E-1,
8.68E05,5.49000000E+2,5.30729797E+2,7.79753268E-1,
8.69E05,5.43000000E+2,5.30673584E+2,5.28977156E-1,
8.7E05,5.30000000E+2,5.30617798E+2,-2.68354248E-2,
8.71E05,5.64000000E+2,5.30562439E+2,1.40797532E+0,
8.72E05,5.29000000E+2,5.30507507E+2,-6.55438006E-2,
8.73E05,5.30000000E+2,5.30452942E+2,-1.96745396E-2,
8.74E05,5.29000000E+2,5.30398743E+2,-6.08148985E-2,
8.75E05,5.40000000E+2,5.30344971E+2,4.15486306E-1,
8.76E05,5.27000000E+2,5.30291565E+2,-1.43382818E-1,
8.77E05,5.94000000E+2,5.30238586E+2,2.61616254E+0,
8.78E05,5.86000000E+2,5.30185974E+2,2.30565619E+0,
8.79E05,5.45000000E+2,5.30133728E+2,6.36801124E-1,
8.8E05,5.37000000E+2,5.30081848E+2,2.98540294E-1,
8.81E05,5.02000000E+2,5.30030334E+2,-1.25105512E+0,
8.82E05,5.61000000E+2,5.29979248E+2,1.30969715E+0,
8.83E05,5.18000000E+2,5.29928467E+2,-5.24106741E-1,
8.84E05,5.40000000E+2,5.29878113E+2,4.35576677E-1,
8.85E05,5.11000000E+2,5.29828064E+2,-8.32904518E-1,
8.86E05,5.15000000E+2,5.29778381E+2,-6.51213288E-1,
8.87E05,5.49000000E+2,5.29729126E+2,8.22460830E-1,
8.88E05,5.28000000E+2,5.29680176E+2,-7.31202662E-2,
8.89E05,5.32000000E+2,5.29631592E+2,1.02683522E-1,
8.9E05,5.23000000E+2,5.29583313E+2,-2.87868172E-1,
8.91E05,5.50000000E+2,5.29535461E+2,8.72610867E-1,
8.92E05,5.06000000E+2,5.29487915E+2,-1.04416525E+0,
8.93E05,5.41000000E+2,5.29440735E+2,4.96971637E-1,
8.94E05,5.36000000E+2,5.29393860E+2,2.85341799E-1,
8.95E05,5.45000000E+2,5.29347351E+2,6.70485795E-1,
8.96E05,4.91000000E+2,5.29301147E+2,-1.72850668E+0,
8.97E05,5.23000000E+2,5.29255310E+2,-2.73525596E-1,
8.98E05,5.52000000E+2,5.29209778E+2,9.70016301E-1,
8.99E05,5.60000000E+2,5.29164612E+2,1.30303299E+0,
9E05,5.61000000E+2,5.29119690E+2,1.34598768E+0,
9.01E05,5.54000000E+2,5.29075195E+2,1.05895352E+0,
9.02E05,5.37000000E+2,5.29030945E+2,3.43890131E-1,
9.03E05,5.14000000E+2,5.28987061E+2,-6.61050916E-1,
9.04E05,5.29000000E+2,5.28943481E+2,2.45732861E-3,
9.05E05,5.36000000E+2,5.28900208E+2,3.06664318E-1,
9.06E05,5.24000000E+2,5.28857239E+2,-2.12189466E-1,
9.07E05,5.24000000E+2,5.28814636E+2,-2.10328355E-1,
9.08E05,5.55000000E+2,5.28772278E+2,1.11330485E+0,
9.09E05,5.79000000E+2,5.28730225E+2,2.08914065E+0,
9.1E05,5.17000000E+2,5.28688538E+2,-5.14061332E-1,
9.11E05,5.22000000E+2,5.28647095E+2,-2.90935427E-1,
9.12E05,5.17000000E+2,5.28605957E+2,-5.10429442E-1,
9.13E05,5.52000000E+2,5.28565125E+2,9.97454524E-1,
9.14E05,5.24000000E+2,5.28524597E+2,-1.97657943E-1,
9.15E05,5.27000000E+2,5.28484375E+2,-6.46603927E-2,
9.16E05,5.66000000E+2,5.28444397E+2,1.57857978E+0,
9.17E05,5.13000000E+2,5.28404724E+2,-6.80135190E-1,
9.18E05,5.40000000E+2,5.28365356E+2,5.00675321E-1,
9.19E05,5.78000000E+2,5.28326294E+2,2.06615376E+0,
9.2E05,5.63000000E+2,5.28287476E+2,1.46295846E+0,
9.21E05,5.31000000E+2,5.28248962E+2,1.19384862E-1,
9.22E05,5.30000000E+2,5.28210693E+2,7.77225122E-2,
9.23E05,5.20000000E+2,5.28172729E+2,-3.58397901E-1,
9.24E05,5.45000000E+2,5.28135010E+2,7.22416818E-1,
9.25E05,5.02000000E+2,5.28097595E+2,-1.16479266E+0,
9.26E05,5.16000000E+2,5.28060425E+2,-5.30930579E-1,
9.27E05,5.39000000E+2,5.28023560E+2,4.72788751E-1,
9.28E05,4.80000000E+2,5.27986938E+2,-2.19029403E+0,
9.29E05,5.89000000E+2,5.27950562E+2,2.51549840E+0,
9.3E05,5.23000000E+2,5.27914490E+2,-2.14895636E-1,
9.31E05,5.16000000E+2,5.27878601E+2,-5.22926271E-1,
9.32E05,4.92000000E+2,5.27843079E+2,-1.61593080E+0,
9.33E05,5.22000000E+2,5.27807739E+2,-2.54197836E-1,
9.34E05,5.40000000E+2,5.27772644E+2,5.26181638E-1,
9.35E05,5.31000000E+2,5.27737854E+2,1.41565070E-1,
9.36E05,5.03000000E+2,5.27703308E+2,-1.10146606E+0,
9.37E05,5.43000000E+2,5.27669006E+2,6.57915890E-1,
9.38E05,5.44000000E+2,5.27634888E+2,7.01648414E-1,
9.39E05,5.12000000E+2,5.27601074E+2,-6.89476609E-1,
9.4E05,5.45000000E+2,5.27567505E+2,7.46726036E-1,
9.41E05,5.37000000E+2,5.27534180E+2,4.08480287E-1,
9.42E05,5.30000000E+2,5.27501099E+2,1.08545341E-1,
9.43E05,5.63000000E+2,5.27468262E+2,1.49748421E+0,
9.44E05,5.23000000E+2,5.27435669E+2,-1.93958253E-1,
9.45E05,5.16000000E+2,5.27403259E+2,-5.02000511E-1,
9.46E05,5.12000000E+2,5.27371094E+2,-6.79312766E-1,
9.47E05,5.39000000E+2,5.27339172E+2,5.02267420E-1,
9.48E05,5.12000000E+2,5.27307495E+2,-6.76502109E-1,
9.49E05,5.01000000E+2,5.27276062E+2,-1.17392790E+0,
9.5E05,5.21000000E+2,5.27244812E+2,-2.73590177E-1,
9.51E05,5.06000000E+2,5.27213867E+2,-9.43071425E-1,
9.52E05,5.43000000E+2,5.27183044E+2,6.78770542E-1,
9.53E05,5.25000000E+2,5.27152527E+2,-9.39439759E-2,
9.54E05,5.52000000E+2,5.27122192E+2,1.05886984E+0,
9.55E05,5.08000000E+2,5.27092041E+2,-8.47072363E-1,
9.56E05,5.27000000E+2,5.27062134E+2,-2.70659034E-3,
9.57E05,4.96000000E+2,5.27032471E+2,-1.39339900E+0,
9.58E05,5.13000000E+2,5.27002991E+2,-6.18247151E-1,
9.59E05,5.36000000E+2,5.26973755E+2,3.89874399E-1,
9.6E05,5.38000000E+2,5.26944702E+2,4.76627737E-1,
9.61E05,5.27000000E+2,5.26915894E+2,3.66373430E-3,
9.62E05,5.06000000E+2,5.26887268E+2,-9.28552330E-1,
9.63E05,5.33000000E+2,5.26858826E+2,2.66003788E-1,
9.64E05,5.40000000E+2,5.26830627E+2,5.66719532E-1,
9.65E05,5.24000000E+2,5.26802612E+2,-1.22432686E-1,
9.66E05,5.19000000E+2,5.26774780E+2,-3.41274977E-1,
9.67E05,4.90000000E+2,5.26747192E+2,-1.66006887E+0,
9.68E05,5.29000000E+2,5.26719788E+2,9.91396680E-2,
9.69E05,5.16000000E+2,5.26692566E+2,-4.70713973E-1,
9.7E05,4.90000000E+2,5.26665527E+2,-1.65637970E+0,
9.71E05,5.24000000E+2,5.26638733E+2,-1.15273580E-1,
9.72E05,5.46000000E+2,5.26612122E+2,8.29724610E-1,
9.73E05,5.45000000E+2,5.26585693E+2,7.88782239E-1,
9.74E05,4.98000000E+2,5.26559448E+2,-1.27977943E+0,
9.75E05,5.57000000E+2,5.26533386E+2,1.29091191E+0,
9.76E05,4.65000000E+2,5.26507507E+2,-2.85234237E+0,
9.77E05,5.30000000E+2,5.26481812E+2,1.52820349E-1,
9.78E05,5.52000000E+2,5.26456299E+2,1.08721209E+0,
9.79E05,5.34000000E+2,5.26431030E+2,3.27541351E-1,
9.8E05,5.71000000E+2,5.26405884E+2,1.86620569E+0,
9.81E05,5.29000000E+2,5.26380920E+2,1.13873027E-1,
9.82E05,5.10000000E+2,5.26356201E+2,-7.24264801E-1,
9.83E05,5.38000000E+2,5.26331604E+2,5.03060281E-1,
9.84E05,5.45000000E+2,5.26307190E+2,8.00711989E-1,
9.85E05,5.02000000E+2,5.26282959E+2,-1.08380151E+0,
9.86E05,5.25000000E+2,5.26258911E+2,-5.49433865E-2,
9.87E05,5.54000000E+2,5.26234985E+2,1.17962241E+0,
9.88E05,5.21000000E+2,5.26211304E+2,-2.28311360E-1,
9.89E05,5.20000000E+2,5.26187744E+2,-2.71350533E-1,
9.9E05,5.11000000E+2,5.26164368E+2,-6.70832157E-1,
9.91E05,5.27000000E+2,5.26141174E+2,3.74110341E-2,
9.92E05,5.37000000E+2,5.26118164E+2,4.69585896E-1,
9.93E05,5.03000000E+2,5.26095276E+2,-1.02976739E+0,
9.94E05,5.25000000E+2,5.26072571E+2,-4.68108281E-2,
9.95E05,5.42000000E+2,5.26050049E+2,6.85109079E-1,
9.96E05,5.13000000E+2,5.26027649E+2,-5.75184762E-1,
9.97E05,5.61000000E+2,5.26005432E+2,1.47747183E+0,
9.98E05,5.45000000E+2,5.25983398E+2,8.14581692E-1,
9.99E05,5.27000000E+2,5.25961487E+2,4.52383459E-2,
1E06,5.46000000E+2,5.25939758E+2,8.58499110E-1,
1.001E006,5.48000000E+2,5.25918152E+2,9.43289816E-1,
1.002E006,5.10000000E+2,5.25896729E+2,-7.03918993E-1,
1.003E006,5.16000000E+2,5.25875488E+2,-4.34744120E-1,
1.004E006,5.68000000E+2,5.25854370E+2,1.76839137E+0,
1.005E006,5.21000000E+2,5.25833374E+2,-2.11753964E-1,
1.006E006,5.61000000E+2,5.25812561E+2,1.48561478E+0,
1.007E006,5.48000000E+2,5.25791870E+2,9.48684275E-1,
1.008E006,5.27000000E+2,5.25771362E+2,5.35202995E-2,
1.009E006,5.22000000E+2,5.25751038E+2,-1.64178461E-1,
1.01E06,4.97000000E+2,5.25730774E+2,-1.28875136E+0,
1.011E006,4.97000000E+2,5.25710693E+2,-1.28785062E+0,
1.012E006,5.45000000E+2,5.25690796E+2,8.27115417E-1,
1.013E006,5.41000000E+2,5.25671021E+2,6.59044325E-1,
1.014E006,4.96000000E+2,5.25651367E+2,-1.33138561E+0,
1.015E006,5.24000000E+2,5.25631836E+2,-7.12870806E-2,
1.016E006,4.95000000E+2,5.25612488E+2,-1.37592900E+0,
1.017E006,5.10000000E+2,5.25593262E+2,-6.90481246E-1,
1.018E006,5.13000000E+2,5.25574219E+2,-5.55165350E-1,
1.019E006,5.09000000E+2,5.25555237E+2,-7.33797967E-1,
1.02E06,5.39000000E+2,5.25536438E+2,5.79916656E-1,
1.021E006,5.26000000E+2,5.25517761E+2,2.10266095E-2,
1.022E006,4.86000000E+2,5.25499207E+2,-1.79172039E+0,
1.023E006,5.11000000E+2,5.25480835E+2,-6.40594423E-1,
1.024E006,5.15000000E+2,5.25462585E+2,-4.61036593E-1,
1.025E006,5.20000000E+2,5.25444397E+2,-2.38752604E-1,
1.026E006,5.28000000E+2,5.25426392E+2,1.12001933E-1,
1.027E006,5.15000000E+2,5.25408508E+2,-4.58653688E-1,
1.028E006,5.40000000E+2,5.25390808E+2,6.28679514E-1,
1.029E006,5.45000000E+2,5.25373169E+2,8.40721071E-1,
1.03E06,4.74000000E+2,5.25355652E+2,-2.35884309E+0,
1.031E006,5.33000000E+2,5.25338318E+2,3.31864297E-1,
1.032E006,4.76000000E+2,5.25321045E+2,-2.26062655E+0,
1.033E006,5.50000000E+2,5.25303955E+2,1.05304289E+0,
1.034E006,5.56000000E+2,5.25286926E+2,1.30252445E+0,
1.035E006,5.19000000E+2,5.25270081E+2,-2.75225997E-1,
1.036E006,5.35000000E+2,5.25253296E+2,4.21386778E-1,
1.037E006,5.47000000E+2,5.25236694E+2,9.30531740E-1,
1.038E006,5.12000000E+2,5.25220215E+2,-5.84256470E-1,
1.039E006,5.29000000E+2,5.25203796E+2,1.65052339E-1,
1.04E06,4.99000000E+2,5.25187500E+2,-1.17231345E+0,
1.041E006,5.38000000E+2,5.25171387E+2,5.53080797E-1,
1.042E006,5.25000000E+2,5.25155334E+2,-6.77935220E-3,
1.043E006,4.99000000E+2,5.25139404E+2,-1.17016041E+0,
1.044E006,5.10000000E+2,5.25123596E+2,-6.69684112E-1,
1.045E006,5.62000000E+2,5.25107910E+2,1.55619884E+0,
1.046E006,5.24000000E+2,5.25092346E+2,-4.77193668E-2,
1.047E006,5.30000000E+2,5.25076843E+2,2.13848263E-1,
1.048E006,5.69000000E+2,5.25061523E+2,1.84199679E+0,
1.049E006,5.68000000E+2,5.25046265E+2,1.80229867E+0,
1.05E06,5.13000000E+2,5.25031128E+2,-5.31187296E-1,
1.051E006,5.30000000E+2,5.25016113E+2,2.16486201E-1,
1.052E006,4.81000000E+2,5.25001160E+2,-2.00628018E+0,
1.053E006,5.33000000E+2,5.24986389E+2,3.47108006E-1,
1.054E006,5.19000000E+2,5.24971680E+2,-2.62127638E-1,
1.055E006,5.18000000E+2,5.24957092E+2,-3.05677086E-1,
1.056E006,5.67000000E+2,5.24942566E+2,1.76624620E+0,
1.057E006,5.33000000E+2,5.24928162E+2,3.49630117E-1,
1.058E006,4.98000000E+2,5.24913879E+2,-1.20603979E+0,
1.059E006,5.54000000E+2,5.24899719E+2,1.23635244E+0,
1.06E06,5.25000000E+2,5.24885620E+2,4.99194721E-3,
1.061E006,5.36000000E+2,5.24871643E+2,4.80671793E-1,
1.062E006,4.86000000E+2,5.24857788E+2,-1.76262498E+0,
1.063E006,5.10000000E+2,5.24843994E+2,-6.57303154E-1,
1.064E006,5.47000000E+2,5.24830322E+2,9.47906971E-1,
1.065E006,5.36000000E+2,5.24816772E+2,4.83041853E-1,
1.066E006,5.38000000E+2,5.24803284E+2,5.68950832E-1,
1.067E006,5.24000000E+2,5.24789917E+2,-3.45076844E-2,
1.068E006,5.11000000E+2,5.24776611E+2,-6.09441400E-1,
1.069E006,5.56000000E+2,5.24763428E+2,1.32472575E+0,
1.07E06,4.95000000E+2,5.24750305E+2,-1.33717680E+0,
1.071E006,5.35000000E+2,5.24737305E+2,4.43695009E-1,
1.072E006,5.41000000E+2,5.24724426E+2,6.99741602E-1,
1.073E006,5.05000000E+2,5.24711609E+2,-8.77155125E-1,
1.074E006,5.23000000E+2,5.24698914E+2,-7.42883012E-2,
1.075E006,5.78000000E+2,5.24686279E+2,2.21755838E+0,
1.076E006,5.42000000E+2,5.24673706E+2,7.44228065E-1,
1.077E006,5.20000000E+2,5.24661255E+2,-2.04409555E-1,
1.078E006,5.05000000E+2,5.24648926E+2,-8.74365747E-1,
1.079E006,5.17000000E+2,5.24636658E+2,-3.35859835E-1,
1.08E06,5.38000000E+2,5.24624451E+2,5.76660872E-1,
1.081E006,5.54000000E+2,5.24612366E+2,1.24856091E+0,
1.082E006,5.12000000E+2,5.24600342E+2,-5.56861699E-1,
1.083E006,5.23000000E+2,5.24588440E+2,-6.94576278E-2,
1.084E006,5.27000000E+2,5.24576599E+2,1.05564997E-1,
1.085E006,5.58000000E+2,5.24564880E+2,1.41542149E+0,
1.086E006,5.35000000E+2,5.24553223E+2,4.51653570E-1,
1.087E006,5.28000000E+2,5.24541626E+2,1.50506407E-1,
1.088E006,5.38000000E+2,5.24530151E+2,5.80726385E-1,
1.089E006,5.46000000E+2,5.24518738E+2,9.19313133E-1,
1.09E06,5.04000000E+2,5.24507385E+2,-9.13471580E-1,
1.091E006,5.33000000E+2,5.24496155E+2,3.68342429E-1,
1.092E006,5.16000000E+2,5.24484985E+2,-3.73530656E-1,
1.093E006,5.44000000E+2,5.24473877E+2,8.37175608E-1,
1.094E006,5.18000000E+2,5.24462891E+2,-2.83963114E-1,
1.095E006,5.48000000E+2,5.24451965E+2,1.00592220E+0,
1.096E006,5.21000000E+2,5.24441101E+2,-1.50757372E-1,
1.097E006,4.95000000E+2,5.24430359E+2,-1.32279634E+0,
1.098E006,4.72000000E+2,5.24419617E+2,-2.41280842E+0,
1.099E006,4.91000000E+2,5.24409058E+2,-1.50772965E+0,
1.1E06,4.95000000E+2,5.24398499E+2,-1.32136428E+0,
1.101E006,5.01000000E+2,5.24388000E+2,-1.04489875E+0,
1.102E006,5.46000000E+2,5.24377625E+2,9.25352275E-1,
1.103E006,5.27000000E+2,5.24367310E+2,1.14681795E-1,
1.104E006,5.31000000E+2,5.24357117E+2,2.88276583E-1,
1.105E006,5.57000000E+2,5.24346924E+2,1.38355529E+0,
1.106E006,5.06000000E+2,5.24336853E+2,-8.15172553E-1,
1.107E006,5.45000000E+2,5.24326843E+2,8.85540724E-1,
1.108E006,5.26000000E+2,5.24316895E+2,7.33868852E-2,
1.109E006,5.41000000E+2,5.24307007E+2,7.17687845E-1,
1.11E06,5.40000000E+2,5.24297180E+2,6.75741792E-1,
1.111E006,5.15000000E+2,5.24287476E+2,-4.09255087E-1,
1.112E006,5.16000000E+2,5.24277832E+2,-3.64411235E-1,
1.113E006,5.54000000E+2,5.24268188E+2,1.26318359E+0,
1.114E006,5.18000000E+2,5.24258667E+2,-2.74990052E-1,
1.115E006,5.21000000E+2,5.24249207E+2,-1.42350316E-1,
1.116E006,5.26000000E+2,5.24239868E+2,7.67453983E-2,
1.117E006,5.59000000E+2,5.24230530E+2,1.47059190E+0,
1.118E006,5.55000000E+2,5.24221252E+2,1.30648506E+0,
1.119E006,5.05000000E+2,5.24212097E+2,-8.54927123E-1,
1.12E06,5.16000000E+2,5.24203003E+2,-3.61117065E-1,
1.121E006,5.01000000E+2,5.24193909E+2,-1.03622746E+0,
1.122E006,5.23000000E+2,5.24184937E+2,-5.18136546E-2,
1.123E006,4.89000000E+2,5.24176025E+2,-1.59071481E+0,
1.124E006,5.54000000E+2,5.24167175E+2,1.26747525E+0,
1.125E006,5.30000000E+2,5.24158386E+2,2.53743500E-1,
1.126E006,5.50000000E+2,5.24149658E+2,1.10226226E+0,
1.127E006,5.29000000E+2,5.24140991E+2,2.11261258E-1,
1.128E006,5.42000000E+2,5.24132385E+2,7.67479777E-1,
1.129E006,5.40000000E+2,5.24123840E+2,6.83201134E-1,
1.13E06,5.24000000E+2,5.24115356E+2,-5.03936969E-3,
1.131E006,5.34000000E+2,5.24106934E+2,4.28114861E-1,
1.132E006,5.29000000E+2,5.24098572E+2,2.13105574E-1,
1.133E006,5.05000000E+2,5.24090271E+2,-8.49505901E-1,
1.134E006,4.87000000E+2,5.24082031E+2,-1.68034720E+0,
1.135E006,5.14000000E+2,5.24073853E+2,-4.44338590E-1,
1.136E006,5.20000000E+2,5.24065735E+2,-1.78294271E-1,
1.137E006,5.10000000E+2,5.24057678E+2,-6.22484446E-1,
1.138E006,5.47000000E+2,5.24049683E+2,9.81284738E-1,
1.139E006,5.53000000E+2,5.24041687E+2,1.23143280E+0,
1.14E06,5.42000000E+2,5.24033813E+2,7.71713793E-1,
1.141E006,5.46000000E+2,5.24026001E+2,9.40400362E-1,
1.142E006,4.76000000E+2,5.24018188E+2,-2.20091009E+0,
1.143E006,5.25000000E+2,5.24010498E+2,4.31854054E-2,
1.144E006,5.33000000E+2,5.24002808E+2,3.89711648E-1,
1.145E006,5.37000000E+2,5.23995239E+2,5.61196864E-1,
1.146E006,4.84000000E+2,5.23987671E+2,-1.81762135E+0,
1.147E006,5.11000000E+2,5.23980164E+2,-5.74208617E-1,
1.148E006,5.07000000E+2,5.23972717E+2,-7.53784835E-1,
1.149E006,5.25000000E+2,5.23965332E+2,4.51566130E-2,
1.15E06,5.16000000E+2,5.23958008E+2,-3.50331753E-1,
1.151E006,5.56000000E+2,5.23950684E+2,1.35919380E+0,
1.152E006,5.81000000E+2,5.23943481E+2,2.36710334E+0,
1.153E006,5.35000000E+2,5.23936279E+2,4.78326350E-1,
1.154E006,5.45000000E+2,5.23929138E+2,9.02576566E-1,
1.155E006,5.16000000E+2,5.23922058E+2,-3.48749161E-1,
1.156E006,4.87000000E+2,5.23915039E+2,-1.67278016E+0,
1.157E006,5.43000000E+2,5.23908081E+2,8.19312692E-1,
1.158E006,5.33000000E+2,5.23901184E+2,3.94113481E-1,
1.159E006,5.44000000E+2,5.23894287E+2,8.62025321E-1,
1.16E06,5.43000000E+2,5.23887451E+2,8.20197999E-1,
1.161E006,5.14000000E+2,5.23880676E+2,-4.35817957E-1,
1.162E006,4.80000000E+2,5.23873962E+2,-2.00256324E+0,
1.163E006,5.34000000E+2,5.23867249E+2,4.38487053E-1,
1.164E006,5.66000000E+2,5.23860657E+2,1.77124870E+0,
1.165E006,5.04000000E+2,5.23854065E+2,-8.84370387E-1,
1.166E006,5.00000000E+2,5.23847534E+2,-1.06649423E+0,
1.167E006,5.67000000E+2,5.23841064E+2,1.81250489E+0,
1.168E006,5.84000000E+2,5.23834595E+2,2.48966217E+0,
1.169E006,5.40000000E+2,5.23828186E+2,6.95924044E-1,
1.17E06,4.42000000E+2,5.23821838E+2,-3.89186811E+0,
1.171E006,5.39000000E+2,5.23815552E+2,6.54040515E-1,
1.172E006,5.11000000E+2,5.23809265E+2,-5.66648543E-1,
1.173E006,5.11000000E+2,5.23803101E+2,-5.66375852E-1,
1.174E006,5.45000000E+2,5.23796936E+2,9.08239484E-1,
1.175E006,5.56000000E+2,5.23790771E+2,1.36597562E+0,
1.176E006,5.44000000E+2,5.23784729E+2,8.66722584E-1,
1.177E006,4.86000000E+2,5.23778687E+2,-1.71367598E+0,
1.178E006,5.16000000E+2,5.23772705E+2,-3.42174262E-1,
1.179E006,5.44000000E+2,5.23766724E+2,8.67494583E-1,
1.18E06,5.36000000E+2,5.23760803E+2,5.28652787E-1,
1.181E006,5.44000000E+2,5.23754944E+2,8.67999613E-1,
1.182E006,5.26000000E+2,5.23749146E+2,9.81419161E-2,
1.183E006,5.02000000E+2,5.23743347E+2,-9.70453084E-1,
1.184E006,5.42000000E+2,5.23737610E+2,7.84436822E-1,
1.185E006,5.54000000E+2,5.23731934E+2,1.28596687E+0,
1.186E006,5.15000000E+2,5.23726257E+2,-3.84524852E-1,
1.187E006,5.22000000E+2,5.23720642E+2,-7.53104538E-2,
1.188E006,5.57000000E+2,5.23715088E+2,1.41032696E+0,
1.189E006,5.20000000E+2,5.23709534E+2,-1.62673816E-1,
1.19E06,4.82000000E+2,5.23704041E+2,-1.89956701E+0,
1.191E006,4.91000000E+2,5.23698608E+2,-1.47566760E+0,
1.192E006,5.57000000E+2,5.23693176E+2,1.41125548E+0,
1.193E006,5.40000000E+2,5.23687805E+2,7.01965094E-1,
1.194E006,5.40000000E+2,5.23682495E+2,7.02193618E-1,
1.195E006,5.22000000E+2,5.23677185E+2,-7.34083951E-2,
1.196E006,5.30000000E+2,5.23671936E+2,2.74873525E-1,
1.197E006,5.05000000E+2,5.23666687E+2,-8.30656707E-1,
1.198E006,5.21000000E+2,5.23661499E+2,-1.16602391E-1,
1.199E006,4.73000000E+2,5.23656372E+2,-2.32918239E+0,
1.2E06,4.93000000E+2,5.23651245E+2,-1.38046265E+0,
1.201E006,5.09000000E+2,5.23646179E+2,-6.49180472E-1,
1.202E006,4.92000000E+2,5.23641174E+2,-1.42649424E+0,
1.203E006,5.44000000E+2,5.23636169E+2,8.73092055E-1,
1.204E006,5.08000000E+2,5.23631165E+2,-6.93520784E-1,
1.205E006,5.23000000E+2,5.23626282E+2,-2.73853876E-2,
1.206E006,5.15000000E+2,5.23621399E+2,-3.79904240E-1,
1.207E006,5.19000000E+2,5.23616516E+2,-2.02642575E-1,
1.208E006,5.26000000E+2,5.23611694E+2,1.04135074E-1,
1.209E006,5.44000000E+2,5.23606934E+2,8.74345481E-1,
1.21E06,5.26000000E+2,5.23602173E+2,1.04550235E-1,
1.211E006,5.22000000E+2,5.23597412E+2,-6.99168295E-2,
1.212E006,5.24000000E+2,5.23592773E+2,1.77897755E-2,
1.213E006,5.48000000E+2,5.23588074E+2,1.04282582E+0,
1.214E006,5.65000000E+2,5.23583496E+2,1.74240541E+0,
1.215E006,5.10000000E+2,5.23578918E+2,-6.01284623E-1,
1.216E006,5.55000000E+2,5.23574341E+2,1.33394492E+0,
1.217E006,5.38000000E+2,5.23569824E+2,6.22129023E-1,
1.218E006,4.97000000E+2,5.23565369E+2,-1.19161963E+0,
1.219E006,5.50000000E+2,5.23560913E+2,1.12736642E+0,
1.22E06,5.41000000E+2,5.23556458E+2,7.49956489E-1,
1.221E006,5.24000000E+2,5.23552063E+2,1.95682198E-2,
1.222E006,5.21000000E+2,5.23547729E+2,-1.11618057E-1,
1.223E006,5.25000000E+2,5.23543396E+2,6.35714084E-2,
1.224E006,5.48000000E+2,5.23539124E+2,1.04491687E+0,
1.225E006,5.57000000E+2,5.23534851E+2,1.41796386E+0,
1.226E006,5.24000000E+2,5.23530579E+2,2.05067694E-2,
1.227E006,5.20000000E+2,5.23526428E+2,-1.54644102E-1,
1.228E006,5.26000000E+2,5.23522217E+2,1.08036481E-1,
1.229E006,5.10000000E+2,5.23518066E+2,-5.98590076E-1,
1.23E06,4.95000000E+2,5.23513977E+2,-1.28160799E+0,
1.231E006,5.22000000E+2,5.23509888E+2,-6.60859868E-2,
1.232E006,5.25000000E+2,5.23505859E+2,6.52096421E-2,
1.233E006,5.17000000E+2,5.23501831E+2,-2.85950214E-1,
1.234E006,4.98000000E+2,5.23497803E+2,-1.14258385E+0,
1.235E006,4.94000000E+2,5.23493835E+2,-1.32699037E+0,
1.236E006,5.23000000E+2,5.23489929E+2,-2.14231089E-2,
1.237E006,5.35000000E+2,5.23486023E+2,4.97792631E-1,
1.238E006,5.48000000E+2,5.23482117E+2,1.04735208E+0,
1.239E006,5.07000000E+2,5.23478271E+2,-7.31825709E-1,
1.24E06,4.93000000E+2,5.23474426E+2,-1.37249911E+0,
1.241E006,5.11000000E+2,5.23470642E+2,-5.51668704E-1,
1.242E006,5.13000000E+2,5.23466858E+2,-4.62123066E-1,
1.243E006,5.35000000E+2,5.23463135E+2,4.98782188E-1,
1.244E006,5.11000000E+2,5.23459412E+2,-5.51171899E-1,
1.245E006,5.34000000E+2,5.23455750E+2,4.56294358E-1,
1.246E006,5.16000000E+2,5.23452087E+2,-3.28059852E-1,
1.247E006,5.16000000E+2,5.23448425E+2,-3.27898651E-1,
1.248E006,5.08000000E+2,5.23444824E+2,-6.85253263E-1,
1.249E006,5.09000000E+2,5.23441223E+2,-6.40095949E-1,
1.25E06,5.32000000E+2,5.23437683E+2,3.71223509E-1,
1.251E006,5.40000000E+2,5.23434143E+2,7.12880969E-1,
1.252E006,5.47000000E+2,5.23430664E+2,1.00775206E+0,
1.253E006,5.10000000E+2,5.23427185E+2,-5.94565749E-1,
1.254E006,5.05000000E+2,5.23423706E+2,-8.19844186E-1,
1.255E006,5.36000000E+2,5.23420288E+2,5.43360770E-1,
1.256E006,5.30000000E+2,5.23416870E+2,2.85952896E-1,
1.257E006,5.88000000E+2,5.23413513E+2,2.66350174E+0,
1.258E006,5.14000000E+2,5.23410156E+2,-4.15064186E-1,
1.259E006,5.04000000E+2,5.23406799E+2,-8.64447594E-1,
1.26E06,5.16000000E+2,5.23403503E+2,-3.25921059E-1,
1.261E006,5.54000000E+2,5.23400208E+2,1.30006063E+0,
1.262E006,5.14000000E+2,5.23396973E+2,-4.14482683E-1,
1.263E006,5.16000000E+2,5.23393677E+2,-3.25488478E-1,
1.264E006,5.53000000E+2,5.23390503E+2,1.25912392E+0,
1.265E006,5.40000000E+2,5.23387268E+2,7.14898169E-1,
1.266E006,5.33000000E+2,5.23384155E+2,4.16508466E-1,
1.267E006,5.09000000E+2,5.23380981E+2,-6.37425780E-1,
1.268E006,5.45000000E+2,5.23377869E+2,9.26190376E-1,
1.269E006,5.16000000E+2,5.23374756E+2,-3.24655533E-1,
1.27E06,5.57000000E+2,5.23371704E+2,1.42487669E+0,
1.271E006,5.45000000E+2,5.23368652E+2,9.26585138E-1,
1.272E006,5.31000000E+2,5.23365601E+2,3.31304699E-1,
1.273E006,5.14000000E+2,5.23362549E+2,-4.12964314E-1,
1.274E006,5.35000000E+2,5.23359558E+2,5.03260195E-1,
1.275E006,5.50000000E+2,5.23356628E+2,1.13607717E+0,
1.276E006,5.76000000E+2,5.23353699E+2,2.19359589E+0,
1.277E006,5.46000000E+2,5.23350769E+2,9.69297588E-1,
1.278E006,5.21000000E+2,5.23347839E+2,-1.02860712E-1,
1.279E006,5.26000000E+2,5.23344971E+2,1.15764782E-1,
1.28E06,5.07000000E+2,5.23342102E+2,-7.25778222E-1,
1.281E006,5.02000000E+2,5.23339233E+2,-9.52416599E-1,
1.282E006,5.06000000E+2,5.23336426E+2,-7.70698130E-1,
1.283E006,5.00000000E+2,5.23333618E+2,-1.04351115E+0,
1.284E006,5.26000000E+2,5.23330872E+2,1.16379529E-1,
1.285E006,5.16000000E+2,5.23328064E+2,-3.22600037E-1,
1.286E006,4.89000000E+2,5.23325317E+2,-1.55224454E+0,
1.287E006,5.21000000E+2,5.23322632E+2,-1.01756349E-1,
1.288E006,5.70000000E+2,5.23319885E+2,1.95521486E+0,
1.289E006,5.46000000E+2,5.23317261E+2,9.70731616E-1,
1.29E06,5.45000000E+2,5.23314575E+2,9.28901553E-1,
1.291E006,5.64000000E+2,5.23311951E+2,1.71327591E+0,
1.292E006,5.35000000E+2,5.23309326E+2,5.05431890E-1,
1.293E006,5.10000000E+2,5.23306702E+2,-5.89230657E-1,
1.294E006,5.48000000E+2,5.23304077E+2,1.05495751E+0,
1.295E006,4.81000000E+2,5.23301514E+2,-1.92878306E+0,
1.296E006,4.96000000E+2,5.23299011E+2,-1.22576177E+0,
1.297E006,5.30000000E+2,5.23296448E+2,2.91183710E-1,
1.298E006,5.20000000E+2,5.23293945E+2,-1.44449055E-1,
1.299E006,5.32000000E+2,5.23291443E+2,3.77563834E-1,
1.3E06,4.70000000E+2,5.23288940E+2,-2.45803547E+0,
1.301E006,5.52000000E+2,5.23286499E+2,1.22212780E+0,
1.302E006,5.26000000E+2,5.23284058E+2,1.18420713E-1,
1.303E006,5.29000000E+2,5.23281616E+2,2.48625383E-1,
1.304E006,5.24000000E+2,5.23279236E+2,3.14867273E-2,
1.305E006,5.24000000E+2,5.23276855E+2,3.15907151E-2,
1.306E006,5.22000000E+2,5.23274475E+2,-5.57822585E-2,
1.307E006,4.87000000E+2,5.23272095E+2,-1.64364552E+0,
1.308E006,4.79000000E+2,5.23269775E+2,-2.02273774E+0,
1.309E006,5.49000000E+2,5.23267456E+2,1.09823823E+0,
1.31E06,4.93000000E+2,5.23265137E+2,-1.36307323E+0,
1.311E006,5.32000000E+2,5.23262878E+2,3.78802270E-1,
1.312E006,5.64000000E+2,5.23260620E+2,1.71543729E+0,
1.313E006,5.63000000E+2,5.23258362E+2,1.67491043E+0,
1.314E006,5.59000000E+2,5.23256104E+2,1.51180577E+0,
1.315E006,5.81000000E+2,5.23253906E+2,2.39571166E+0,
1.316E006,5.37000000E+2,5.23251648E+2,5.93285203E-1,
1.317E006,5.41000000E+2,5.23249451E+2,7.63155699E-1,
1.318E006,4.94000000E+2,5.23247314E+2,-1.31589890E+0,
1.319E006,5.43000000E+2,5.23245117E+2,8.47763181E-1,
1.32E06,5.38000000E+2,5.23242981E+2,6.36220276E-1,
1.321E006,5.34000000E+2,5.23240906E+2,4.65591550E-1,
1.322E006,5.19000000E+2,5.23238770E+2,-1.86061338E-1,
1.323E006,4.95000000E+2,5.23236694E+2,-1.26914501E+0,
1.324E006,5.21000000E+2,5.23234558E+2,-9.78977680E-2,
1.325E006,4.98000000E+2,5.23232544E+2,-1.13069725E+0,
1.326E006,5.27000000E+2,5.23230469E+2,1.64203361E-1,
1.327E006,5.62000000E+2,5.23228455E+2,1.63547897E+0,
1.328E006,5.41000000E+2,5.23226379E+2,7.64147639E-1,
1.329E006,5.16000000E+2,5.23224365E+2,-3.18034947E-1,
1.33E06,4.89000000E+2,5.23222412E+2,-1.54759097E+0,
1.331E006,5.63000000E+2,5.23220398E+2,1.67651033E+0,
1.332E006,5.37000000E+2,5.23218445E+2,5.94717979E-1,
1.333E006,5.08000000E+2,5.23216492E+2,-6.75122619E-1,
1.334E006,5.27000000E+2,5.23214539E+2,1.64897293E-1,
1.335E006,5.02000000E+2,5.23212646E+2,-9.46766734E-1,
1.336E006,5.43000000E+2,5.23210754E+2,8.49237800E-1,
1.337E006,5.69000000E+2,5.23208862E+2,1.91966438E+0,
1.338E006,5.69000000E+2,5.23206970E+2,1.91974366E+0,
1.339E006,4.65000000E+2,5.23205078E+2,-2.69919586E+0,
1.34E06,5.04000000E+2,5.23203247E+2,-8.55380654E-1,
1.341E006,5.64000000E+2,5.23201416E+2,1.71793032E+0,
1.342E006,5.47000000E+2,5.23199585E+2,1.01763225E+0,
1.343E006,5.58000000E+2,5.23197754E+2,1.47329652E+0,
1.344E006,5.31000000E+2,5.23195923E+2,3.38668108E-1,
1.345E006,4.94000000E+2,5.23194153E+2,-1.31350708E+0,
1.346E006,5.12000000E+2,5.23192383E+2,-4.94638115E-1,
1.347E006,5.40000000E+2,5.23190613E+2,7.23360837E-1,
1.348E006,5.37000000E+2,5.23188843E+2,5.95995426E-1,
1.349E006,5.00000000E+2,5.23187134E+2,-1.03696012E+0,
1.35E06,5.37000000E+2,5.23185425E+2,5.96142948E-1,
1.351E006,5.47000000E+2,5.23183716E+2,1.01831079E+0,
1.352E006,5.27000000E+2,5.23182007E+2,1.66314393E-1,
1.353E006,4.93000000E+2,5.23180298E+2,-1.35925221E+0,
1.354E006,5.30000000E+2,5.23178650E+2,2.96300530E-1,
1.355E006,5.05000000E+2,5.23176941E+2,-8.08863282E-1,
1.356E006,4.60000000E+2,5.23175293E+2,-2.94556308E+0,
1.357E006,5.29000000E+2,5.23173645E+2,2.53319770E-1,
1.358E006,5.12000000E+2,5.23172058E+2,-4.93739873E-1,
1.359E006,4.78000000E+2,5.23170410E+2,-2.06604648E+0,
1.36E06,5.13000000E+2,5.23168823E+2,-4.48964506E-1,
1.361E006,5.12000000E+2,5.23167236E+2,-4.93526787E-1,
1.362E006,5.14000000E+2,5.23165649E+2,-4.04279470E-1,
1.363E006,5.33000000E+2,5.23164063E+2,4.26041752E-1,
1.364E006,4.90000000E+2,5.23162537E+2,-1.49813068E+0,
1.365E006,5.13000000E+2,5.23160950E+2,-4.48616892E-1,
1.366E006,5.43000000E+2,5.23159424E+2,8.51440609E-1,
1.367E006,5.45000000E+2,5.23157898E+2,9.35612857E-1,
1.368E006,5.46000000E+2,5.23156372E+2,9.77617025E-1,
1.369E006,5.31000000E+2,5.23154907E+2,3.40448022E-1,
1.37E06,5.10000000E+2,5.23153381E+2,-5.82441509E-1,
1.371E006,5.15000000E+2,5.23151917E+2,-3.59216362E-1,
1.372E006,4.90000000E+2,5.23150452E+2,-1.49758470E+0,
1.373E006,5.41000000E+2,5.23148987E+2,7.67475009E-1,
1.374E006,5.33000000E+2,5.23147522E+2,4.26758200E-1,
1.375E006,4.94000000E+2,5.23146118E+2,-1.31134582E+0,
1.376E006,5.40000000E+2,5.23144653E+2,7.25338638E-1,
1.377E006,5.05000000E+2,5.23143250E+2,-8.07364047E-1,
1.378E006,5.16000000E+2,5.23141846E+2,-3.14402223E-1,
1.379E006,5.45000000E+2,5.23140442E+2,9.36360598E-1,
1.38E06,5.62000000E+2,5.23139038E+2,1.63925076E+0,
1.381E006,5.24000000E+2,5.23137695E+2,3.76699567E-2,
1.382E006,5.63000000E+2,5.23136292E+2,1.68005502E+0,
1.383E006,5.35000000E+2,5.23134949E+2,5.12970924E-1,
1.384E006,5.27000000E+2,5.23133606E+2,1.68422773E-1,
1.385E006,5.12000000E+2,5.23132263E+2,-4.91981179E-1,
1.386E006,5.45000000E+2,5.23130920E+2,9.36768472E-1,
1.387E006,5.71000000E+2,5.23129639E+2,2.00331235E+0,
1.388E006,5.14000000E+2,5.23128296E+2,-4.02631879E-1,
1.389E006,4.77000000E+2,5.23127014E+2,-2.11201096E+0,
1.39E06,5.26000000E+2,5.23125732E+2,1.25324026E-1,
1.391E006,5.43000000E+2,5.23124451E+2,8.52941453E-1,
1.392E006,5.29000000E+2,5.23123169E+2,2.55514383E-1,
1.393E006,5.14000000E+2,5.23121887E+2,-4.02349204E-1,
1.394E006,4.93000000E+2,5.23120667E+2,-1.35656655E+0,
1.395E006,5.28000000E+2,5.23119385E+2,2.12401524E-1,
1.396E006,5.40000000E+2,5.23118164E+2,7.26478517E-1,
1.397E006,5.35000000E+2,5.23116943E+2,5.13749361E-1,
1.398E006,4.99000000E+2,5.23115723E+2,-1.07956803E+0,
1.399E006,4.97000000E+2,5.23114502E+2,-1.17139554E+0,
1.4E06,5.56000000E+2,5.23113281E+2,1.39470756E+0,
1.401E006,5.39000000E+2,5.23112122E+2,6.84339345E-1,
1.402E006,5.17000000E+2,5.23110901E+2,-2.68757105E-1,
1.403E006,5.30000000E+2,5.23109741E+2,2.99293727E-1,
1.404E006,5.41000000E+2,5.23108582E+2,7.69212186E-1,
1.405E006,5.08000000E+2,5.23107422E+2,-6.70283437E-1,
1.406E006,5.65000000E+2,5.23106262E+2,1.76248276E+0,
1.407E006,5.09000000E+2,5.23105103E+2,-6.25197709E-1,
1.408E006,5.31000000E+2,5.23104004E+2,3.42657030E-1,
1.409E006,5.66000000E+2,5.23102844E+2,1.80310190E+0,
1.41E06,4.88000000E+2,5.23101746E+2,-1.58898127E+0,
1.411E006,5.22000000E+2,5.23100647E+2,-4.81740087E-2,
1.412E006,5.42000000E+2,5.23099548E+2,8.11843932E-1,
1.413E006,5.09000000E+2,5.23098450E+2,-6.24902785E-1,
1.414E006,5.13000000E+2,5.23097351E+2,-4.45808947E-1,
1.415E006,5.44000000E+2,5.23096252E+2,8.96240771E-1,
1.416E006,5.37000000E+2,5.23095215E+2,6.00035787E-1,
1.417E006,5.10000000E+2,5.23094177E+2,-5.79819918E-1,
1.418E006,5.37000000E+2,5.23093079E+2,6.00127935E-1,
1.419E006,5.35000000E+2,5.23092041E+2,5.14825940E-1,
1.42E06,5.12000000E+2,5.23091003E+2,-4.90157723E-1,
1.421E006,5.26000000E+2,5.23089966E+2,1.26883522E-1,
1.422E006,5.08000000E+2,5.23088928E+2,-6.69462919E-1,
1.423E006,5.57000000E+2,5.23087952E+2,1.43689966E+0,
1.424E006,5.62000000E+2,5.23086914E+2,1.64144945E+0,
1.425E006,5.17000000E+2,5.23085938E+2,-2.67659217E-1,
1.426E006,5.02000000E+2,5.23084900E+2,-9.41065133E-1,
1.427E006,5.13000000E+2,5.23083923E+2,-4.45216089E-1,
1.428E006,5.36000000E+2,5.23082947E+2,5.57931721E-1,
1.429E006,5.11000000E+2,5.23081970E+2,-5.34474909E-1,
1.43E06,5.58000000E+2,5.23080994E+2,1.47823942E+0,
1.431E006,4.96000000E+2,5.23080078E+2,-1.21593142E+0,
1.432E006,5.14000000E+2,5.23079102E+2,-4.00462002E-1,
1.433E006,5.29000000E+2,5.23078186E+2,2.57470161E-1,
1.434E006,5.21000000E+2,5.23077209E+2,-9.10042003E-2,
1.435E006,5.20000000E+2,5.23076294E+2,-1.34904414E-1,
1.436E006,5.28000000E+2,5.23075378E+2,2.14316651E-1,
1.437E006,5.26000000E+2,5.23074463E+2,1.27559483E-1,
1.438E006,4.96000000E+2,5.23073547E+2,-1.21563816E+0,
1.439E006,5.41000000E+2,5.23072632E+2,7.70757735E-1,
1.44E06,4.89000000E+2,5.23071716E+2,-1.54077625E+0,
1.441E006,4.92000000E+2,5.23070862E+2,-1.40078259E+0,
1.442E006,5.02000000E+2,5.23069946E+2,-9.40397739E-1,
1.443E006,5.54000000E+2,5.23069092E+2,1.31412840E+0,
1.444E006,5.62000000E+2,5.23068176E+2,1.64223981E+0,
1.445E006,5.00000000E+2,5.23067322E+2,-1.03160203E+0,
1.446E006,5.14000000E+2,5.23066467E+2,-3.99904728E-1,
1.447E006,5.13000000E+2,5.23065613E+2,-4.44407672E-1,
1.448E006,5.10000000E+2,5.23064758E+2,-5.78517258E-1,
1.449E006,5.12000000E+2,5.23063904E+2,-4.88960087E-1,
1.45E06,5.19000000E+2,5.23063110E+2,-1.78350747E-1,
1.451E006,5.13000000E+2,5.23062256E+2,-4.44259465E-1,
1.452E006,4.88000000E+2,5.23061401E+2,-1.58715498E+0,
1.453E006,5.14000000E+2,5.23060608E+2,-3.99646282E-1,
1.454E006,5.06000000E+2,5.23059814E+2,-7.58401275E-1,
1.455E006,5.32000000E+2,5.23058960E+2,3.87643248E-1,
1.456E006,5.33000000E+2,5.23058167E+2,4.30628598E-1,
1.457E006,5.23000000E+2,5.23057373E+2,-2.50874809E-3,
1.458E006,5.31000000E+2,5.23056580E+2,3.44715089E-1,
1.459E006,4.94000000E+2,5.23055847E+2,-1.30728436E+0,
1.46E06,5.12000000E+2,5.23055054E+2,-4.88568962E-1,
1.461E006,4.93000000E+2,5.23054260E+2,-1.35357583E+0,
1.462E006,5.11000000E+2,5.23053528E+2,-5.33216655E-1,
1.463E006,5.02000000E+2,5.23052734E+2,-9.39629555E-1,
1.464E006,4.83000000E+2,5.23052002E+2,-1.82242918E+0,
1.465E006,5.28000000E+2,5.23051208E+2,2.15368509E-1,
1.466E006,5.13000000E+2,5.23050476E+2,-4.43739355E-1,
1.467E006,5.27000000E+2,5.23049744E+2,1.72075868E-1,
1.468E006,5.43000000E+2,5.23049011E+2,8.56178880E-1,
1.469E006,5.47000000E+2,5.23048279E+2,1.02410161E+0,
1.47E06,5.10000000E+2,5.23047546E+2,-5.77755094E-1,
1.471E006,5.44000000E+2,5.23046875E+2,8.98357809E-1,
1.472E006,5.00000000E+2,5.23046143E+2,-1.03065491E+0,
1.473E006,5.29000000E+2,5.23045410E+2,2.58895218E-1,
1.474E006,5.30000000E+2,5.23044739E+2,3.02117258E-1,
1.475E006,5.76000000E+2,5.23044006E+2,2.20649981E+0,
1.476E006,5.17000000E+2,5.23043335E+2,-2.65785575E-1,
1.477E006,5.07000000E+2,5.23042664E+2,-7.12479711E-1,
1.478E006,5.42000000E+2,5.23041931E+2,8.14318776E-1,
1.479E006,5.51000000E+2,5.23041260E+2,1.19108236E+0,
1.48E06,5.17000000E+2,5.23040588E+2,-2.65664786E-1,
1.481E006,4.88000000E+2,5.23039917E+2,-1.58618248E+0,
1.482E006,5.20000000E+2,5.23039246E+2,-1.33279741E-1,
1.483E006,5.61000000E+2,5.23038635E+2,1.60273004E+0,
1.484E006,4.68000000E+2,5.23037964E+2,-2.54413080E+0,
1.485E006,4.88000000E+2,5.23037292E+2,-1.58606362E+0,
1.486E006,5.49000000E+2,5.23036682E+2,1.10808742E+0,
1.487E006,5.15000000E+2,5.23036011E+2,-3.54108959E-1,
1.488E006,5.56000000E+2,5.23035400E+2,1.39801049E+0,
1.489E006,5.00000000E+2,5.23034790E+2,-1.03014719E+0,
1.49E06,5.14000000E+2,5.23034119E+2,-3.98477882E-1,
1.491E006,5.41000000E+2,5.23033508E+2,7.72439837E-1,
1.492E006,5.19000000E+2,5.23032898E+2,-1.77024573E-1,
1.493E006,5.33000000E+2,5.23032288E+2,4.31749552E-1,
1.494E006,4.95000000E+2,5.23031677E+2,-1.25993025E+0,
1.495E006,5.68000000E+2,5.23031067E+2,1.88685453E+0,
1.496E006,5.13000000E+2,5.23030457E+2,-4.42855477E-1,
1.497E006,5.07000000E+2,5.23029907E+2,-7.11913168E-1,
1.498E006,5.71000000E+2,5.23029297E+2,2.00751138E+0,
1.499E006,5.35000000E+2,5.23028687E+2,5.17565012E-1,
1.5E06,5.47000000E+2,5.23028137E+2,1.02496290E+0,
1.501E006,5.15000000E+2,5.23027527E+2,-3.53735089E-1,
1.502E006,5.06000000E+2,5.23026978E+2,-7.56941497E-1,
1.503E006,4.80000000E+2,5.23026367E+2,-1.96387601E+0,
1.504E006,4.94000000E+2,5.23025818E+2,-1.30593336E+0,
1.505E006,5.53000000E+2,5.23025269E+2,1.27465522E+0,
1.506E006,5.32000000E+2,5.23024719E+2,3.89127791E-1,
1.507E006,4.86000000E+2,5.23024170E+2,-1.67945039E+0,
1.508E006,5.63000000E+2,5.23023621E+2,1.68480349E+0,
1.509E006,5.07000000E+2,5.23023071E+2,-7.11609602E-1,
1.51E06,5.14000000E+2,5.23022522E+2,-3.97966385E-1,
1.511E006,5.23000000E+2,5.23021973E+2,-9.60797188E-4,
1.512E006,5.40000000E+2,5.23021423E+2,7.30641603E-1,
1.513E006,5.57000000E+2,5.23020935E+2,1.43973923E+0,
1.514E006,5.25000000E+2,5.23020386E+2,8.63974467E-2,
1.515E006,5.24000000E+2,5.23019897E+2,4.28159796E-2,
1.516E006,5.43000000E+2,5.23019348E+2,8.57451856E-1,
1.517E006,5.00000000E+2,5.23018860E+2,-1.02943468E+0,
1.518E006,5.40000000E+2,5.23018311E+2,7.30775535E-1,
1.519E006,4.99000000E+2,5.23017822E+2,-1.07518542E+0,
1.52E06,5.40000000E+2,5.23017334E+2,7.30817556E-1,
1.521E006,5.16000000E+2,5.23016785E+2,-3.08896720E-1,
1.522E006,5.12000000E+2,5.23016296E+2,-4.86856103E-1,
1.523E006,5.16000000E+2,5.23015808E+2,-3.08853716E-1,
1.524E006,4.95000000E+2,5.23015320E+2,-1.25919497E+0,
1.525E006,5.14000000E+2,5.23014832E+2,-3.97627175E-1,
1.526E006,5.28000000E+2,5.23014343E+2,2.16972858E-1,
1.527E006,5.01000000E+2,5.23013855E+2,-9.83506501E-1,
1.528E006,5.19000000E+2,5.23013428E+2,-1.76169932E-1,
1.529E006,5.21000000E+2,5.23012939E+2,-8.81884769E-2,
1.53E06,5.18000000E+2,5.23012451E+2,-2.20234454E-1,
1.531E006,4.96000000E+2,5.23012024E+2,-1.21287560E+0,
1.532E006,5.03000000E+2,5.23011536E+2,-8.92270267E-1,
1.533E006,4.92000000E+2,5.23011108E+2,-1.39808869E+0,
1.534E006,5.44000000E+2,5.23010620E+2,8.99912238E-1,
1.535E006,5.53000000E+2,5.23010193E+2,1.27529633E+0,
1.536E006,5.05000000E+2,5.23009705E+2,-8.01421344E-1,
1.537E006,5.45000000E+2,5.23009277E+2,9.41979051E-1,
1.538E006,5.71000000E+2,5.23008850E+2,2.00836706E+0,
1.539E006,5.23000000E+2,5.23008423E+2,-3.68305569E-4,
1.54E06,5.42000000E+2,5.23007935E+2,8.15779090E-1,
1.541E006,5.33000000E+2,5.23007507E+2,4.32822913E-1,
1.542E006,5.33000000E+2,5.23007080E+2,4.32841420E-1,
1.543E006,4.56000000E+2,5.23006653E+2,-3.13787413E+0,
1.544E006,5.19000000E+2,5.23006226E+2,-1.75853789E-1,
1.545E006,4.67000000E+2,5.23005798E+2,-2.59163928E+0,
1.546E006,4.88000000E+2,5.23005432E+2,-1.58462143E+0,
1.547E006,5.20000000E+2,5.23005005E+2,-1.31778181E-1,
1.548E006,5.59000000E+2,5.23004578E+2,1.52244413E+0,
1.549E006,5.40000000E+2,5.23004150E+2,7.31384933E-1,
1.55E06,5.22000000E+2,5.23003784E+2,-4.39344384E-2,
1.551E006,5.34000000E+2,5.23003357E+2,4.75871295E-1,
1.552E006,5.17000000E+2,5.23002991E+2,-2.64011234E-1,
1.553E006,5.22000000E+2,5.23002563E+2,-4.38810103E-2,
1.554E006,5.81000000E+2,5.23002197E+2,2.40615439E+0,
1.555E006,5.60000000E+2,5.23001770E+2,1.56346059E+0,
1.556E006,5.00000000E+2,5.23001404E+2,-1.02865410E+0,
1.557E006,4.89000000E+2,5.23001038E+2,-1.53758001E+0,
1.558E006,5.34000000E+2,5.23000610E+2,4.75990146E-1,
1.559E006,5.27000000E+2,5.23000244E+2,1.74232095E-1,
1.56E06,4.83000000E+2,5.22999878E+2,-1.82005751E+0,
1.561E006,5.22000000E+2,5.22999512E+2,-4.37474400E-2,
1.562E006,5.12000000E+2,5.22999146E+2,-4.86098140E-1,
1.563E006,5.33000000E+2,5.22998779E+2,4.33200955E-1,
1.564E006,5.21000000E+2,5.22998413E+2,-8.75520632E-2,
1.565E006,4.88000000E+2,5.22998047E+2,-1.58428705E+0,
1.566E006,5.07000000E+2,5.22997681E+2,-7.10481942E-1,
1.567E006,5.46000000E+2,5.22997314E+2,9.84424055E-1,
1.568E006,5.54000000E+2,5.22996948E+2,1.31719339E+0,
1.569E006,5.15000000E+2,5.22996582E+2,-3.52371514E-1,
1.57E06,5.16000000E+2,5.22996216E+2,-3.07991236E-1,
1.571E006,5.50000000E+2,5.22995911E+2,1.15145826E+0,
1.572E006,5.64000000E+2,5.22995544E+2,1.72659898E+0,
1.573E006,5.37000000E+2,5.22995178E+2,6.04352653E-1,
1.574E006,4.92000000E+2,5.22994873E+2,-1.39735675E+0,
1.575E006,5.17000000E+2,5.22994507E+2,-2.63638109E-1,
1.576E006,5.08000000E+2,5.22994202E+2,-6.65260136E-1,
1.577E006,5.75000000E+2,5.22993835E+2,2.16880703E+0,
1.578E006,5.60000000E+2,5.22993530E+2,1.56380880E+0,
1.579E006,4.94000000E+2,5.22993225E+2,-1.30446684E+0,
1.58E06,5.49000000E+2,5.22992859E+2,1.10995770E+0,
1.581E006,5.33000000E+2,5.22992554E+2,4.33470607E-1,
1.582E006,5.31000000E+2,5.22992249E+2,3.47506821E-1,
1.583E006,4.90000000E+2,5.22991882E+2,-1.49042130E+0,
1.584E006,5.32000000E+2,5.22991577E+2,3.90564680E-1,
1.585E006,4.97000000E+2,5.22991272E+2,-1.16586781E+0,
1.586E006,5.61000000E+2,5.22990967E+2,1.60474265E+0,
1.587E006,5.32000000E+2,5.22990662E+2,3.90604347E-1,
1.588E006,5.04000000E+2,5.22990356E+2,-8.45897734E-1,
1.589E006,5.00000000E+2,5.22990051E+2,-1.02814639E+0,
1.59E06,5.41000000E+2,5.22989746E+2,7.74321318E-1,
1.591E006,5.30000000E+2,5.22989441E+2,3.04519236E-1,
1.592E006,5.40000000E+2,5.22989136E+2,7.32031047E-1,
1.593E006,5.18000000E+2,5.22988831E+2,-2.19196633E-1,
1.594E006,5.63000000E+2,5.22988525E+2,1.68628263E+0,
1.595E006,5.07000000E+2,5.22988220E+2,-7.10061789E-1,
1.596E006,4.99000000E+2,5.22987976E+2,-1.07384932E+0,
1.597E006,5.37000000E+2,5.22987671E+2,6.04676664E-1,
1.598E006,5.45000000E+2,5.22987366E+2,9.42917645E-1,
1.599E006,5.44000000E+2,5.22987122E+2,9.00919735E-1,
1.6E06,4.92000000E+2,5.22986816E+2,-1.39699352E+0,
1.601E006,5.42000000E+2,5.22986511E+2,8.16699266E-1,
1.602E006,4.71000000E+2,5.22986267E+2,-2.39540076E+0,
1.603E006,5.57000000E+2,5.22985962E+2,1.44122112E+0,
1.604E006,5.23000000E+2,5.22985718E+2,6.24518143E-4,
1.605E006,4.78000000E+2,5.22985413E+2,-2.05758476E+0,
1.606E006,5.12000000E+2,5.22985168E+2,-4.85480458E-1,
1.607E006,5.13000000E+2,5.22984924E+2,-4.40845191E-1,
1.608E006,5.13000000E+2,5.22984619E+2,-4.40831691E-1,
1.609E006,5.38000000E+2,5.22984375E+2,6.47369564E-1,
1.61E06,5.49000000E+2,5.22984070E+2,1.11033285E+0,
1.611E006,5.25000000E+2,5.22983826E+2,8.79930630E-2,
1.612E006,5.27000000E+2,5.22983582E+2,1.74957931E-1,
1.613E006,5.00000000E+2,5.22983337E+2,-1.02784610E+0,
1.614E006,5.21000000E+2,5.22983093E+2,-8.68808925E-2,
1.615E006,5.50000000E+2,5.22982788E+2,1.15201783E+0,
1.616E006,5.00000000E+2,5.22982544E+2,-1.02781069E+0,
1.617E006,5.20000000E+2,5.22982300E+2,-1.30782500E-1,
1.618E006,5.47000000E+2,5.22982056E+2,1.02693319E+0,
1.619E006,5.38000000E+2,5.22981812E+2,6.47480071E-1,
1.62E06,5.29000000E+2,5.22981567E+2,2.61670977E-1,
1.621E006,5.30000000E+2,5.22981323E+2,3.04871827E-1,
1.622E006,5.13000000E+2,5.22981079E+2,-4.40675408E-1,
1.623E006,5.00000000E+2,5.22980835E+2,-1.02773416E+0,
1.624E006,5.45000000E+2,5.22980591E+2,9.43207860E-1,
1.625E006,4.98000000E+2,5.22980408E+2,-1.11939883E+0,
1.626E006,5.12000000E+2,5.22980164E+2,-4.85259265E-1,
1.627E006,5.51000000E+2,5.22979919E+2,1.19369555E+0,
1.628E006,4.99000000E+2,5.22979675E+2,-1.07347775E+0,
1.629E006,5.13000000E+2,5.22979431E+2,-4.40602660E-1,
1.63E06,4.86000000E+2,5.22979248E+2,-1.67741275E+0,
1.631E006,5.16000000E+2,5.22979004E+2,-3.07233512E-1,
1.632E006,5.30000000E+2,5.22978760E+2,3.04983199E-1,
1.633E006,5.08000000E+2,5.22978577E+2,-6.64566875E-1,
1.634E006,4.96000000E+2,5.22978333E+2,-1.21136284E+0,
1.635E006,5.25000000E+2,5.22978088E+2,8.82434547E-2,
1.636E006,5.56000000E+2,5.22977905E+2,1.40044880E+0,
1.637E006,4.77000000E+2,5.22977661E+2,-2.10517240E+0,
1.638E006,5.23000000E+2,5.22977478E+2,9.84817045E-4,
1.639E006,5.30000000E+2,5.22977234E+2,3.05049479E-1,
1.64E06,5.39000000E+2,5.22977051E+2,6.90157294E-1,
1.641E006,5.09000000E+2,5.22976807E+2,-6.19511068E-1,
1.642E006,5.16000000E+2,5.22976624E+2,-3.07128727E-1,
1.643E006,5.47000000E+2,5.22976440E+2,1.02717328E+0,
1.644E006,4.93000000E+2,5.22976196E+2,-1.35005999E+0,
1.645E006,5.16000000E+2,5.22976013E+2,-3.07101846E-1,
1.646E006,5.05000000E+2,5.22975830E+2,-7.99913943E-1,
1.647E006,5.00000000E+2,5.22975586E+2,-1.02749944E+0,
1.648E006,5.62000000E+2,5.22975403E+2,1.64615321E+0,
1.649E006,5.73000000E+2,5.22975220E+2,2.08981514E+0,
1.65E06,5.28000000E+2,5.22975037E+2,2.18683466E-1,
1.651E006,5.18000000E+2,5.22974792E+2,-2.18579829E-1,
1.652E006,4.89000000E+2,5.22974609E+2,-1.53638494E+0,
1.653E006,5.21000000E+2,5.22974426E+2,-8.65011811E-2,
1.654E006,5.35000000E+2,5.22974243E+2,5.19918799E-1,
1.655E006,5.36000000E+2,5.22974060E+2,5.62634885E-1,
1.656E006,5.17000000E+2,5.22973877E+2,-2.62730807E-1,
1.657E006,5.26000000E+2,5.22973694E+2,1.31953225E-1,
1.658E006,5.34000000E+2,5.22973511E+2,4.77162868E-1,
1.659E006,5.29000000E+2,5.22973328E+2,2.62029231E-1,
1.66E06,5.34000000E+2,5.22973145E+2,4.77178693E-1,
1.661E006,5.36000000E+2,5.22972961E+2,5.62682331E-1,
1.662E006,5.25000000E+2,5.22972778E+2,8.84752050E-2,
1.663E006,5.50000000E+2,5.22972595E+2,1.15245247E+0,
1.664E006,5.48000000E+2,5.22972412E+2,1.06912553E+0,
1.665E006,5.00000000E+2,5.22972229E+2,-1.02734935E+0,
1.666E006,5.15000000E+2,5.22972046E+2,-3.51290315E-1,
1.667E006,5.15000000E+2,5.22971863E+2,-3.51282239E-1,
1.668E006,5.21000000E+2,5.22971680E+2,-8.63808542E-2,
1.669E006,5.18000000E+2,5.22971558E+2,-2.18437701E-1,
1.67E06,5.23000000E+2,5.22971375E+2,1.25170522E-3,
1.671E006,4.94000000E+2,5.22971191E+2,-1.30347550E+0,
1.672E006,5.10000000E+2,5.22971008E+2,-5.74365914E-1,
1.673E006,5.21000000E+2,5.22970886E+2,-8.63460898E-2,
1.674E006,4.93000000E+2,5.22970703E+2,-1.34981251E+0,
1.675E006,5.80000000E+2,5.22970520E+2,2.36802030E+0,
1.676E006,5.01000000E+2,5.22970337E+2,-9.81562257E-1,
1.677E006,4.90000000E+2,5.22970215E+2,-1.48944247E+0,
1.678E006,5.70000000E+2,5.22970032E+2,1.96986866E+0,
1.679E006,5.12000000E+2,5.22969910E+2,-4.84806091E-1,
1.68E06,5.48000000E+2,5.22969727E+2,1.06924033E+0,
1.681E006,5.67000000E+2,5.22969543E+2,1.84910536E+0,
1.682E006,5.27000000E+2,5.22969421E+2,1.75574765E-1,
1.683E006,4.64000000E+2,5.22969238E+2,-2.73757815E+0,
1.684E006,5.13000000E+2,5.22969116E+2,-4.40147221E-1,
1.685E006,5.03000000E+2,5.22968933E+2,-8.90370727E-1,
1.686E006,4.88000000E+2,5.22968811E+2,-1.58296371E+0,
1.687E006,5.30000000E+2,5.22968628E+2,3.05423290E-1,
1.688E006,5.40000000E+2,5.22968506E+2,7.32918799E-1,
1.689E006,4.87000000E+2,5.22968323E+2,-1.62988031E+0,
1.69E06,5.69000000E+2,5.22968201E+2,1.92975342E+0,
1.691E006,5.06000000E+2,5.22968079E+2,-7.54323125E-1,
1.692E006,4.95000000E+2,5.22967896E+2,-1.25706351E+0,
1.693E006,4.93000000E+2,5.22967773E+2,-1.34968066E+0,
1.694E006,4.97000000E+2,5.22967651E+2,-1.16480839E+0,
1.695E006,5.17000000E+2,5.22967468E+2,-2.62448967E-1,
1.696E006,5.42000000E+2,5.22967346E+2,8.17522466E-1,
1.697E006,4.94000000E+2,5.22967224E+2,-1.30329704E+0,
1.698E006,5.14000000E+2,5.22967041E+2,-3.95519227E-1,
1.699E006,5.06000000E+2,5.22966919E+2,-7.54271567E-1,
1.7E06,4.74000000E+2,5.22966797E+2,-2.24911952E+0,
1.701E006,5.21000000E+2,5.22966675E+2,-8.61615837E-2,
1.702E006,5.24000000E+2,5.22966492E+2,4.51490209E-2,
1.703E006,5.08000000E+2,5.22966370E+2,-6.64025247E-1,
1.704E006,5.15000000E+2,5.22966248E+2,-3.51034820E-1,
1.705E006,4.78000000E+2,5.22966125E+2,-2.05670261E+0,
1.706E006,5.12000000E+2,5.22966003E+2,-4.84633476E-1,
1.707E006,5.16000000E+2,5.22965881E+2,-3.06655824E-1,
1.708E006,5.35000000E+2,5.22965698E+2,5.20288229E-1,
1.709E006,5.44000000E+2,5.22965576E+2,9.01843488E-1,
1.71E06,5.39000000E+2,5.22965454E+2,6.90656781E-1,
1.711E006,5.16000000E+2,5.22965332E+2,-3.06631655E-1,
1.712E006,4.99000000E+2,5.22965210E+2,-1.07283020E+0,
1.713E006,5.33000000E+2,5.22965088E+2,4.34660286E-1,
1.714E006,5.44000000E+2,5.22964966E+2,9.01869655E-1,
1.715E006,5.33000000E+2,5.22964844E+2,4.34670866E-1,
1.716E006,5.45000000E+2,5.22964722E+2,9.43887651E-1,
1.717E006,5.07000000E+2,5.22964600E+2,-7.09012747E-1,
1.718E006,5.33000000E+2,5.22964478E+2,4.34686720E-1,
1.719E006,5.21000000E+2,5.22964355E+2,-8.60599726E-2,
1.72E06,5.37000000E+2,5.22964233E+2,6.05688035E-1,
1.721E006,5.22000000E+2,5.22964111E+2,-4.21980061E-2,
1.722E006,5.15000000E+2,5.22963989E+2,-3.50935310E-1,
1.723E006,5.34000000E+2,5.22963867E+2,4.77580190E-1,
1.724E006,4.93000000E+2,5.22963806E+2,-1.34950197E+0,
1.725E006,5.30000000E+2,5.22963684E+2,3.05638045E-1,
1.726E006,5.19000000E+2,5.22963562E+2,-1.73981071E-1,
1.727E006,5.04000000E+2,5.22963440E+2,-8.44698787E-1,
1.728E006,5.15000000E+2,5.22963318E+2,-3.50905716E-1,
1.729E006,4.98000000E+2,5.22963196E+2,-1.11862755E+0,
1.73E06,5.02000000E+2,5.22963135E+2,-9.35630500E-1,
1.731E006,5.14000000E+2,5.22963013E+2,-3.95341545E-1,
1.732E006,5.21000000E+2,5.22962891E+2,-8.59958008E-2,
1.733E006,4.91000000E+2,5.22962769E+2,-1.44245958E+0,
1.734E006,5.31000000E+2,5.22962646E+2,3.48791420E-1,
1.735E006,4.84000000E+2,5.22962585E+2,-1.77102661E+0,
1.736E006,5.40000000E+2,5.22962463E+2,7.33178854E-1,
1.737E006,4.93000000E+2,5.22962341E+2,-1.34943593E+0,
1.738E006,5.25000000E+2,5.22962280E+2,8.89333785E-2,
1.739E006,5.43000000E+2,5.22962158E+2,8.59906077E-1,
1.74E06,5.02000000E+2,5.22962036E+2,-9.35581446E-1,
1.741E006,5.36000000E+2,5.22961975E+2,5.63156903E-1,
1.742E006,5.53000000E+2,5.22961853E+2,1.27735198E+0,
1.743E006,5.17000000E+2,5.22961731E+2,-2.62196630E-1,
1.744E006,5.26000000E+2,5.22961670E+2,1.32477492E-1,
1.745E006,5.14000000E+2,5.22961548E+2,-3.95276934E-1,
1.746E006,5.35000000E+2,5.22961426E+2,5.20472944E-1,
1.747E006,5.03000000E+2,5.22961365E+2,-8.90033245E-1,
1.748E006,5.60000000E+2,5.22961243E+2,1.56517315E+0,
1.749E006,5.18000000E+2,5.22961182E+2,-2.17981800E-1,
1.75E06,5.22000000E+2,5.22961060E+2,-4.20644358E-2,
1.751E006,5.37000000E+2,5.22960999E+2,6.05827630E-1,
1.752E006,5.62000000E+2,5.22960876E+2,1.64676607E+0,
1.753E006,5.22000000E+2,5.22960754E+2,-4.20510769E-2,
1.754E006,5.39000000E+2,5.22960693E+2,6.90861821E-1,
1.755E006,5.42000000E+2,5.22960571E+2,8.17813516E-1,
1.756E006,4.84000000E+2,5.22960510E+2,-1.77093220E+0,
1.757E006,4.78000000E+2,5.22960388E+2,-2.05644035E+0,
1.758E006,5.10000000E+2,5.22960327E+2,-5.73892951E-1,
1.759E006,5.55000000E+2,5.22960266E+2,1.36001098E+0,
1.76E06,5.52000000E+2,5.22960144E+2,1.23601842E+0,
1.761E006,5.59000000E+2,5.22960083E+2,1.52432609E+0,
1.762E006,5.40000000E+2,5.22959961E+2,7.33286500E-1,
1.763E006,5.29000000E+2,5.22959900E+2,2.62613058E-1,
1.764E006,5.13000000E+2,5.22959778E+2,-4.39734936E-1,
1.765E006,5.48000000E+2,5.22959717E+2,1.06966794E+0,
1.766E006,5.02000000E+2,5.22959656E+2,-9.35475230E-1,
1.767E006,4.92000000E+2,5.22959534E+2,-1.39576352E+0,
1.768E006,5.12000000E+2,5.22959473E+2,-4.84344840E-1,
1.769E006,5.18000000E+2,5.22959351E+2,-2.17901349E-1,
1.77E06,5.29000000E+2,5.22959290E+2,2.62639582E-1,
1.771E006,5.14000000E+2,5.22959229E+2,-3.95174623E-1,
1.772E006,5.52000000E+2,5.22959106E+2,1.23606253E+0,
1.773E006,5.09000000E+2,5.22959045E+2,-6.18723810E-1,
1.774E006,5.06000000E+2,5.22958984E+2,-7.53918827E-1,
1.775E006,5.34000000E+2,5.22958862E+2,4.77796763E-1,
1.776E006,5.43000000E+2,5.22958801E+2,8.60050142E-1,
1.777E006,5.19000000E+2,5.22958740E+2,-1.73769414E-1,
1.778E006,4.89000000E+2,5.22958679E+2,-1.53566456E+0,
1.779E006,4.87000000E+2,5.22958557E+2,-1.62943780E+0,
1.78E06,4.93000000E+2,5.22958496E+2,-1.34926283E+0,
1.781E006,5.32000000E+2,5.22958435E+2,3.92001569E-1,
1.782E006,5.18000000E+2,5.22958374E+2,-2.17858449E-1,
1.783E006,5.66000000E+2,5.22958252E+2,1.80917966E+0,
1.784E006,5.08000000E+2,5.22958191E+2,-6.63662374E-1,
1.785E006,5.41000000E+2,5.22958130E+2,7.75680602E-1,
1.786E006,5.29000000E+2,5.22958069E+2,2.62692660E-1,
1.787E006,4.90000000E+2,5.22958008E+2,-1.48889101E+0,
1.788E006,5.03000000E+2,5.22957886E+2,-8.89878094E-1,
1.789E006,5.45000000E+2,5.22957825E+2,9.44183052E-1,
1.79E06,5.26000000E+2,5.22957764E+2,1.32647812E-1,
1.791E006,5.30000000E+2,5.22957703E+2,3.05897862E-1,
1.792E006,5.23000000E+2,5.22957642E+2,1.85220339E-3,
1.793E006,5.17000000E+2,5.22957581E+2,-2.62014091E-1,
1.794E006,4.73000000E+2,5.22957458E+2,-2.29704642E+0,
1.795E006,5.27000000E+2,5.22957397E+2,1.76098526E-1,
1.796E006,4.93000000E+2,5.22957336E+2,-1.34921062E+0,
1.797E006,5.33000000E+2,5.22957275E+2,4.34998691E-1,
1.798E006,5.78000000E+2,5.22957214E+2,2.28947806E+0,
1.799E006,5.37000000E+2,5.22957153E+2,6.05993569E-1,
1.8E06,5.25000000E+2,5.22957092E+2,8.91598016E-2,
1.801E006,5.68000000E+2,5.22957031E+2,1.88996100E+0,
1.802E006,5.38000000E+2,5.22956970E+2,6.48551047E-1,
1.803E006,5.32000000E+2,5.22956909E+2,3.92067701E-1,
1.804E006,5.37000000E+2,5.22956787E+2,6.06009364E-1,
1.805E006,4.91000000E+2,5.22956726E+2,-1.44218695E+0,
1.806E006,5.42000000E+2,5.22956665E+2,8.17981303E-1,
1.807E006,5.03000000E+2,5.22956604E+2,-8.89820993E-1,
1.808E006,5.13000000E+2,5.22956543E+2,-4.39592123E-1,
1.809E006,5.24000000E+2,5.22956482E+2,4.55862992E-2,
1.81E06,5.15000000E+2,5.22956421E+2,-3.50601792E-1,
1.811E006,5.39000000E+2,5.22956360E+2,6.91048503E-1,
1.812E006,5.04000000E+2,5.22956299E+2,-8.44380677E-1,
1.813E006,5.77000000E+2,5.22956238E+2,2.24987125E+0,
1.814E006,5.09000000E+2,5.22956177E+2,-6.18596673E-1,
1.815E006,5.65000000E+2,5.22956116E+2,1.76879954E+0,
1.816E006,5.20000000E+2,5.22956055E+2,-1.29631579E-1,
1.817E006,4.93000000E+2,5.22955994E+2,-1.34915006E+0,
1.818E006,5.37000000E+2,5.22955933E+2,6.06046259E-1,
1.819E006,5.00000000E+2,5.22955933E+2,-1.02662051E+0,
1.82E06,5.35000000E+2,5.22955872E+2,5.20713091E-1,
1.821E006,5.05000000E+2,5.22955811E+2,-7.99023092E-1,
1.822E006,5.28000000E+2,5.22955750E+2,2.19522834E-1,
1.823E006,5.27000000E+2,5.22955688E+2,1.76172972E-1,
1.824E006,5.08000000E+2,5.22955627E+2,-6.63548648E-1,
1.825E006,5.61000000E+2,5.22955566E+2,1.60623717E+0,
1.826E006,5.17000000E+2,5.22955505E+2,-2.61922836E-1,
1.827E006,4.69000000E+2,5.22955444E+2,-2.49143100E+0,
1.828E006,5.05000000E+2,5.22955383E+2,-7.99004078E-1,
1.829E006,5.31000000E+2,5.22955322E+2,3.49109262E-1,
1.83E06,5.30000000E+2,5.22955322E+2,3.06001246E-1,
1.831E006,5.31000000E+2,5.22955261E+2,3.49111915E-1,
1.832E006,5.63000000E+2,5.22955200E+2,1.68768716E+0,
1.833E006,5.02000000E+2,5.22955139E+2,-9.35273647E-1,
1.834E006,5.13000000E+2,5.22955078E+2,-4.39527452E-1,
1.835E006,5.25000000E+2,5.22955017E+2,8.92503709E-2,
1.836E006,5.29000000E+2,5.22954956E+2,2.62827992E-1,
1.837E006,4.86000000E+2,5.22954956E+2,-1.67631078E+0,
1.838E006,4.64000000E+2,5.22954895E+2,-2.73691225E+0,
1.839E006,5.41000000E+2,5.22954834E+2,7.75822282E-1,
1.84E06,5.17000000E+2,5.22954773E+2,-2.61890620E-1,
1.841E006,5.54000000E+2,5.22954712E+2,1.31898785E+0,
1.842E006,5.19000000E+2,5.22954712E+2,-1.73592582E-1,
1.843E006,5.27000000E+2,5.22954651E+2,1.76218182E-1,
1.844E006,5.56000000E+2,5.22954590E+2,1.40143752E+0,
1.845E006,4.93000000E+2,5.22954529E+2,-1.34908414E+0,
1.846E006,5.28000000E+2,5.22954468E+2,2.19578609E-1,
1.847E006,5.39000000E+2,5.22954468E+2,6.91129982E-1,
1.848E006,4.95000000E+2,5.22954407E+2,-1.25645721E+0,
1.849E006,5.27000000E+2,5.22954346E+2,1.76231474E-1,
1.85E06,4.96000000E+2,5.22954285E+2,-1.21028304E+0,
1.851E006,5.09000000E+2,5.22954285E+2,-6.18512809E-1,
1.852E006,5.18000000E+2,5.22954224E+2,-2.17676088E-1,
1.853E006,4.91000000E+2,5.22954163E+2,-1.44207120E+0,
1.854E006,5.14000000E+2,5.22954102E+2,-3.94948483E-1,
1.855E006,5.31000000E+2,5.22954102E+2,3.49162251E-1,
1.856E006,5.29000000E+2,5.22954041E+2,2.62867808E-1,
1.857E006,4.93000000E+2,5.22953979E+2,-1.34905934E+0,
1.858E006,5.04000000E+2,5.22953918E+2,-8.44274640E-1,
1.859E006,5.06000000E+2,5.22953918E+2,-7.53693640E-1,
1.86E06,4.88000000E+2,5.22953857E+2,-1.58228672E+0,
1.861E006,5.05000000E+2,5.22953796E+2,-7.98933446E-1,
1.862E006,5.07000000E+2,5.22953796E+2,-7.08532989E-1,
1.863E006,5.06000000E+2,5.22953735E+2,-7.53685474E-1,
1.864E006,5.71000000E+2,5.22953674E+2,2.01067615E+0,
1.865E006,5.39000000E+2,5.22953674E+2,6.91164196E-1,
1.866E006,5.01000000E+2,5.22953613E+2,-9.80815113E-1,
1.867E006,4.96000000E+2,5.22953552E+2,-1.21025026E+0,
1.868E006,5.60000000E+2,5.22953552E+2,1.56549811E+0,
1.869E006,5.07000000E+2,5.22953491E+2,-7.08519399E-1,
1.87E06,5.10000000E+2,5.22953430E+2,-5.73587537E-1,
1.871E006,4.93000000E+2,5.22953430E+2,-1.34903467E+0,
1.872E006,5.40000000E+2,5.22953369E+2,7.33570158E-1,
1.873E006,5.52000000E+2,5.22953308E+2,1.23630929E+0,
1.874E006,5.39000000E+2,5.22953308E+2,6.91179931E-1,
1.875E006,4.95000000E+2,5.22953247E+2,-1.25640500E+0,
1.876E006,5.80000000E+2,5.22953186E+2,2.36874008E+0,
1.877E006,5.03000000E+2,5.22953186E+2,-8.89668584E-1,
1.878E006,5.47000000E+2,5.22953125E+2,1.02817011E+0,
1.879E006,5.41000000E+2,5.22953125E+2,7.75895774E-1,
1.88E06,5.02000000E+2,5.22953064E+2,-9.35181022E-1,
1.881E006,5.03000000E+2,5.22953003E+2,-8.89660418E-1,
1.882E006,5.55000000E+2,5.22953003E+2,1.36031926E+0,
1.883E006,5.16000000E+2,5.22952942E+2,-3.06086212E-1,
1.884E006,5.24000000E+2,5.22952942E+2,4.57409471E-2,
1.885E006,5.32000000E+2,5.22952881E+2,3.92242372E-1,
1.886E006,5.72000000E+2,5.22952820E+2,2.05076551E+0,
1.887E006,5.13000000E+2,5.22952820E+2,-4.39427733E-1,
1.888E006,5.11000000E+2,5.22952759E+2,-5.28758943E-1,
1.889E006,5.16000000E+2,5.22952759E+2,-3.06078136E-1,
1.89E06,5.52000000E+2,5.22952698E+2,1.23633528E+0,
1.891E006,5.36000000E+2,5.22952698E+2,5.63557625E-1,
1.892E006,5.53000000E+2,5.22952637E+2,1.27774382E+0,
1.893E006,5.20000000E+2,5.22952576E+2,-1.29479006E-1,
1.894E006,5.33000000E+2,5.22952576E+2,4.35202271E-1,
1.895E006,5.30000000E+2,5.22952515E+2,3.06123197E-1,
1.896E006,5.28000000E+2,5.22952515E+2,2.19663605E-1,
1.897E006,5.32000000E+2,5.22952454E+2,3.92260879E-1,
1.898E006,4.91000000E+2,5.22952454E+2,-1.44199407E+0,
1.899E006,5.54000000E+2,5.22952393E+2,1.31908643E+0,
1.9E06,4.99000000E+2,5.22952393E+2,-1.07225633E+0,
1.901E006,5.48000000E+2,5.22952332E+2,1.06998336E+0,
1.902E006,5.30000000E+2,5.22952332E+2,3.06131154E-1,
1.903E006,5.16000000E+2,5.22952271E+2,-3.06056648E-1,
1.904E006,5.31000000E+2,5.22952271E+2,3.49241704E-1,
1.905E006,5.33000000E+2,5.22952209E+2,4.35218126E-1,
1.906E006,5.70000000E+2,5.22952209E+2,1.97061515E+0,
1.907E006,5.15000000E+2,5.22952148E+2,-3.50413531E-1,
1.908E006,5.56000000E+2,5.22952148E+2,1.40154111E+0,
1.909E006,5.00000000E+2,5.22952087E+2,-1.02644861E+0,
1.91E06,4.91000000E+2,5.22952087E+2,-1.44197750E+0,
1.911E006,5.44000000E+2,5.22952026E+2,9.02424455E-1,
1.912E006,5.00000000E+2,5.22952026E+2,-1.02644587E+0,
1.913E006,4.92000000E+2,5.22951965E+2,-1.39542234E+0,
1.914E006,5.11000000E+2,5.22951965E+2,-5.28723836E-1,
1.915E006,5.26000000E+2,5.22951904E+2,1.32903293E-1,
1.916E006,5.17000000E+2,5.22951904E+2,-2.61764467E-1,
1.917E006,5.09000000E+2,5.22951843E+2,-6.18404567E-1,
1.918E006,5.30000000E+2,5.22951843E+2,3.06152374E-1,
1.919E006,5.46000000E+2,5.22951782E+2,9.86372650E-1,
1.92E06,5.09000000E+2,5.22951782E+2,-6.18401885E-1,
1.921E006,5.10000000E+2,5.22951721E+2,-5.73511899E-1,
1.922E006,5.16000000E+2,5.22951721E+2,-3.06032449E-1,
1.923E006,5.12000000E+2,5.22951660E+2,-4.83999580E-1,
1.924E006,5.33000000E+2,5.22951660E+2,4.35241908E-1,
1.925E006,5.26000000E+2,5.22951660E+2,1.32913932E-1,
1.926E006,5.66000000E+2,5.22951599E+2,1.80945921E+0,
1.927E006,5.20000000E+2,5.22951599E+2,-1.29436180E-1,
1.928E006,4.80000000E+2,5.22951538E+2,-1.96046054E+0,
1.929E006,5.09000000E+2,5.22951538E+2,-6.18391037E-1,
1.93E06,5.22000000E+2,5.22951477E+2,-4.16450202E-2,
1.931E006,4.98000000E+2,5.22951477E+2,-1.11810243E+0,
1.932E006,4.96000000E+2,5.22951477E+2,-1.21015704E+0,
1.933E006,5.16000000E+2,5.22951416E+2,-3.06019038E-1,
1.934E006,5.53000000E+2,5.22951416E+2,1.27779579E+0,
1.935E006,4.99000000E+2,5.22951355E+2,-1.07220995E+0,
1.936E006,5.38000000E+2,5.22951355E+2,6.48793161E-1,
1.937E006,5.38000000E+2,5.22951355E+2,6.48793161E-1,
1.938E006,4.97000000E+2,5.22951294E+2,-1.16407466E+0,
1.939E006,5.29000000E+2,5.22951294E+2,2.62987226E-1,
1.94E06,5.40000000E+2,5.22951233E+2,7.33662128E-1,
1.941E006,4.86000000E+2,5.22951233E+2,-1.67614198E+0,
1.942E006,5.21000000E+2,5.22951233E+2,-8.54850635E-2,
1.943E006,5.22000000E+2,5.22951172E+2,-4.16316614E-2,
1.944E006,5.31000000E+2,5.22951172E+2,3.49289387E-1,
1.945E006,5.72000000E+2,5.22951111E+2,2.05083704E+0,
1.946E006,5.63000000E+2,5.22951111E+2,1.68785942E+0,
1.947E006,5.57000000E+2,5.22951111E+2,1.44269776E+0,
1.948E006,5.08000000E+2,5.22951050E+2,-6.63345575E-1,
1.949E006,5.35000000E+2,5.22951050E+2,5.20921528E-1,
1.95E06,5.40000000E+2,5.22951050E+2,7.33669996E-1,
1.951E006,5.23000000E+2,5.22950989E+2,2.14311155E-3,
1.952E006,5.15000000E+2,5.22950989E+2,-3.50362420E-1,
1.953E006,5.13000000E+2,5.22950928E+2,-4.39344198E-1,
1.954E006,5.52000000E+2,5.22950928E+2,1.23641062E+0,
1.955E006,5.19000000E+2,5.22950928E+2,-1.73426479E-1,
1.956E006,6.02000000E+2,5.22950867E+2,3.22180200E+0,
1.957E006,4.72000000E+2,5.22950867E+2,-2.34520364E+0,
1.958E006,5.45000000E+2,5.22950867E+2,9.44481075E-1,
1.959E006,5.38000000E+2,5.22950806E+2,6.48816824E-1,
1.96E06,4.94000000E+2,5.22950806E+2,-1.30255830E+0,
1.961E006,5.18000000E+2,5.22950806E+2,-2.17525914E-1,
1.962E006,4.96000000E+2,5.22950745E+2,-1.21012414E+0,
1.963E006,5.28000000E+2,5.22950745E+2,2.19740644E-1,
1.964E006,5.38000000E+2,5.22950745E+2,6.48819447E-1,
1.965E006,5.16000000E+2,5.22950684E+2,-3.05986792E-1,
1.966E006,5.24000000E+2,5.22950684E+2,4.58396003E-2,
1.967E006,5.67000000E+2,5.22950684E+2,1.84989738E+0,
1.968E006,4.71000000E+2,5.22950623E+2,-2.39375830E+0,
1.969E006,5.29000000E+2,5.22950623E+2,2.63016403E-1,
1.97E06,5.20000000E+2,5.22950623E+2,-1.29393354E-1,
1.971E006,5.37000000E+2,5.22950562E+2,6.06278002E-1,
1.972E006,5.46000000E+2,5.22950562E+2,9.86424923E-1,
1.973E006,5.18000000E+2,5.22950562E+2,-2.17515185E-1,
1.974E006,5.19000000E+2,5.22950562E+2,-1.73410401E-1,
1.975E006,5.13000000E+2,5.22950500E+2,-4.39325333E-1,
1.976E006,5.13000000E+2,5.22950500E+2,-4.39325333E-1,
1.977E006,5.45000000E+2,5.22950500E+2,9.44496810E-1,
1.978E006,4.82000000E+2,5.22950439E+2,-1.86524141E+0,
1.979E006,5.47000000E+2,5.22950439E+2,1.02828503E+0,
1.98E06,5.14000000E+2,5.22950439E+2,-3.94786954E-1,
1.981E006,5.54000000E+2,5.22950378E+2,1.31917202E+0,
1.982E006,5.36000000E+2,5.22950378E+2,5.63657820E-1,
1.983E006,5.21000000E+2,5.22950378E+2,-8.54476318E-2,
1.984E006,5.15000000E+2,5.22950378E+2,-3.50335538E-1,
1.985E006,5.38000000E+2,5.22950317E+2,6.48837864E-1,
1.986E006,5.10000000E+2,5.22950317E+2,-5.73449731E-1,
1.987E006,4.83000000E+2,5.22950317E+2,-1.81780243E+0,
1.988E006,5.16000000E+2,5.22950256E+2,-3.05967987E-1,
1.989E006,5.20000000E+2,5.22950256E+2,-1.29377306E-1,
1.99E06,5.17000000E+2,5.22950256E+2,-2.61691988E-1,
1.991E006,5.65000000E+2,5.22950256E+2,1.76904595E+0,
1.992E006,4.89000000E+2,5.22950195E+2,-1.53528094E+0,
1.993E006,5.46000000E+2,5.22950195E+2,9.86440599E-1,
1.994E006,5.30000000E+2,5.22950195E+2,3.06223959E-1,
1.995E006,5.22000000E+2,5.22950195E+2,-4.15889174E-2,
1.996E006,5.26000000E+2,5.22950134E+2,1.32980466E-1,
1.997E006,5.34000000E+2,5.22950134E+2,4.78174448E-1,
1.998E006,5.47000000E+2,5.22950134E+2,1.02829802E+0,
1.999E006,5.00000000E+2,5.22950073E+2,-1.02635849E+0,
