0.01CR-FITTED

Labels,Decay7 on Em1,Decay7 on Em1F2,Decay7 on Em1F2R,
Type,Time Scan,Exponential Fit Time Scan,Weighted Residuals Time Scan,
Comment,,,,
Start,0.00,1.15E05,1.15E05,
Stop,1.999E006,1.999E006,1.999E006,
Step,1000.00,1000.00,1000.00,
Fixed/Offset, , , ,
XAxis,Time(ns),Time,Time,
YAxis,Counts,Counts,Counts,
Chi2,,0.96821034,,
dt,,,,
dtErr,,,,
A,,187.78200,,
Tau1,,52.048923,,
Tau2,,119.614320,,
Tau3,,,,
Tau4,,,,
B1,,6702.918500,,
B2,,1589.054600,,
B3,,,,
B4,,,,
Tau1Err,,0.67801160,,
Tau2Err,,3.0517836,,
Tau3Err,,,,
Tau4Err,,,,
B1Err,,112.557800,,
B2Err,,122.09600,,
B3Err,,,,
B4Err,,,,
TauAvInt,,75.877335,,
TauAvAmp,,64.9970,,
TauAvIntErr,,1.9206053,,
TauAvAmpErr,,1.1489488,,

0.00,1.98000000E+2, , ,
1000.00,1.78000000E+2, , ,
2000.00,1.98000000E+2, , ,
3000.00,2.06000000E+2, , ,
4000.00,1.77000000E+2, , ,
5000.00,1.91000000E+2, , ,
6000.00,1.84000000E+2, , ,
7000.00,1.78000000E+2, , ,
8000.00,1.92000000E+2, , ,
9000.00,2.34000000E+2, , ,
1E04,2.16000000E+2, , ,
1.1E04,1.77000000E+2, , ,
1.2E04,1.77000000E+2, , ,
1.3E04,1.80000000E+2, , ,
1.4E04,1.90000000E+2, , ,
1.5E04,1.88000000E+2, , ,
1.6E04,1.78000000E+2, , ,
1.7E04,1.86000000E+2, , ,
1.8E04,1.95000000E+2, , ,
1.9E04,1.89000000E+2, , ,
2E04,1.85000000E+2, , ,
2.1E04,1.94000000E+2, , ,
2.2E04,1.81000000E+2, , ,
2.3E04,2.00000000E+2, , ,
2.4E04,1.98000000E+2, , ,
2.5E04,1.85000000E+2, , ,
2.6E04,1.81000000E+2, , ,
2.7E04,1.68000000E+2, , ,
2.8E04,1.74000000E+2, , ,
2.9E04,1.91000000E+2, , ,
3E04,1.78000000E+2, , ,
3.1E04,1.76000000E+2, , ,
3.2E04,1.83000000E+2, , ,
3.3E04,1.73000000E+2, , ,
3.4E04,1.79000000E+2, , ,
3.5E04,2.00000000E+2, , ,
3.6E04,1.74000000E+2, , ,
3.7E04,2.00000000E+2, , ,
3.8E04,1.70000000E+2, , ,
3.9E04,1.75000000E+2, , ,
4E04,1.96000000E+2, , ,
4.1E04,1.98000000E+2, , ,
4.2E04,1.96000000E+2, , ,
4.3E04,1.75000000E+2, , ,
4.4E04,1.89000000E+2, , ,
4.5E04,1.72000000E+2, , ,
4.6E04,1.64000000E+2, , ,
4.7E04,1.85000000E+2, , ,
4.8E04,2.01000000E+2, , ,
4.9E04,1.74000000E+2, , ,
5E04,1.73000000E+2, , ,
5.1E04,1.90000000E+2, , ,
5.2E04,1.78000000E+2, , ,
5.3E04,1.94000000E+2, , ,
5.4E04,1.77000000E+2, , ,
5.5E04,2.00000000E+2, , ,
5.6E04,1.93000000E+2, , ,
5.7E04,1.88000000E+2, , ,
5.8E04,1.91000000E+2, , ,
5.9E04,1.66000000E+2, , ,
6E04,1.69000000E+2, , ,
6.1E04,2.22000000E+2, , ,
6.2E04,1.85000000E+2, , ,
6.3E04,1.97000000E+2, , ,
6.4E04,1.85000000E+2, , ,
6.5E04,1.72000000E+2, , ,
6.6E04,1.94000000E+2, , ,
6.7E04,1.85000000E+2, , ,
6.8E04,2.01000000E+2, , ,
6.9E04,1.74000000E+2, , ,
7E04,1.79000000E+2, , ,
7.1E04,1.95000000E+2, , ,
7.2E04,1.93000000E+2, , ,
7.3E04,1.91000000E+2, , ,
7.4E04,2.01000000E+2, , ,
7.5E04,1.90000000E+2, , ,
7.6E04,1.69000000E+2, , ,
7.7E04,1.92000000E+2, , ,
7.8E04,1.65000000E+2, , ,
7.9E04,1.89000000E+2, , ,
8E04,1.82000000E+2, , ,
8.1E04,1.87000000E+2, , ,
8.2E04,1.71000000E+2, , ,
8.3E04,1.99000000E+2, , ,
8.4E04,1.62000000E+2, , ,
8.5E04,1.70000000E+2, , ,
8.6E04,1.85000000E+2, , ,
8.7E04,1.90000000E+2, , ,
8.8E04,2.23000000E+2, , ,
8.9E04,1.78000000E+2, , ,
9E04,1.75000000E+2, , ,
9.1E04,2.09000000E+2, , ,
9.2E04,1.69000000E+2, , ,
9.3E04,1.97000000E+2, , ,
9.4E04,1.73000000E+2, , ,
9.5E04,1.94000000E+2, , ,
9.6E04,1.80000000E+2, , ,
9.7E04,2.00000000E+2, , ,
9.8E04,1.89000000E+2, , ,
9.9E04,1.92000000E+2, , ,
1E05,2.12000000E+2, , ,
1.01E05,1.96000000E+2, , ,
1.02E05,1.74000000E+2, , ,
1.03E05,1.65000000E+2, , ,
1.04E05,2.07000000E+2, , ,
1.05E05,3.16000000E+2, , ,
1.06E05,1.31600000E+3, , ,
1.07E05,2.04000000E+2, , ,
1.08E05,1.89000000E+2, , ,
1.09E05,3.14000000E+2, , ,
1.1E05,2.03500000E+3, , ,
1.11E05,5.05700000E+3, , ,
1.12E05,7.21700000E+3, , ,
1.13E05,7.95500000E+3, , ,
1.14E05,8.00100000E+3, , ,
1.15E05,7.96800000E+3,8.33897363E+3,-4.15593147E+0,
1.16E05,7.96900000E+3,8.20072949E+3,-2.59584880E+0,
1.17E05,7.75600000E+3,8.06497559E+3,-3.50836897E+0,
1.18E05,7.78300000E+3,7.93166602E+3,-1.68514860E+0,
1.19E05,7.79300000E+3,7.80075488E+3,-8.78461823E-2,
1.2E05,7.63700000E+3,7.67219824E+3,-4.02772278E-1,
1.21E05,7.38000000E+3,7.54595166E+3,-1.93176115E+0,
1.22E05,7.38700000E+3,7.42197314E+3,-4.06912118E-1,
1.23E05,7.28100000E+3,7.30022070E+3,-2.25254640E-1,
1.24E05,7.28600000E+3,7.18065186E+3,1.23419082E+0,
1.25E05,7.01400000E+3,7.06322754E+3,-5.87794125E-1,
1.26E05,7.23200000E+3,6.94790723E+3,3.34065008E+0,
1.27E05,6.79000000E+3,6.83465234E+3,-5.41887820E-1,
1.28E05,6.75100000E+3,6.72342383E+3,3.35621625E-1,
1.29E05,6.66500000E+3,6.61418555E+3,6.22425199E-1,
1.3E05,6.67700000E+3,6.50689990E+3,2.08167958E+0,
1.31E05,6.44000000E+3,6.40153125E+3,4.79363680E-1,
1.32E05,6.42000000E+3,6.29804346E+3,1.52208042E+0,
1.33E05,6.40100000E+3,6.19640234E+3,2.55727100E+0,
1.34E05,6.10400000E+3,6.09657324E+3,9.50587317E-2,
1.35E05,5.99500000E+3,5.99852344E+3,-4.55063470E-2,
1.36E05,6.00600000E+3,5.90221924E+3,1.33913445E+0,
1.37E05,5.94200000E+3,5.80762939E+3,1.74316287E+0,
1.38E05,5.80800000E+3,5.71472070E+3,1.22397339E+0,
1.39E05,5.74000000E+3,5.62346387E+3,1.53817117E+0,
1.4E05,5.64700000E+3,5.53382764E+3,1.50602257E+0,
1.41E05,5.65300000E+3,5.44578223E+3,2.75605273E+0,
1.42E05,5.39900000E+3,5.35929834E+3,5.40321171E-1,
1.43E05,5.34600000E+3,5.27434717E+3,9.79983807E-1,
1.44E05,5.23700000E+3,5.19090039E+3,6.37024224E-1,
1.45E05,5.21300000E+3,5.10893066E+3,1.44138145E+0,
1.46E05,5.02100000E+3,5.02840967E+3,-1.04569159E-1,
1.47E05,4.94300000E+3,4.94931250E+3,-8.97854790E-2,
1.48E05,5.10100000E+3,4.87161230E+3,3.21175528E+0,
1.49E05,4.85800000E+3,4.79528271E+3,8.99825931E-1,
1.5E05,4.75500000E+3,4.72029932E+3,5.03225684E-1,
1.51E05,4.70100000E+3,4.64663770E+3,7.92871356E-1,
1.52E05,4.52000000E+3,4.57427197E+3,-8.07246923E-1,
1.53E05,4.53400000E+3,4.50318018E+3,4.57708955E-1,
1.54E05,4.40700000E+3,4.43333740E+3,-3.96735817E-1,
1.55E05,4.40300000E+3,4.36472217E+3,5.76863408E-1,
1.56E05,4.34800000E+3,4.29731104E+3,7.68720806E-1,
1.57E05,4.24600000E+3,4.23108203E+3,2.28938952E-1,
1.58E05,4.02700000E+3,4.16601416E+3,-2.19062591E+0,
1.59E05,4.09000000E+3,4.10208496E+3,-1.88965961E-1,
1.6E05,4.00300000E+3,4.03927466E+3,-5.73337734E-1,
1.61E05,4.01000000E+3,3.97756250E+3,5.12242019E-1,
1.62E05,3.85600000E+3,3.91692798E+3,-9.81179059E-1,
1.63E05,3.90600000E+3,3.85735181E+3,7.78396010E-1,
1.64E05,3.80400000E+3,3.79881445E+3,8.40764344E-2,
1.65E05,3.78300000E+3,3.74129712E+3,6.78028405E-1,
1.66E05,3.60400000E+3,3.68478101E+3,-1.34560275E+0,
1.67E05,3.66700000E+3,3.62924805E+3,6.23424649E-1,
1.68E05,3.44000000E+3,3.57467993E+3,-2.29627371E+0,
1.69E05,3.51900000E+3,3.52105933E+3,-3.47148664E-2,
1.7E05,3.38000000E+3,3.46836914E+3,-1.51999545E+0,
1.71E05,3.44800000E+3,3.41659180E+3,5.34883797E-1,
1.72E05,3.35600000E+3,3.36571143E+3,-1.67637825E-1,
1.73E05,3.37700000E+3,3.31571118E+3,1.05466783E+0,
1.74E05,3.25400000E+3,3.26657495E+3,-2.20443621E-1,
1.75E05,3.25000000E+3,3.21828784E+3,5.56268036E-1,
1.76E05,3.14500000E+3,3.17083350E+3,-4.60651904E-1,
1.77E05,3.03600000E+3,3.12419727E+3,-1.60067892E+0,
1.78E05,3.05500000E+3,3.07836450E+3,-4.22718167E-1,
1.79E05,3.05300000E+3,3.03331982E+3,3.56176764E-1,
1.8E05,2.94300000E+3,2.98904956E+3,-8.48848879E-1,
1.81E05,2.96600000E+3,2.94553931E+3,3.75694454E-1,
1.82E05,2.94800000E+3,2.90277563E+3,8.32930446E-1,
1.83E05,2.87300000E+3,2.86074487E+3,2.28638843E-1,
1.84E05,2.87900000E+3,2.81943335E+3,1.11015177E+0,
1.85E05,2.76700000E+3,2.77882886E+3,-2.24873468E-1,
1.86E05,2.66500000E+3,2.73891797E+3,-1.43186283E+0,
1.87E05,2.65800000E+3,2.69968848E+3,-8.08608949E-1,
1.88E05,2.66000000E+3,2.66112793E+3,-2.18696184E-2,
1.89E05,2.67500000E+3,2.62322412E+3,1.00107265E+0,
1.9E05,2.53200000E+3,2.58596533E+3,-1.07246470E+0,
1.91E05,2.52300000E+3,2.54934009E+3,-5.24395049E-1,
1.92E05,2.46200000E+3,2.51333667E+3,-1.03462672E+0,
1.93E05,2.40000000E+3,2.47794385E+3,-1.59102213E+0,
1.94E05,2.34800000E+3,2.44315088E+3,-1.96364856E+0,
1.95E05,2.39300000E+3,2.40894702E+3,-3.25992972E-1,
1.96E05,2.34200000E+3,2.37532104E+3,-6.88533664E-1,
1.97E05,2.41700000E+3,2.34226318E+3,1.52018440E+0,
1.98E05,2.26600000E+3,2.30976318E+3,-9.19345915E-1,
1.99E05,2.25200000E+3,2.27781079E+3,-5.43897569E-1,
2E05,2.31200000E+3,2.24639648E+3,1.36437333E+0,
2.01E05,2.23300000E+3,2.21551001E+3,3.70122254E-1,
2.02E05,2.17500000E+3,2.18514258E+3,-2.17479706E-1,
2.03E05,2.06700000E+3,2.15528442E+3,-1.94184184E+0,
2.04E05,2.13400000E+3,2.12592676E+3,1.74763516E-1,
2.05E05,2.08000000E+3,2.09706030E+3,-3.74071896E-1,
2.06E05,2.03900000E+3,2.06867651E+3,-6.57210171E-1,
2.07E05,2.05200000E+3,2.04076672E+3,2.47980639E-1,
2.08E05,1.96200000E+3,2.01332227E+3,-1.15866077E+0,
2.09E05,1.97100000E+3,1.98633521E+3,-3.45419049E-1,
2.1E05,1.87400000E+3,1.95979688E+3,-1.98192251E+0,
2.11E05,1.92400000E+3,1.93369971E+3,-2.21134290E-1,
2.12E05,1.88100000E+3,1.90803577E+3,-6.23367667E-1,
2.13E05,1.88200000E+3,1.88279712E+3,-1.83744114E-2,
2.14E05,1.88700000E+3,1.85797632E+3,6.68138564E-1,
2.15E05,1.83300000E+3,1.83356604E+3,-1.32210497E-2,
2.16E05,1.84400000E+3,1.80955884E+3,8.02042425E-1,
2.17E05,1.77300000E+3,1.78594751E+3,-3.07490647E-1,
2.18E05,1.65200000E+3,1.76272534E+3,-2.72421908E+0,
2.19E05,1.72200000E+3,1.73988513E+3,-4.30998296E-1,
2.2E05,1.72000000E+3,1.71742017E+3,6.22053221E-2,
2.21E05,1.68900000E+3,1.69532385E+3,-1.53874591E-1,
2.22E05,1.67500000E+3,1.67358960E+3,3.44615653E-2,
2.23E05,1.59600000E+3,1.65221106E+3,-1.40703642E+0,
2.24E05,1.61700000E+3,1.63118188E+3,-3.52678478E-1,
2.25E05,1.66300000E+3,1.61049609E+3,1.28749478E+0,
2.26E05,1.55300000E+3,1.59014734E+3,-9.42631602E-1,
2.27E05,1.57000000E+3,1.57013000E+3,-3.28102731E-3,
2.28E05,1.53400000E+3,1.55043799E+3,-4.19697106E-1,
2.29E05,1.51300000E+3,1.53106567E+3,-4.64445442E-1,
2.3E05,1.46600000E+3,1.51200720E+3,-1.20159698E+0,
2.31E05,1.53500000E+3,1.49325745E+3,1.06542981E+0,
2.32E05,1.46900000E+3,1.47481079E+3,-1.51608780E-1,
2.33E05,1.50200000E+3,1.45666187E+3,1.16984594E+0,
2.34E05,1.38800000E+3,1.43880554E+3,-1.36369216E+0,
2.35E05,1.42100000E+3,1.42123657E+3,-6.27576653E-3,
2.36E05,1.39600000E+3,1.40395007E+3,-2.12778836E-1,
2.37E05,1.38900000E+3,1.38694092E+3,5.52487597E-2,
2.38E05,1.32800000E+3,1.37020447E+3,-1.15813553E+0,
2.39E05,1.31000000E+3,1.35373584E+3,-1.20837522E+0,
2.4E05,1.31400000E+3,1.33753040E+3,-6.49129808E-1,
2.41E05,1.32700000E+3,1.32158350E+3,1.48690626E-1,
2.42E05,1.29800000E+3,1.30589063E+3,-2.19015107E-1,
2.43E05,1.29500000E+3,1.29044751E+3,1.26506880E-1,
2.44E05,1.22200000E+3,1.27524963E+3,-1.52328455E+0,
2.45E05,1.26800000E+3,1.26029285E+3,2.16438428E-1,
2.46E05,1.22700000E+3,1.24557288E+3,-5.30220926E-1,
2.47E05,1.23500000E+3,1.23108569E+3,1.11383632E-1,
2.48E05,1.20400000E+3,1.21682727E+3,-3.69675785E-1,
2.49E05,1.25000000E+3,1.20279346E+3,1.33520269E+0,
2.5E05,1.16800000E+3,1.18898059E+3,-6.13898098E-1,
2.51E05,1.23600000E+3,1.17538477E+3,1.72414017E+0,
2.52E05,1.19200000E+3,1.16200220E+3,8.68863046E-1,
2.53E05,1.16400000E+3,1.14882922E+3,4.44663346E-1,
2.54E05,1.19600000E+3,1.13586230E+3,1.73892641E+0,
2.55E05,1.14500000E+3,1.12309778E+3,6.47269905E-1,
2.56E05,1.07100000E+3,1.11053235E+3,-1.20797479E+0,
2.57E05,1.06600000E+3,1.09816235E+3,-9.85074818E-1,
2.58E05,1.12600000E+3,1.08598462E+3,1.19249833E+0,
2.59E05,1.07700000E+3,1.07399573E+3,9.15443301E-2,
2.6E05,1.05400000E+3,1.06219250E+3,-2.52345979E-1,
2.61E05,1.11400000E+3,1.05057178E+3,1.90037787E+0,
2.62E05,9.99000000E+2,1.03913037E+3,-1.26966870E+0,
2.63E05,1.02600000E+3,1.02786523E+3,-5.82317337E-2,
2.64E05,9.91000000E+2,1.01677344E+3,-8.18720222E-1,
2.65E05,1.03200000E+3,1.00585193E+3,8.13953876E-1,
2.66E05,1.02400000E+3,9.95097900E+2,9.03190613E-1,
2.67E05,9.61000000E+2,9.84508362E+2,-7.58334279E-1,
2.68E05,9.65000000E+2,9.74080627E+2,-2.92315751E-1,
2.69E05,1.00300000E+3,9.63811890E+2,1.23738217E+0,
2.7E05,9.47000000E+2,9.53699524E+2,-2.17705280E-1,
2.71E05,9.43000000E+2,9.43740784E+2,-2.41232365E-2,
2.72E05,8.82000000E+2,9.33933167E+2,-1.74868071E+0,
2.73E05,9.02000000E+2,9.24273987E+2,-7.41642654E-1,
2.74E05,9.21000000E+2,9.14760864E+2,2.05586523E-1,
2.75E05,9.01000000E+2,9.05391357E+2,-1.46297336E-1,
2.76E05,8.59000000E+2,8.96162903E+2,-1.26798189E+0,
2.77E05,9.40000000E+2,8.87073181E+2,1.72628248E+0,
2.78E05,9.45000000E+2,8.78119934E+2,2.17560863E+0,
2.79E05,9.04000000E+2,8.69300842E+2,1.15407681E+0,
2.8E05,8.39000000E+2,8.60613525E+2,-7.46181786E-1,
2.81E05,8.48000000E+2,8.52055969E+2,-1.39282554E-1,
2.82E05,9.00000000E+2,8.43625916E+2,1.87913620E+0,
2.83E05,8.48000000E+2,8.35321167E+2,4.35392916E-1,
2.84E05,8.30000000E+2,8.27139709E+2,9.92821380E-2,
2.85E05,8.05000000E+2,8.19079468E+2,-4.96236026E-1,
2.86E05,8.22000000E+2,8.11138367E+2,3.78842950E-1,
2.87E05,8.60000000E+2,8.03314575E+2,1.93295693E+0,
2.88E05,8.01000000E+2,7.95605957E+2,1.90589130E-1,
2.89E05,8.00000000E+2,7.88010742E+2,4.23884273E-1,
2.9E05,7.90000000E+2,7.80526978E+2,3.37035000E-1,
2.91E05,8.37000000E+2,7.73152893E+2,2.20687890E+0,
2.92E05,7.93000000E+2,7.65886597E+2,9.62825179E-1,
2.93E05,7.92000000E+2,7.58726318E+2,1.18232882E+0,
2.94E05,7.83000000E+2,7.51670288E+2,1.11963260E+0,
2.95E05,7.26000000E+2,7.44716858E+2,-6.94647729E-1,
2.96E05,7.63000000E+2,7.37864319E+2,9.09972787E-1,
2.97E05,7.00000000E+2,7.31110962E+2,-1.17588377E+0,
2.98E05,7.51000000E+2,7.24455139E+2,9.68635738E-1,
2.99E05,7.10000000E+2,7.17895386E+2,-2.96308547E-1,
3E05,7.30000000E+2,7.11430054E+2,6.87304556E-1,
3.01E05,7.11000000E+2,7.05057556E+2,2.22859055E-1,
3.02E05,7.04000000E+2,6.98776428E+2,1.96870774E-1,
3.03E05,7.03000000E+2,6.92585144E+2,3.92803729E-1,
3.04E05,6.82000000E+2,6.86482361E+2,-1.71638474E-1,
3.05E05,6.84000000E+2,6.80466431E+2,1.35109395E-1,
3.06E05,6.73000000E+2,6.74536133E+2,-5.92135675E-2,
3.07E05,6.70000000E+2,6.68689941E+2,5.06119803E-2,
3.08E05,6.83000000E+2,6.62926575E+2,7.68088281E-1,
3.09E05,6.40000000E+2,6.57244751E+2,-6.81658626E-1,
3.1E05,6.15000000E+2,6.51643005E+2,-1.47758853E+0,
3.11E05,6.32000000E+2,6.46120117E+2,-5.61668098E-1,
3.12E05,6.72000000E+2,6.40674805E+2,1.20839560E+0,
3.13E05,6.51000000E+2,6.35305847E+2,6.15102351E-1,
3.14E05,6.36000000E+2,6.30012024E+2,2.37438694E-1,
3.15E05,6.58000000E+2,6.24792114E+2,1.29457819E+0,
3.16E05,6.00000000E+2,6.19644897E+2,-8.01999569E-1,
3.17E05,6.10000000E+2,6.14569275E+2,-1.85004532E-1,
3.18E05,5.80000000E+2,6.09564087E+2,-1.22758186E+0,
3.19E05,6.62000000E+2,6.04628174E+2,2.22981930E+0,
3.2E05,6.16000000E+2,5.99760437E+2,6.54310644E-1,
3.21E05,5.85000000E+2,5.94959839E+2,-4.11788672E-1,
3.22E05,6.01000000E+2,5.90225342E+2,4.39507455E-1,
3.23E05,5.78000000E+2,5.85555786E+2,-3.14279288E-1,
3.24E05,6.44000000E+2,5.80950256E+2,2.48450804E+0,
3.25E05,5.92000000E+2,5.76407654E+2,6.40841484E-1,
3.26E05,5.86000000E+2,5.71927063E+2,5.81347644E-1,
3.27E05,5.92000000E+2,5.67507446E+2,1.00663781E+0,
3.28E05,5.86000000E+2,5.63147827E+2,9.44014549E-1,
3.29E05,5.43000000E+2,5.58847351E+2,-6.80074930E-1,
3.3E05,5.59000000E+2,5.54605042E+2,1.85886934E-1,
3.31E05,5.24000000E+2,5.50419983E+2,-1.15416229E+0,
3.32E05,5.46000000E+2,5.46291321E+2,-1.24673797E-2,
3.33E05,5.52000000E+2,5.42218079E+2,4.16346222E-1,
3.34E05,5.37000000E+2,5.38199524E+2,-5.17632775E-2,
3.35E05,5.27000000E+2,5.34234741E+2,-3.15150261E-1,
3.36E05,4.97000000E+2,5.30322876E+2,-1.49473524E+0,
3.37E05,5.20000000E+2,5.26463135E+2,-2.83427209E-1,
3.38E05,5.12000000E+2,5.22654663E+2,-4.70874041E-1,
3.39E05,5.19000000E+2,5.18896790E+2,4.53043589E-3,
3.4E05,5.18000000E+2,5.15188599E+2,1.23525880E-1,
3.41E05,4.95000000E+2,5.11529419E+2,-7.42942154E-1,
3.42E05,4.95000000E+2,5.07918518E+2,-5.80644190E-1,
3.43E05,4.65000000E+2,5.04355042E+2,-1.82504642E+0,
3.44E05,5.16000000E+2,5.00838318E+2,6.67455852E-1,
3.45E05,4.52000000E+2,4.97367676E+2,-2.13391590E+0,
3.46E05,4.63000000E+2,4.93942322E+2,-1.43801165E+0,
3.47E05,4.71000000E+2,4.90561646E+2,-9.01353061E-1,
3.48E05,4.84000000E+2,4.87224976E+2,-1.46589801E-1,
3.49E05,5.15000000E+2,4.83931580E+2,1.36903822E+0,
3.5E05,4.98000000E+2,4.80680847E+2,7.76089787E-1,
3.51E05,5.24000000E+2,4.77472168E+2,2.03257775E+0,
3.52E05,4.23000000E+2,4.74304749E+2,-2.49452233E+0,
3.53E05,4.73000000E+2,4.71178162E+2,8.37682188E-2,
3.54E05,5.16000000E+2,4.68091675E+2,2.10904646E+0,
3.55E05,4.93000000E+2,4.65044739E+2,1.25904167E+0,
3.56E05,4.49000000E+2,4.62036743E+2,-6.15241945E-1,
3.57E05,4.75000000E+2,4.59067078E+2,7.31052577E-1,
3.58E05,4.65000000E+2,4.56135193E+2,4.11095589E-1,
3.59E05,4.86000000E+2,4.53240601E+2,1.48599648E+0,
3.6E05,4.51000000E+2,4.50382629E+2,2.90708467E-2,
3.61E05,4.67000000E+2,4.47560730E+2,8.99542153E-1,
3.62E05,4.73000000E+2,4.44774475E+2,1.29781103E+0,
3.63E05,4.59000000E+2,4.42023315E+2,7.92403758E-1,
3.64E05,4.27000000E+2,4.39306641E+2,-5.95560074E-1,
3.65E05,4.32000000E+2,4.36624023E+2,-2.22473428E-1,
3.66E05,4.63000000E+2,4.33974945E+2,1.34890866E+0,
3.67E05,4.40000000E+2,4.31358887E+2,4.11948919E-1,
3.68E05,4.23000000E+2,4.28775391E+2,-2.80809104E-1,
3.69E05,4.11000000E+2,4.26223999E+2,-7.50944495E-1,
3.7E05,4.14000000E+2,4.23704224E+2,-4.76936579E-1,
3.71E05,4.35000000E+2,4.21215576E+2,6.60912514E-1,
3.72E05,4.15000000E+2,4.18757629E+2,-1.84454769E-1,
3.73E05,3.86000000E+2,4.16329956E+2,-1.54375410E+0,
3.74E05,4.05000000E+2,4.13932068E+2,-4.43838030E-1,
3.75E05,4.07000000E+2,4.11563599E+2,-2.26209179E-1,
3.76E05,3.99000000E+2,4.09224060E+2,-5.11843204E-1,
3.77E05,3.92000000E+2,4.06913086E+2,-7.53224552E-1,
3.78E05,4.28000000E+2,4.04630249E+2,1.12961948E+0,
3.79E05,3.99000000E+2,4.02375122E+2,-1.68967441E-1,
3.8E05,3.80000000E+2,4.00147339E+2,-1.03353667E+0,
3.81E05,4.13000000E+2,3.97946533E+2,7.40732670E-1,
3.82E05,3.90000000E+2,3.95772247E+2,-2.92289108E-1,
3.83E05,4.12000000E+2,3.93624146E+2,9.05313373E-1,
3.84E05,3.99000000E+2,3.91501862E+2,3.75376433E-1,
3.85E05,3.84000000E+2,3.89405029E+2,-2.75824249E-1,
3.86E05,3.81000000E+2,3.87333252E+2,-3.24462324E-1,
3.87E05,4.03000000E+2,3.85286224E+2,8.82386029E-1,
3.88E05,4.03000000E+2,3.83263611E+2,9.83139575E-1,
3.89E05,3.71000000E+2,3.81264984E+2,-5.32931387E-1,
3.9E05,3.85000000E+2,3.79290070E+2,2.91004986E-1,
3.91E05,3.78000000E+2,3.77338531E+2,3.40222679E-2,
3.92E05,3.81000000E+2,3.75410034E+2,2.86382616E-1,
3.93E05,3.87000000E+2,3.73504272E+2,6.86026394E-1,
3.94E05,3.74000000E+2,3.71620911E+2,1.23019785E-1,
3.95E05,4.01000000E+2,3.69759644E+2,1.56006896E+0,
3.96E05,3.86000000E+2,3.67920166E+2,9.20239329E-1,
3.97E05,3.56000000E+2,3.66102173E+2,-5.35414100E-1,
3.98E05,3.67000000E+2,3.64305359E+2,1.40659124E-1,
3.99E05,3.69000000E+2,3.62529480E+2,3.36841822E-1,
4E05,3.42000000E+2,3.60774170E+2,-1.01519084E+0,
4.01E05,3.38000000E+2,3.59039246E+2,-1.14438415E+0,
4.02E05,3.55000000E+2,3.57324341E+2,-1.23363197E-1,
4.03E05,3.58000000E+2,3.55629211E+2,1.25300065E-1,
4.04E05,3.74000000E+2,3.53953583E+2,1.03657556E+0,
4.05E05,3.52000000E+2,3.52297211E+2,-1.58413835E-2,
4.06E05,3.55000000E+2,3.50659851E+2,2.30351180E-1,
4.07E05,3.31000000E+2,3.49041168E+2,-9.91632283E-1,
4.08E05,3.64000000E+2,3.47440979E+2,8.67928565E-1,
4.09E05,3.34000000E+2,3.45859009E+2,-6.48896098E-1,
4.1E05,3.63000000E+2,3.44295044E+2,9.81755614E-1,
4.11E05,3.60000000E+2,3.42748810E+2,9.09217596E-1,
4.12E05,3.55000000E+2,3.41220093E+2,7.31361508E-1,
4.13E05,3.61000000E+2,3.39708618E+2,1.12059903E+0,
4.14E05,3.25000000E+2,3.38214172E+2,-7.32990384E-1,
4.15E05,3.51000000E+2,3.36736572E+2,7.61325419E-1,
4.16E05,3.04000000E+2,3.35275513E+2,-1.79377365E+0,
4.17E05,3.35000000E+2,3.33830841E+2,6.38779774E-2,
4.18E05,3.20000000E+2,3.32402344E+2,-6.93312109E-1,
4.19E05,3.48000000E+2,3.30989746E+2,9.11845326E-1,
4.2E05,3.20000000E+2,3.29592896E+2,-5.36259174E-1,
4.21E05,3.02000000E+2,3.28211548E+2,-1.50830507E+0,
4.22E05,3.27000000E+2,3.26845581E+2,8.53938702E-3,
4.23E05,2.95000000E+2,3.25494690E+2,-1.77546942E+0,
4.24E05,3.16000000E+2,3.24158691E+2,-4.58962262E-1,
4.25E05,3.07000000E+2,3.22837463E+2,-9.03891742E-1,
4.26E05,2.95000000E+2,3.21530762E+2,-1.54468071E+0,
4.27E05,3.09000000E+2,3.20238403E+2,-6.39330447E-1,
4.28E05,3.35000000E+2,3.18960205E+2,8.76347601E-1,
4.29E05,3.10000000E+2,3.17695984E+2,-4.37102497E-1,
4.3E05,3.10000000E+2,3.16445587E+2,-3.66084754E-1,
4.31E05,3.13000000E+2,3.15208801E+2,-1.24848828E-1,
4.32E05,3.48000000E+2,3.13985443E+2,1.82337165E+0,
4.33E05,3.03000000E+2,3.12775391E+2,-5.61581552E-1,
4.34E05,3.11000000E+2,3.11578430E+2,-3.27997655E-2,
4.35E05,3.37000000E+2,3.10394409E+2,1.44929886E+0,
4.36E05,3.14000000E+2,3.09223206E+2,2.69570112E-1,
4.37E05,3.24000000E+2,3.08064575E+2,8.85301352E-1,
4.38E05,2.98000000E+2,3.06918396E+2,-5.16628802E-1,
4.39E05,3.08000000E+2,3.05784515E+2,1.26238957E-1,
4.4E05,2.89000000E+2,3.04662781E+2,-9.21340048E-1,
4.41E05,2.84000000E+2,3.03553040E+2,-1.16025937E+0,
4.42E05,2.95000000E+2,3.02455139E+2,-4.34054971E-1,
4.43E05,3.03000000E+2,3.01368927E+2,9.37026963E-2,
4.44E05,2.69000000E+2,3.00294250E+2,-1.90804410E+0,
4.45E05,2.85000000E+2,2.99230988E+2,-8.42970967E-1,
4.46E05,3.00000000E+2,2.98178986E+2,1.05136320E-1,
4.47E05,3.02000000E+2,2.97138123E+2,2.79769599E-1,
4.48E05,3.06000000E+2,2.96108215E+2,5.65475702E-1,
4.49E05,2.99000000E+2,2.95089172E+2,2.26169005E-1,
4.5E05,2.71000000E+2,2.94080811E+2,-1.40205944E+0,
4.51E05,2.97000000E+2,2.93083069E+2,2.27283388E-1,
4.52E05,3.09000000E+2,2.92095764E+2,9.61648405E-1,
4.53E05,2.82000000E+2,2.91118774E+2,-5.43015122E-1,
4.54E05,2.83000000E+2,2.90152008E+2,-4.25142765E-1,
4.55E05,2.61000000E+2,2.89195313E+2,-1.74524605E+0,
4.56E05,2.61000000E+2,2.88248566E+2,-1.68664384E+0,
4.57E05,2.72000000E+2,2.87311646E+2,-9.28404868E-1,
4.58E05,2.78000000E+2,2.86384430E+2,-5.02864718E-1,
4.59E05,3.23000000E+2,2.85466827E+2,2.08840156E+0,
4.6E05,2.73000000E+2,2.84558685E+2,-6.99563444E-1,
4.61E05,2.69000000E+2,2.83659912E+2,-8.93830597E-1,
4.62E05,2.89000000E+2,2.82770416E+2,3.66446108E-1,
4.63E05,2.88000000E+2,2.81890045E+2,3.60032529E-1,
4.64E05,3.00000000E+2,2.81018707E+2,1.09588552E+0,
4.65E05,2.88000000E+2,2.80156311E+2,4.62193817E-1,
4.66E05,2.54000000E+2,2.79302704E+2,-1.58763289E+0,
4.67E05,2.73000000E+2,2.78457825E+2,-3.30322593E-1,
4.68E05,2.47000000E+2,2.77621552E+2,-1.94840264E+0,
4.69E05,2.62000000E+2,2.76793793E+2,-9.13963556E-1,
4.7E05,2.90000000E+2,2.75974457E+2,8.23608279E-1,
4.71E05,2.84000000E+2,2.75163422E+2,5.24354458E-1,
4.72E05,3.07000000E+2,2.74360596E+2,1.86282921E+0,
4.73E05,2.34000000E+2,2.73565918E+2,-2.58650494E+0,
4.74E05,2.41000000E+2,2.72779236E+2,-2.04708052E+0,
4.75E05,2.70000000E+2,2.72000488E+2,-1.21745840E-1,
4.76E05,2.74000000E+2,2.71229553E+2,1.67368814E-1,
4.77E05,2.76000000E+2,2.70466400E+2,3.33083570E-1,
4.78E05,2.74000000E+2,2.69710876E+2,2.59115428E-1,
4.79E05,2.65000000E+2,2.68962952E+2,-2.43442193E-1,
4.8E05,2.61000000E+2,2.68222473E+2,-4.47059870E-1,
4.81E05,2.93000000E+2,2.67489410E+2,1.49034452E+0,
4.82E05,2.58000000E+2,2.66763672E+2,-5.45602381E-1,
4.83E05,2.77000000E+2,2.66045105E+2,6.58215821E-1,
4.84E05,2.67000000E+2,2.65333740E+2,1.01973444E-1,
4.85E05,2.78000000E+2,2.64629395E+2,8.01915646E-1,
4.86E05,2.78000000E+2,2.63932037E+2,8.43740344E-1,
4.87E05,2.52000000E+2,2.63241608E+2,-7.08154738E-1,
4.88E05,2.79000000E+2,2.62557983E+2,9.84357774E-1,
4.89E05,2.77000000E+2,2.61881104E+2,9.08406436E-1,
4.9E05,2.74000000E+2,2.61210876E+2,7.72619188E-1,
4.91E05,2.77000000E+2,2.60547272E+2,9.88548636E-1,
4.92E05,2.60000000E+2,2.59890167E+2,6.81153871E-3,
4.93E05,2.76000000E+2,2.59239502E+2,1.00886345E+0,
4.94E05,2.32000000E+2,2.58595245E+2,-1.74606335E+0,
4.95E05,2.77000000E+2,2.57957275E+2,1.14416647E+0,
4.96E05,2.60000000E+2,2.57325531E+2,1.65863529E-1,
4.97E05,2.48000000E+2,2.56699951E+2,-5.52447438E-1,
4.98E05,2.69000000E+2,2.56080475E+2,7.87717342E-1,
4.99E05,2.52000000E+2,2.55467010E+2,-2.18401134E-1,
5E05,2.57000000E+2,2.54859528E+2,1.33518994E-1,
5.01E05,2.71000000E+2,2.54257935E+2,1.01700807E+0,
5.02E05,2.69000000E+2,2.53662155E+2,9.35164928E-1,
5.03E05,2.44000000E+2,2.53072159E+2,-5.80785453E-1,
5.04E05,2.43000000E+2,2.52487854E+2,-6.08646095E-1,
5.05E05,2.61000000E+2,2.51909195E+2,5.62706709E-1,
5.06E05,2.48000000E+2,2.51336105E+2,-2.11842895E-1,
5.07E05,2.37000000E+2,2.50768555E+2,-8.94363701E-1,
5.08E05,2.48000000E+2,2.50206436E+2,-1.40108839E-1,
5.09E05,2.15000000E+2,2.49649719E+2,-2.36309123E+0,
5.1E05,2.50000000E+2,2.49098358E+2,5.70248403E-2,
5.11E05,2.58000000E+2,2.48552261E+2,5.88190496E-1,
5.12E05,2.61000000E+2,2.48011383E+2,8.03975224E-1,
5.13E05,2.34000000E+2,2.47475693E+2,-8.80933642E-1,
5.14E05,2.63000000E+2,2.46945099E+2,9.89987612E-1,
5.15E05,2.33000000E+2,2.46419571E+2,-8.79145324E-1,
5.16E05,2.44000000E+2,2.45899033E+2,-1.21573098E-1,
5.17E05,2.50000000E+2,2.45383453E+2,2.91976064E-1,
5.18E05,2.38000000E+2,2.44872772E+2,-4.45495665E-1,
5.19E05,2.49000000E+2,2.44366928E+2,2.93608993E-1,
5.2E05,2.31000000E+2,2.43865891E+2,-8.46513450E-1,
5.21E05,2.57000000E+2,2.43369583E+2,8.50242019E-1,
5.22E05,2.40000000E+2,2.42877975E+2,-1.85772523E-1,
5.23E05,2.72000000E+2,2.42391006E+2,1.79530895E+0,
5.24E05,2.56000000E+2,2.41908630E+2,8.80710602E-1,
5.25E05,2.35000000E+2,2.41430786E+2,-4.19498235E-1,
5.26E05,2.47000000E+2,2.40957443E+2,3.84478688E-1,
5.27E05,2.57000000E+2,2.40488556E+2,1.02995563E+0,
5.28E05,2.48000000E+2,2.40024063E+2,5.06472468E-1,
5.29E05,2.42000000E+2,2.39563934E+2,1.56596228E-1,
5.3E05,2.52000000E+2,2.39108109E+2,8.12112868E-1,
5.31E05,2.45000000E+2,2.38656555E+2,4.05267805E-1,
5.32E05,2.37000000E+2,2.38209213E+2,-7.85468370E-2,
5.33E05,2.72000000E+2,2.37766052E+2,2.07573795E+0,
5.34E05,2.25000000E+2,2.37327026E+2,-8.21801782E-1,
5.35E05,2.37000000E+2,2.36892090E+2,7.00951787E-3,
5.36E05,2.47000000E+2,2.36461197E+2,6.70567989E-1,
5.37E05,2.56000000E+2,2.36034317E+2,1.24785519E+0,
5.38E05,2.44000000E+2,2.35611404E+2,5.37024796E-1,
5.39E05,2.44000000E+2,2.35192413E+2,5.63847959E-1,
5.4E05,2.26000000E+2,2.34777313E+2,-5.83858192E-1,
5.41E05,2.33000000E+2,2.34366043E+2,-8.94924551E-2,
5.42E05,2.43000000E+2,2.33958588E+2,5.80006838E-1,
5.43E05,2.33000000E+2,2.33554886E+2,-3.63517813E-2,
5.44E05,2.06000000E+2,2.33154922E+2,-1.89197314E+0,
5.45E05,2.17000000E+2,2.32758652E+2,-1.06976700E+0,
5.46E05,2.27000000E+2,2.32366028E+2,-3.56155783E-1,
5.47E05,2.48000000E+2,2.31977020E+2,1.01746023E+0,
5.48E05,2.39000000E+2,2.31591583E+2,4.79210645E-1,
5.49E05,2.37000000E+2,2.31209686E+2,3.76121283E-1,
5.5E05,2.33000000E+2,2.30831299E+2,1.42076343E-1,
5.51E05,2.24000000E+2,2.30456390E+2,-4.31385726E-1,
5.52E05,2.03000000E+2,2.30084915E+2,-1.90098834E+0,
5.53E05,2.14000000E+2,2.29716843E+2,-1.07438123E+0,
5.54E05,2.26000000E+2,2.29352127E+2,-2.22980171E-1,
5.55E05,2.08000000E+2,2.28990753E+2,-1.45544684E+0,
5.56E05,2.22000000E+2,2.28632675E+2,-4.45156008E-1,
5.57E05,2.21000000E+2,2.28277863E+2,-4.89562035E-1,
5.58E05,2.09000000E+2,2.27926285E+2,-1.30915844E+0,
5.59E05,2.24000000E+2,2.27577911E+2,-2.39059269E-1,
5.6E05,1.89000000E+2,2.27232697E+2,-2.78101945E+0,
5.61E05,2.21000000E+2,2.26890625E+2,-3.96246314E-1,
5.62E05,2.27000000E+2,2.26551666E+2,2.97569539E-2,
5.63E05,2.19000000E+2,2.26215790E+2,-4.87597883E-1,
5.64E05,2.40000000E+2,2.25882950E+2,9.11251664E-1,
5.65E05,2.39000000E+2,2.25553131E+2,8.69805634E-1,
5.66E05,2.33000000E+2,2.25226288E+2,5.09272814E-1,
5.67E05,2.19000000E+2,2.24902405E+2,-3.98847550E-1,
5.68E05,2.20000000E+2,2.24581451E+2,-3.08881372E-1,
5.69E05,2.13000000E+2,2.24263397E+2,-7.71755278E-1,
5.7E05,2.08000000E+2,2.23948227E+2,-1.10581064E+0,
5.71E05,2.39000000E+2,2.23635880E+2,9.93822336E-1,
5.72E05,2.18000000E+2,2.23326355E+2,-3.60746264E-1,
5.73E05,2.23000000E+2,2.23019608E+2,-1.31301826E-3,
5.74E05,2.16000000E+2,2.22715637E+2,-4.56941247E-1,
5.75E05,2.04000000E+2,2.22414383E+2,-1.28926468E+0,
5.76E05,2.65000000E+2,2.22115845E+2,2.63435268E+0,
5.77E05,2.33000000E+2,2.21819977E+2,7.32427657E-1,
5.78E05,2.05000000E+2,2.21526764E+2,-1.15427923E+0,
5.79E05,2.37000000E+2,2.21236191E+2,1.02396941E+0,
5.8E05,2.21000000E+2,2.20948212E+2,3.48366005E-3,
5.81E05,1.98000000E+2,2.20662811E+2,-1.61057591E+0,
5.82E05,2.34000000E+2,2.20379974E+2,8.90368938E-1,
5.83E05,2.15000000E+2,2.20099640E+2,-3.47792566E-1,
5.84E05,2.02000000E+2,2.19821838E+2,-1.25394011E+0,
5.85E05,2.39000000E+2,2.19546494E+2,1.25834274E+0,
5.86E05,2.21000000E+2,2.19273621E+2,1.16128847E-1,
5.87E05,2.34000000E+2,2.19003174E+2,9.80373204E-1,
5.88E05,2.20000000E+2,2.18735138E+2,8.52769837E-2,
5.89E05,2.27000000E+2,2.18469482E+2,5.66190302E-1,
5.9E05,2.11000000E+2,2.18206192E+2,-4.96094733E-1,
5.91E05,2.17000000E+2,2.17945236E+2,-6.41668141E-2,
5.92E05,2.03000000E+2,2.17686615E+2,-1.03079832E+0,
5.93E05,2.15000000E+2,2.17430267E+2,-1.65742859E-1,
5.94E05,2.30000000E+2,2.17176208E+2,8.45575750E-1,
5.95E05,2.25000000E+2,2.16924408E+2,5.38372815E-1,
5.96E05,2.40000000E+2,2.16674835E+2,1.50563300E+0,
5.97E05,2.24000000E+2,2.16427460E+2,5.05961657E-1,
5.98E05,2.14000000E+2,2.16182281E+2,-1.49177685E-1,
5.99E05,1.93000000E+2,2.15939270E+2,-1.65120482E+0,
6E05,2.40000000E+2,2.15698410E+2,1.56866097E+0,
6.01E05,2.21000000E+2,2.15459686E+2,3.72681826E-1,
6.02E05,2.14000000E+2,2.15223053E+2,-8.36061761E-2,
6.03E05,2.05000000E+2,2.14988525E+2,-6.97628856E-1,
6.04E05,1.95000000E+2,2.14756058E+2,-1.41476071E+0,
6.05E05,2.22000000E+2,2.14525635E+2,5.01646578E-1,
6.06E05,2.02000000E+2,2.14297241E+2,-8.65230858E-1,
6.07E05,2.07000000E+2,2.14070862E+2,-4.91458863E-1,
6.08E05,2.15000000E+2,2.13846481E+2,7.86693171E-2,
6.09E05,2.26000000E+2,2.13624054E+2,8.23235691E-1,
6.1E05,2.09000000E+2,2.13403595E+2,-3.04603040E-1,
6.11E05,2.26000000E+2,2.13185074E+2,8.52436185E-1,
6.12E05,2.04000000E+2,2.12968475E+2,-6.27918899E-1,
6.13E05,2.39000000E+2,2.12753769E+2,1.69772756E+0,
6.14E05,2.07000000E+2,2.12540955E+2,-3.85122955E-1,
6.15E05,2.40000000E+2,2.12330002E+2,1.78609073E+0,
6.16E05,1.90000000E+2,2.12120880E+2,-1.60481739E+0,
6.17E05,2.14000000E+2,2.11913605E+2,1.42623037E-1,
6.18E05,2.04000000E+2,2.11708145E+2,-5.39678097E-1,
6.19E05,2.29000000E+2,2.11504486E+2,1.15613616E+0,
6.2E05,2.05000000E+2,2.11302597E+2,-4.40192461E-1,
6.21E05,2.01000000E+2,2.11102478E+2,-7.12573826E-1,
6.22E05,2.21000000E+2,2.10904114E+2,6.79122806E-1,
6.23E05,2.14000000E+2,2.10707474E+2,2.25072458E-1,
6.24E05,2.07000000E+2,2.10512543E+2,-2.44138598E-1,
6.25E05,2.09000000E+2,2.10319321E+2,-9.12593156E-2,
6.26E05,1.95000000E+2,2.10127777E+2,-1.08332264E+0,
6.27E05,1.83000000E+2,2.09937912E+2,-1.99130774E+0,
6.28E05,1.88000000E+2,2.09749695E+2,-1.58625948E+0,
6.29E05,2.19000000E+2,2.09563110E+2,6.37685895E-1,
6.3E05,2.07000000E+2,2.09378159E+2,-1.65293440E-1,
6.31E05,2.10000000E+2,2.09194809E+2,5.55634610E-2,
6.32E05,2.33000000E+2,2.09013062E+2,1.57143664E+0,
6.33E05,1.80000000E+2,2.08832886E+2,-2.14907646E+0,
6.34E05,2.38000000E+2,2.08654282E+2,1.90220046E+0,
6.35E05,2.11000000E+2,2.08477219E+2,1.73675433E-1,
6.36E05,2.07000000E+2,2.08301697E+2,-9.04741809E-2,
6.37E05,1.91000000E+2,2.08127701E+2,-1.23931694E+0,
6.38E05,2.18000000E+2,2.07955215E+2,6.80318654E-1,
6.39E05,2.03000000E+2,2.07784210E+2,-3.35785717E-1,
6.4E05,1.91000000E+2,2.07614700E+2,-1.20219755E+0,
6.41E05,1.96000000E+2,2.07446655E+2,-8.17618251E-1,
6.42E05,2.32000000E+2,2.07280075E+2,1.62294257E+0,
6.43E05,1.71000000E+2,2.07114929E+2,-2.76177764E+0,
6.44E05,2.19000000E+2,2.06951202E+2,8.14182281E-1,
6.45E05,2.28000000E+2,2.06788895E+2,1.40473974E+0,
6.46E05,2.07000000E+2,2.06627991E+2,2.58564316E-2,
6.47E05,2.20000000E+2,2.06468491E+2,9.12294149E-1,
6.48E05,1.90000000E+2,2.06310349E+2,-1.18327713E+0,
6.49E05,1.90000000E+2,2.06153595E+2,-1.17190492E+0,
6.5E05,1.99000000E+2,2.05998169E+2,-4.96087044E-1,
6.51E05,2.30000000E+2,2.05844101E+2,1.59279275E+0,
6.52E05,1.90000000E+2,2.05691360E+2,-1.13837099E+0,
6.53E05,2.10000000E+2,2.05539932E+2,3.07773918E-1,
6.54E05,2.19000000E+2,2.05389801E+2,9.19691980E-1,
6.55E05,1.89000000E+2,2.05240967E+2,-1.18135643E+0,
6.56E05,2.08000000E+2,2.05093414E+2,2.01535463E-1,
6.57E05,2.12000000E+2,2.04947144E+2,4.84392166E-1,
6.58E05,2.05000000E+2,2.04802124E+2,1.38202580E-2,
6.59E05,1.95000000E+2,2.04658356E+2,-6.91649258E-1,
6.6E05,2.29000000E+2,2.04515808E+2,1.61796093E+0,
6.61E05,2.07000000E+2,2.04374512E+2,1.82484046E-1,
6.62E05,2.16000000E+2,2.04234406E+2,8.00547302E-1,
6.63E05,1.80000000E+2,2.04095520E+2,-1.79597402E+0,
6.64E05,2.10000000E+2,2.03957825E+2,4.16949719E-1,
6.65E05,2.13000000E+2,2.03821304E+2,6.28913879E-1,
6.66E05,2.15000000E+2,2.03685959E+2,7.71611214E-1,
6.67E05,1.98000000E+2,2.03551773E+2,-3.94547343E-1,
6.68E05,1.93000000E+2,2.03418732E+2,-7.49956727E-1,
6.69E05,2.07000000E+2,2.03286850E+2,2.58081764E-1,
6.7E05,1.97000000E+2,2.03156082E+2,-4.38602686E-1,
6.71E05,2.24000000E+2,2.03026443E+2,1.40135467E+0,
6.72E05,2.18000000E+2,2.02897903E+2,1.02284300E+0,
6.73E05,2.43000000E+2,2.02770477E+2,2.58072495E+0,
6.74E05,2.14000000E+2,2.02644135E+2,7.76270986E-1,
6.75E05,1.99000000E+2,2.02518890E+2,-2.49447525E-1,
6.76E05,1.95000000E+2,2.02394699E+2,-5.29545426E-1,
6.77E05,2.48000000E+2,2.02271576E+2,2.90375781E+0,
6.78E05,1.98000000E+2,2.02149506E+2,-2.94892520E-1,
6.79E05,2.27000000E+2,2.02028473E+2,1.65741849E+0,
6.8E05,2.03000000E+2,2.01908478E+2,7.66098425E-2,
6.81E05,2.26000000E+2,2.01789520E+2,1.61045718E+0,
6.82E05,1.90000000E+2,2.01671570E+2,-8.46744716E-1,
6.83E05,2.09000000E+2,2.01554626E+2,5.15007257E-1,
6.84E05,2.16000000E+2,2.01438675E+2,9.90772665E-1,
6.85E05,2.11000000E+2,2.01323730E+2,6.66141868E-1,
6.86E05,2.15000000E+2,2.01209747E+2,9.40487444E-1,
6.87E05,2.10000000E+2,2.01096741E+2,6.14383280E-1,
6.88E05,2.04000000E+2,2.00984711E+2,2.11112484E-1,
6.89E05,1.99000000E+2,2.00873627E+2,-1.32817879E-1,
6.9E05,2.06000000E+2,2.00763489E+2,3.64845037E-1,
6.91E05,1.83000000E+2,2.00654297E+2,-1.30504310E+0,
6.92E05,2.04000000E+2,2.00546021E+2,2.41826937E-1,
6.93E05,1.76000000E+2,2.00438690E+2,-1.84213567E+0,
6.94E05,2.15000000E+2,2.00332260E+2,1.00033152E+0,
6.95E05,1.98000000E+2,2.00226730E+2,-1.58246830E-1,
6.96E05,2.06000000E+2,2.00122101E+2,4.09532636E-1,
6.97E05,2.07000000E+2,2.00018372E+2,4.85256702E-1,
6.98E05,2.08000000E+2,1.99915512E+2,5.60558379E-1,
6.99E05,2.09000000E+2,1.99813538E+2,6.35440886E-1,
7E05,1.94000000E+2,1.99712433E+2,-4.10128772E-1,
7.01E05,1.93000000E+2,1.99612183E+2,-4.75955307E-1,
7.02E05,1.88000000E+2,1.99512787E+2,-8.39656293E-1,
7.03E05,2.17000000E+2,1.99414230E+2,1.19379985E+0,
7.04E05,2.19000000E+2,1.99316513E+2,1.33008671E+0,
7.05E05,1.95000000E+2,1.99219635E+2,-3.02174330E-1,
7.06E05,2.06000000E+2,1.99123566E+2,4.79103893E-1,
7.07E05,1.82000000E+2,1.99028320E+2,-1.26222312E+0,
7.08E05,1.92000000E+2,1.98933884E+2,-5.00409961E-1,
7.09E05,1.93000000E+2,1.98840240E+2,-4.20389712E-1,
7.1E05,2.00000000E+2,1.98747406E+2,8.85717720E-2,
7.11E05,1.95000000E+2,1.98655350E+2,-2.61765033E-1,
7.12E05,1.99000000E+2,1.98564072E+2,3.09021417E-2,
7.13E05,1.94000000E+2,1.98473572E+2,-3.21183741E-1,
7.14E05,2.05000000E+2,1.98383835E+2,4.62093025E-1,
7.15E05,1.98000000E+2,1.98294876E+2,-2.09559314E-2,
7.16E05,2.11000000E+2,1.98206650E+2,8.80730569E-1,
7.17E05,1.71000000E+2,1.98119186E+2,-2.07385612E+0,
7.18E05,2.06000000E+2,1.98032455E+2,5.55125117E-1,
7.19E05,2.02000000E+2,1.97946457E+2,2.85206288E-1,
7.2E05,2.09000000E+2,1.97861191E+2,7.70487547E-1,
7.21E05,1.99000000E+2,1.97776657E+2,8.67204815E-2,
7.22E05,2.05000000E+2,1.97692825E+2,5.10355234E-1,
7.23E05,1.93000000E+2,1.97609711E+2,-3.31814229E-1,
7.24E05,2.14000000E+2,1.97527298E+2,1.12605071E+0,
7.25E05,2.10000000E+2,1.97445572E+2,8.66337836E-1,
7.26E05,1.86000000E+2,1.97364548E+2,-8.33289087E-1,
7.27E05,2.00000000E+2,1.97284210E+2,1.92035332E-1,
7.28E05,2.06000000E+2,1.97204559E+2,6.12807393E-1,
7.29E05,1.96000000E+2,1.97125565E+2,-8.03974718E-2,
7.3E05,1.94000000E+2,1.97047241E+2,-2.18779162E-1,
7.31E05,2.29000000E+2,1.96969589E+2,2.11662912E+0,
7.32E05,1.89000000E+2,1.96892593E+2,-5.74101686E-1,
7.33E05,1.84000000E+2,1.96816238E+2,-9.44825649E-1,
7.34E05,1.95000000E+2,1.96740540E+2,-1.24642625E-1,
7.35E05,1.94000000E+2,1.96665466E+2,-1.91369325E-1,
7.36E05,1.87000000E+2,1.96591049E+2,-7.01366961E-1,
7.37E05,1.90000000E+2,1.96517242E+2,-4.72810477E-1,
7.38E05,1.97000000E+2,1.96444061E+2,3.96089926E-2,
7.39E05,1.94000000E+2,1.96371506E+2,-1.70264184E-1,
7.4E05,2.01000000E+2,1.96299561E+2,3.31543446E-1,
7.41E05,1.87000000E+2,1.96228210E+2,-6.74833596E-1,
7.42E05,1.91000000E+2,1.96157471E+2,-3.73181492E-1,
7.43E05,1.94000000E+2,1.96087326E+2,-1.49861276E-1,
7.44E05,1.99000000E+2,1.96017776E+2,2.11404219E-1,
7.45E05,2.10000000E+2,1.95948822E+2,9.69623446E-1,
7.46E05,1.89000000E+2,1.95880432E+2,-5.00477791E-1,
7.47E05,1.86000000E+2,1.95812637E+2,-7.19497502E-1,
7.48E05,2.02000000E+2,1.95745407E+2,4.40071613E-1,
7.49E05,2.01000000E+2,1.95678741E+2,3.75332624E-1,
7.5E05,1.75000000E+2,1.95612625E+2,-1.55816793E+0,
7.51E05,2.04000000E+2,1.95547089E+2,5.91822207E-1,
7.52E05,1.97000000E+2,1.95482086E+2,1.08146884E-1,
7.53E05,2.18000000E+2,1.95417648E+2,1.52946985E+0,
7.54E05,2.29000000E+2,1.95353745E+2,2.22340727E+0,
7.55E05,1.91000000E+2,1.95290375E+2,-3.10440630E-1,
7.56E05,2.06000000E+2,1.95227539E+2,7.50552893E-1,
7.57E05,2.17000000E+2,1.95165237E+2,1.48224032E+0,
7.58E05,1.90000000E+2,1.95103455E+2,-3.70243520E-1,
7.59E05,2.17000000E+2,1.95042206E+2,1.49059224E+0,
7.6E05,1.85000000E+2,1.94981461E+2,-7.33851612E-1,
7.61E05,2.19000000E+2,1.94921234E+2,1.62709212E+0,
7.62E05,2.06000000E+2,1.94861511E+2,7.76055276E-1,
7.63E05,1.77000000E+2,1.94802292E+2,-1.33810222E+0,
7.64E05,1.82000000E+2,1.94743561E+2,-9.44615602E-1,
7.65E05,1.58000000E+2,1.94685333E+2,-2.91852856E+0,
7.66E05,2.03000000E+2,1.94627594E+2,5.87627709E-1,
7.67E05,2.29000000E+2,1.94570343E+2,2.27517581E+0,
7.68E05,1.78000000E+2,1.94513580E+2,-1.23774517E+0,
7.69E05,2.08000000E+2,1.94457275E+2,9.39019024E-1,
7.7E05,2.02000000E+2,1.94401459E+2,5.34631491E-1,
7.71E05,1.99000000E+2,1.94346115E+2,3.29905152E-1,
7.72E05,1.69000000E+2,1.94291229E+2,-1.94547915E+0,
7.73E05,1.87000000E+2,1.94236801E+2,-5.29207289E-1,
7.74E05,2.27000000E+2,1.94182831E+2,2.17815208E+0,
7.75E05,2.19000000E+2,1.94129318E+2,1.68060493E+0,
7.76E05,2.10000000E+2,1.94076263E+2,1.09884226E+0,
7.77E05,1.99000000E+2,1.94023651E+2,3.52764010E-1,
7.78E05,1.96000000E+2,1.93971466E+2,1.44895285E-1,
7.79E05,1.98000000E+2,1.93919739E+2,2.89971530E-1,
7.8E05,1.63000000E+2,1.93868423E+2,-2.41780138E+0,
7.81E05,1.71000000E+2,1.93817566E+2,-1.74490285E+0,
7.82E05,2.03000000E+2,1.93767120E+2,6.48021102E-1,
7.83E05,2.24000000E+2,1.93717102E+2,2.02336121E+0,
7.84E05,2.01000000E+2,1.93667496E+2,5.17194986E-1,
7.85E05,1.99000000E+2,1.93618317E+2,3.81497413E-1,
7.86E05,1.97000000E+2,1.93569550E+2,2.44409472E-1,
7.87E05,2.15000000E+2,1.93521179E+2,1.46484339E+0,
7.88E05,2.08000000E+2,1.93473221E+2,1.00725091E+0,
7.89E05,1.91000000E+2,1.93425674E+2,-1.75515637E-1,
7.9E05,1.87000000E+2,1.93378525E+2,-4.66443926E-1,
7.91E05,2.01000000E+2,1.93331772E+2,5.40875077E-1,
7.92E05,2.01000000E+2,1.93285400E+2,5.44145882E-1,
7.93E05,2.08000000E+2,1.93239426E+2,1.02346170E+0,
7.94E05,1.91000000E+2,1.93193832E+2,-1.58740148E-1,
7.95E05,2.20000000E+2,1.93148621E+2,1.81031954E+0,
7.96E05,1.84000000E+2,1.93103790E+2,-6.71140313E-1,
7.97E05,1.77000000E+2,1.93059341E+2,-1.20709407E+0,
7.98E05,1.87000000E+2,1.93015259E+2,-4.39879298E-1,
7.99E05,1.91000000E+2,1.92971558E+2,-1.42656907E-1,
8E05,2.03000000E+2,1.92928207E+2,7.06901252E-1,
8.01E05,1.86000000E+2,1.92885239E+2,-5.04850209E-1,
8.02E05,1.83000000E+2,1.92842621E+2,-7.27587461E-1,
8.03E05,1.87000000E+2,1.92800354E+2,-4.24163908E-1,
8.04E05,1.95000000E+2,1.92758438E+2,1.60521582E-1,
8.05E05,2.11000000E+2,1.92716888E+2,1.25866139E+0,
8.06E05,2.05000000E+2,1.92675674E+2,8.60768259E-1,
8.07E05,1.85000000E+2,1.92634811E+2,-5.61322510E-1,
8.08E05,2.20000000E+2,1.92594299E+2,1.84769189E+0,
8.09E05,1.76000000E+2,1.92554123E+2,-1.24781394E+0,
8.1E05,1.99000000E+2,1.92514267E+2,4.59761411E-1,
8.11E05,1.81000000E+2,1.92474762E+2,-8.52912366E-1,
8.12E05,2.05000000E+2,1.92435577E+2,8.77537370E-1,
8.13E05,1.87000000E+2,1.92396729E+2,-3.94647866E-1,
8.14E05,1.95000000E+2,1.92358215E+2,1.89182132E-1,
8.15E05,1.94000000E+2,1.92320007E+2,1.20616443E-1,
8.16E05,1.83000000E+2,1.92282120E+2,-6.86154008E-1,
8.17E05,1.77000000E+2,1.92244568E+2,-1.14585185E+0,
8.18E05,2.07000000E+2,1.92207306E+2,1.02816331E+0,
8.19E05,1.90000000E+2,1.92170364E+2,-1.57454789E-1,
8.2E05,1.96000000E+2,1.92133743E+2,2.76161194E-1,
8.21E05,2.15000000E+2,1.92097412E+2,1.56194353E+0,
8.22E05,2.02000000E+2,1.92061401E+2,6.99277341E-1,
8.23E05,1.92000000E+2,1.92025681E+2,-1.85333355E-3,
8.24E05,1.86000000E+2,1.91990265E+2,-4.39227521E-1,
8.25E05,1.91000000E+2,1.91955139E+2,-6.91114441E-2,
8.26E05,1.90000000E+2,1.91920319E+2,-1.39314562E-1,
8.27E05,2.01000000E+2,1.91885788E+2,6.42866969E-1,
8.28E05,1.85000000E+2,1.91851532E+2,-5.03734648E-1,
8.29E05,1.85000000E+2,1.91817581E+2,-5.01238525E-1,
8.3E05,1.78000000E+2,1.91783905E+2,-1.03314734E+0,
8.31E05,1.82000000E+2,1.91750504E+2,-7.22755432E-1,
8.32E05,1.81000000E+2,1.91717392E+2,-7.96617508E-1,
8.33E05,1.68000000E+2,1.91684555E+2,-1.82730305E+0,
8.34E05,1.87000000E+2,1.91651993E+2,-3.40187401E-1,
8.35E05,1.94000000E+2,1.91619705E+2,1.70895204E-1,
8.36E05,1.76000000E+2,1.91587692E+2,-1.17496657E+0,
8.37E05,2.02000000E+2,1.91555939E+2,7.34841585E-1,
8.38E05,1.95000000E+2,1.91524445E+2,2.48889700E-1,
8.39E05,1.76000000E+2,1.91493225E+2,-1.16784585E+0,
8.4E05,1.83000000E+2,1.91462265E+2,-6.25548601E-1,
8.41E05,2.02000000E+2,1.91431564E+2,7.43592560E-1,
8.42E05,1.85000000E+2,1.91401123E+2,-4.70619947E-1,
8.43E05,2.20000000E+2,1.91370926E+2,1.93017173E+0,
8.44E05,1.77000000E+2,1.91340988E+2,-1.07793462E+0,
8.45E05,1.77000000E+2,1.91311295E+2,-1.07570279E+0,
8.46E05,1.94000000E+2,1.91281860E+2,1.95151046E-1,
8.47E05,2.11000000E+2,1.91252670E+2,1.35946226E+0,
8.48E05,1.98000000E+2,1.91223709E+2,4.81570035E-1,
8.49E05,1.69000000E+2,1.91195007E+2,-1.70730829E+0,
8.5E05,1.88000000E+2,1.91166534E+2,-2.30943248E-1,
8.51E05,2.06000000E+2,1.91138306E+2,1.03546333E+0,
8.52E05,1.86000000E+2,1.91110321E+2,-3.74706924E-1,
8.53E05,1.85000000E+2,1.91082550E+2,-4.47197974E-1,
8.54E05,1.80000000E+2,1.91055023E+2,-8.23992789E-1,
8.55E05,1.81000000E+2,1.91027725E+2,-7.45354950E-1,
8.56E05,2.06000000E+2,1.91000656E+2,1.04505384E+0,
8.57E05,2.12000000E+2,1.90973816E+2,1.44408429E+0,
8.58E05,1.82000000E+2,1.90947205E+2,-6.63210928E-1,
8.59E05,2.08000000E+2,1.90920807E+2,1.18422902E+0,
8.6E05,1.88000000E+2,1.90894623E+2,-2.11112067E-1,
8.61E05,2.18000000E+2,1.90868668E+2,1.83756566E+0,
8.62E05,1.97000000E+2,1.90842926E+2,4.38673347E-1,
8.63E05,2.13000000E+2,1.90817413E+2,1.51992583E+0,
8.64E05,2.13000000E+2,1.90792099E+2,1.52166033E+0,
8.65E05,1.78000000E+2,1.90766998E+2,-9.56927001E-1,
8.66E05,1.77000000E+2,1.90742111E+2,-1.03292036E+0,
8.67E05,1.85000000E+2,1.90717422E+2,-4.20353264E-1,
8.68E05,2.31000000E+2,1.90692947E+2,2.65200925E+0,
8.69E05,1.98000000E+2,1.90668671E+2,5.21014869E-1,
8.7E05,1.87000000E+2,1.90644608E+2,-2.66520113E-1,
8.71E05,1.89000000E+2,1.90620743E+2,-1.17891692E-1,
8.72E05,1.93000000E+2,1.90597076E+2,1.72966227E-1,
8.73E05,1.93000000E+2,1.90573608E+2,1.74655482E-1,
8.74E05,2.03000000E+2,1.90550323E+2,8.73795986E-1,
8.75E05,1.73000000E+2,1.90527252E+2,-1.33257234E+0,
8.76E05,1.77000000E+2,1.90504364E+2,-1.01505017E+0,
8.77E05,1.86000000E+2,1.90481659E+2,-3.28611165E-1,
8.78E05,2.02000000E+2,1.90459152E+2,8.12011182E-1,
8.79E05,1.97000000E+2,1.90436844E+2,4.67605501E-1,
8.8E05,1.85000000E+2,1.90414703E+2,-3.98096919E-1,
8.81E05,1.95000000E+2,1.90392761E+2,3.29931229E-1,
8.82E05,1.87000000E+2,1.90370987E+2,-2.46510983E-1,
8.83E05,1.81000000E+2,1.90349411E+2,-6.94936275E-1,
8.84E05,1.86000000E+2,1.90328003E+2,-3.17344576E-1,
8.85E05,1.76000000E+2,1.90306778E+2,-1.07841396E+0,
8.86E05,1.73000000E+2,1.90285736E+2,-1.31421018E+0,
8.87E05,1.72000000E+2,1.90264862E+2,-1.39268267E+0,
8.88E05,2.19000000E+2,1.90244171E+2,1.94313884E+0,
8.89E05,1.93000000E+2,1.90223648E+2,1.99846178E-1,
8.9E05,1.98000000E+2,1.90203293E+2,5.54087877E-1,
8.91E05,1.84000000E+2,1.90183105E+2,-4.55824584E-1,
8.92E05,1.82000000E+2,1.90163101E+2,-6.05089307E-1,
8.93E05,1.97000000E+2,1.90143250E+2,4.88523245E-1,
8.94E05,2.06000000E+2,1.90123566E+2,1.10616362E+0,
8.95E05,2.04000000E+2,1.90104050E+2,9.72911119E-1,
8.96E05,2.06000000E+2,1.90084702E+2,1.10887134E+0,
8.97E05,1.82000000E+2,1.90065506E+2,-5.97855091E-1,
8.98E05,1.93000000E+2,1.90046478E+2,2.12599143E-1,
8.99E05,1.90000000E+2,1.90027603E+2,-2.00254307E-3,
9E05,1.84000000E+2,1.90008881E+2,-4.42980558E-1,
9.01E05,1.99000000E+2,1.89990326E+2,6.38678849E-1,
9.02E05,2.05000000E+2,1.89971924E+2,1.04960632E+0,
9.03E05,1.90000000E+2,1.89953674E+2,3.36081837E-3,
9.04E05,1.96000000E+2,1.89935577E+2,4.33173031E-1,
9.05E05,1.66000000E+2,1.89917618E+2,-1.85636711E+0,
9.06E05,2.13000000E+2,1.89899826E+2,1.58279788E+0,
9.07E05,1.78000000E+2,1.89882172E+2,-8.90606403E-1,
9.08E05,1.94000000E+2,1.89864670E+2,2.96899408E-1,
9.09E05,1.86000000E+2,1.89847321E+2,-2.82099217E-1,
9.1E05,2.11000000E+2,1.89830109E+2,1.45739543E+0,
9.11E05,1.77000000E+2,1.89813034E+2,-9.63086605E-1,
9.12E05,1.70000000E+2,1.89796112E+2,-1.51829255E+0,
9.13E05,1.89000000E+2,1.89779327E+2,-5.66877238E-2,
9.14E05,1.95000000E+2,1.89762680E+2,3.75052273E-1,
9.15E05,1.89000000E+2,1.89746185E+2,-5.42769916E-2,
9.16E05,1.68000000E+2,1.89729813E+2,-1.67649150E+0,
9.17E05,2.15000000E+2,1.89713577E+2,1.72451973E+0,
9.18E05,1.92000000E+2,1.89697479E+2,1.66170120E-1,
9.19E05,1.92000000E+2,1.89681519E+2,1.67321995E-1,
9.2E05,1.83000000E+2,1.89665695E+2,-4.92742360E-1,
9.21E05,1.78000000E+2,1.89649994E+2,-8.73203993E-1,
9.22E05,2.02000000E+2,1.89634430E+2,8.70038450E-1,
9.23E05,2.00000000E+2,1.89619003E+2,7.34047294E-1,
9.24E05,1.93000000E+2,1.89603699E+2,2.44471118E-1,
9.25E05,1.86000000E+2,1.89588516E+2,-2.63122767E-1,
9.26E05,1.77000000E+2,1.89573456E+2,-9.45078790E-1,
9.27E05,1.59000000E+2,1.89558533E+2,-2.42344928E+0,
9.28E05,1.73000000E+2,1.89543732E+2,-1.25779665E+0,
9.29E05,1.96000000E+2,1.89529053E+2,4.62210506E-1,
9.3E05,1.93000000E+2,1.89514496E+2,2.50892073E-1,
9.31E05,1.81000000E+2,1.89500061E+2,-6.31804585E-1,
9.32E05,2.16000000E+2,1.89485748E+2,1.80406630E+0,
9.33E05,1.92000000E+2,1.89471558E+2,1.82474613E-1,
9.34E05,2.13000000E+2,1.89457474E+2,1.61310732E+0,
9.35E05,2.09000000E+2,1.89443512E+2,1.35275054E+0,
9.36E05,2.16000000E+2,1.89429672E+2,1.80788183E+0,
9.37E05,1.92000000E+2,1.89415939E+2,1.86488524E-1,
9.38E05,1.97000000E+2,1.89402328E+2,5.41311681E-1,
9.39E05,1.73000000E+2,1.89388824E+2,-1.24601924E+0,
9.4E05,1.78000000E+2,1.89375443E+2,-8.52625489E-1,
9.41E05,1.89000000E+2,1.89362167E+2,-2.63437983E-2,
9.42E05,1.88000000E+2,1.89348999E+2,-9.83858630E-2,
9.43E05,1.98000000E+2,1.89335953E+2,6.15727007E-1,
9.44E05,2.07000000E+2,1.89322998E+2,1.22863650E+0,
9.45E05,1.78000000E+2,1.89310165E+2,-8.47732723E-1,
9.46E05,2.04000000E+2,1.89297440E+2,1.02938509E+0,
9.47E05,1.98000000E+2,1.89284805E+2,6.19361937E-1,
9.48E05,2.05000000E+2,1.89272293E+2,1.09847069E+0,
9.49E05,2.02000000E+2,1.89259872E+2,8.96392226E-1,
9.5E05,1.83000000E+2,1.89247559E+2,-4.61832821E-1,
9.51E05,1.95000000E+2,1.89235352E+2,4.12815064E-1,
9.52E05,1.88000000E+2,1.89223251E+2,-8.92147720E-2,
9.53E05,1.88000000E+2,1.89211243E+2,-8.83389488E-2,
9.54E05,1.76000000E+2,1.89199326E+2,-9.94936585E-1,
9.55E05,1.77000000E+2,1.89187531E+2,-9.16070879E-1,
9.56E05,1.98000000E+2,1.89175812E+2,6.27107739E-1,
9.57E05,1.82000000E+2,1.89164200E+2,-5.31045854E-1,
9.58E05,1.95000000E+2,1.89152695E+2,4.18734223E-1,
9.59E05,1.76000000E+2,1.89141266E+2,-9.90560174E-1,
9.6E05,1.84000000E+2,1.89129944E+2,-3.78184468E-1,
9.61E05,1.83000000E+2,1.89118729E+2,-4.52309430E-1,
9.62E05,1.72000000E+2,1.89107590E+2,-1.30444145E+0,
9.63E05,1.89000000E+2,1.89096542E+2,-7.02242320E-3,
9.64E05,1.99000000E+2,1.89085587E+2,7.02814102E-1,
9.65E05,1.94000000E+2,1.89074738E+2,3.53613228E-1,
9.66E05,2.08000000E+2,1.89063965E+2,1.31297779E+0,
9.67E05,1.72000000E+2,1.89053284E+2,-1.30030072E+0,
9.68E05,1.86000000E+2,1.89042694E+2,-2.23101154E-1,
9.69E05,1.92000000E+2,1.89032196E+2,2.14182809E-1,
9.7E05,1.95000000E+2,1.89021790E+2,4.28108543E-1,
9.71E05,1.98000000E+2,1.89011459E+2,6.38787746E-1,
9.72E05,1.96000000E+2,1.89001221E+2,4.99912798E-1,
9.73E05,1.86000000E+2,1.88991058E+2,-2.19315037E-1,
9.74E05,1.81000000E+2,1.88980988E+2,-5.93222141E-1,
9.75E05,1.91000000E+2,1.88971008E+2,1.46812692E-1,
9.76E05,1.88000000E+2,1.88961090E+2,-7.00946972E-2,
9.77E05,2.03000000E+2,1.88951279E+2,9.86026943E-1,
9.78E05,1.98000000E+2,1.88941544E+2,6.43756449E-1,
9.79E05,2.01000000E+2,1.88931885E+2,8.51219237E-1,
9.8E05,2.01000000E+2,1.88922302E+2,8.51895094E-1,
9.81E05,2.01000000E+2,1.88912796E+2,8.52565646E-1,
9.82E05,1.83000000E+2,1.88903381E+2,-4.36390489E-1,
9.83E05,1.91000000E+2,1.88894043E+2,1.52381703E-1,
9.84E05,1.82000000E+2,1.88884781E+2,-5.10333896E-1,
9.85E05,1.81000000E+2,1.88875595E+2,-5.85388362E-1,
9.86E05,1.94000000E+2,1.88866486E+2,3.68564844E-1,
9.87E05,2.05000000E+2,1.88857452E+2,1.12744439E+0,
9.88E05,1.77000000E+2,1.88848495E+2,-8.90587449E-1,
9.89E05,1.96000000E+2,1.88839615E+2,5.11456072E-1,
9.9E05,1.71000000E+2,1.88830811E+2,-1.36355615E+0,
9.91E05,2.10000000E+2,1.88822067E+2,1.46141624E+0,
9.92E05,2.03000000E+2,1.88813400E+2,9.95704114E-1,
9.93E05,1.72000000E+2,1.88804810E+2,-1.28135467E+0,
9.94E05,1.95000000E+2,1.88796295E+2,4.44256544E-1,
9.95E05,1.85000000E+2,1.88787857E+2,-2.78488785E-1,
9.96E05,1.67000000E+2,1.88779480E+2,-1.68534684E+0,
9.97E05,1.90000000E+2,1.88771164E+2,8.91491398E-2,
9.98E05,1.93000000E+2,1.88762924E+2,3.04991394E-1,
9.99E05,1.94000000E+2,1.88754761E+2,3.76586229E-1,
1E06,1.97000000E+2,1.88746658E+2,5.88026226E-1,
1.001E006,1.89000000E+2,1.88738617E+2,1.90128200E-2,
1.002E006,1.74000000E+2,1.88730652E+2,-1.11672783E+0,
1.003E006,2.01000000E+2,1.88722748E+2,8.65970612E-1,
1.004E006,1.96000000E+2,1.88714920E+2,5.20362854E-1,
1.005E006,1.83000000E+2,1.88707153E+2,-4.21884894E-1,
1.006E006,1.81000000E+2,1.88699448E+2,-5.72295427E-1,
1.007E006,1.73000000E+2,1.88691803E+2,-1.19302571E+0,
1.008E006,1.95000000E+2,1.88684219E+2,4.52282459E-1,
1.009E006,2.00000000E+2,1.88676712E+2,8.00677359E-1,
1.01E06,1.90000000E+2,1.88669266E+2,9.65416133E-2,
1.011E006,1.96000000E+2,1.88661865E+2,5.24152458E-1,
1.012E006,1.96000000E+2,1.88654541E+2,5.24675608E-1,
1.013E006,1.95000000E+2,1.88647278E+2,4.54927891E-1,
1.014E006,1.88000000E+2,1.88640076E+2,-4.66823168E-2,
1.015E006,1.95000000E+2,1.88632919E+2,4.55956131E-1,
1.016E006,1.94000000E+2,1.88625839E+2,3.85842264E-1,
1.017E006,1.97000000E+2,1.88618805E+2,5.97135425E-1,
1.018E006,1.66000000E+2,1.88611832E+2,-1.75501847E+0,
1.019E006,1.82000000E+2,1.88604935E+2,-4.89590347E-1,
1.02E06,2.24000000E+2,1.88598068E+2,2.36539102E+0,
1.021E006,1.82000000E+2,1.88591278E+2,-4.88578051E-1,
1.022E006,1.76000000E+2,1.88584534E+2,-9.48594928E-1,
1.023E006,1.95000000E+2,1.88577850E+2,4.59899694E-1,
1.024E006,1.75000000E+2,1.88571228E+2,-1.02588844E+0,
1.025E006,1.78000000E+2,1.88564651E+2,-7.91854084E-1,
1.026E006,1.95000000E+2,1.88558136E+2,4.61311460E-1,
1.027E006,1.71000000E+2,1.88551666E+2,-1.34220946E+0,
1.028E006,1.81000000E+2,1.88545258E+2,-5.60834587E-1,
1.029E006,1.99000000E+2,1.88538910E+2,7.41567016E-1,
1.03E06,1.72000000E+2,1.88532608E+2,-1.26059949E+0,
1.031E006,1.87000000E+2,1.88526352E+2,-1.11617908E-1,
1.032E006,1.89000000E+2,1.88520157E+2,3.49034518E-2,
1.033E006,1.77000000E+2,1.88514008E+2,-8.65445793E-1,
1.034E006,1.94000000E+2,1.88507904E+2,3.94309491E-1,
1.035E006,2.10000000E+2,1.88501862E+2,1.48351252E+0,
1.036E006,2.12000000E+2,1.88495865E+2,1.61427069E+0,
1.037E006,2.08000000E+2,1.88489929E+2,1.35277998E+0,
1.038E006,1.95000000E+2,1.88484024E+2,4.66618747E-1,
1.039E006,1.93000000E+2,1.88478180E+2,3.25487733E-1,
1.04E06,1.98000000E+2,1.88472382E+2,6.77098334E-1,
1.041E006,1.79000000E+2,1.88466629E+2,-7.07569063E-1,
1.042E006,2.16000000E+2,1.88460938E+2,1.87379587E+0,
1.043E006,1.65000000E+2,1.88455276E+2,-1.82599080E+0,
1.044E006,1.82000000E+2,1.88449677E+2,-4.78081822E-1,
1.045E006,1.69000000E+2,1.88444107E+2,-1.49570060E+0,
1.046E006,2.07000000E+2,1.88438599E+2,1.29010653E+0,
1.047E006,2.01000000E+2,1.88433136E+2,8.86398256E-1,
1.048E006,2.06000000E+2,1.88427704E+2,1.22431993E+0,
1.049E006,1.97000000E+2,1.88422333E+2,6.11133456E-1,
1.05E06,2.01000000E+2,1.88417007E+2,8.87535870E-1,
1.051E006,1.99000000E+2,1.88411713E+2,7.50583768E-1,
1.052E006,1.94000000E+2,1.88406464E+2,4.01592493E-1,
1.053E006,1.80000000E+2,1.88401276E+2,-6.26194119E-1,
1.054E006,2.09000000E+2,1.88396118E+2,1.42520022E+0,
1.055E006,1.80000000E+2,1.88390991E+2,-6.25427544E-1,
1.056E006,1.81000000E+2,1.88385925E+2,-5.48991501E-1,
1.057E006,1.90000000E+2,1.88380890E+2,1.17462598E-1,
1.058E006,1.98000000E+2,1.88375916E+2,6.83953881E-1,
1.059E006,1.92000000E+2,1.88370956E+2,2.61903673E-1,
1.06E06,1.84000000E+2,1.88366058E+2,-3.21870089E-1,
1.061E006,2.05000000E+2,1.88361191E+2,1.16210485E+0,
1.062E006,1.65000000E+2,1.88356369E+2,-1.81829083E+0,
1.063E006,1.88000000E+2,1.88351593E+2,-2.56425552E-2,
1.064E006,1.90000000E+2,1.88346848E+2,1.19932286E-1,
1.065E006,1.90000000E+2,1.88342148E+2,1.20273240E-1,
1.066E006,2.02000000E+2,1.88337479E+2,9.61291611E-1,
1.067E006,1.84000000E+2,1.88332855E+2,-3.19422334E-1,
1.068E006,1.91000000E+2,1.88328262E+2,1.93320155E-1,
1.069E006,1.76000000E+2,1.88323715E+2,-9.28934991E-1,
1.07E06,1.73000000E+2,1.88319199E+2,-1.16469705E+0,
1.071E006,1.86000000E+2,1.88314728E+2,-1.69724077E-1,
1.072E006,2.08000000E+2,1.88310303E+2,1.36523485E+0,
1.073E006,2.04000000E+2,1.88305893E+2,1.09880733E+0,
1.074E006,1.77000000E+2,1.88301529E+2,-8.49474907E-1,
1.075E006,1.83000000E+2,1.88297211E+2,-3.91581088E-1,
1.076E006,1.84000000E+2,1.88292923E+2,-3.16478491E-1,
1.077E006,1.90000000E+2,1.88288666E+2,1.24153234E-1,
1.078E006,2.01000000E+2,1.88284439E+2,8.96886528E-1,
1.079E006,2.07000000E+2,1.88280258E+2,1.30111194E+0,
1.08E06,1.80000000E+2,1.88276108E+2,-6.16864681E-1,
1.081E006,1.62000000E+2,1.88272003E+2,-2.06412363E+0,
1.082E006,1.95000000E+2,1.88267914E+2,4.82094705E-1,
1.083E006,1.92000000E+2,1.88263870E+2,2.69631952E-1,
1.084E006,1.90000000E+2,1.88259857E+2,1.26243234E-1,
1.085E006,1.93000000E+2,1.88255875E+2,3.41489613E-1,
1.086E006,1.87000000E+2,1.88251938E+2,-9.15507674E-2,
1.087E006,1.75000000E+2,1.88248016E+2,-1.00145590E+0,
1.088E006,2.10000000E+2,1.88244141E+2,1.50129700E+0,
1.089E006,1.91000000E+2,1.88240295E+2,1.99685216E-1,
1.09E06,2.04000000E+2,1.88236481E+2,1.10366714E+0,
1.091E006,2.07000000E+2,1.88232697E+2,1.30441773E+0,
1.092E006,1.63000000E+2,1.88228943E+2,-1.97608328E+0,
1.093E006,1.88000000E+2,1.88225220E+2,-1.64258368E-2,
1.094E006,1.79000000E+2,1.88221527E+2,-6.89249277E-1,
1.095E006,2.13000000E+2,1.88217865E+2,1.69804394E+0,
1.096E006,1.70000000E+2,1.88214233E+2,-1.39696789E+0,
1.097E006,2.23000000E+2,1.88210632E+2,2.32966852E+0,
1.098E006,1.81000000E+2,1.88207062E+2,-5.35696685E-1,
1.099E006,1.78000000E+2,1.88203522E+2,-7.64786303E-1,
1.1E06,1.84000000E+2,1.88200012E+2,-3.09629023E-1,
1.101E006,2.08000000E+2,1.88196533E+2,1.37312341E+0,
1.102E006,1.99000000E+2,1.88193085E+2,7.66081929E-1,
1.103E006,1.86000000E+2,1.88189667E+2,-1.60554156E-1,
1.104E006,2.10000000E+2,1.88186264E+2,1.50529087E+0,
1.105E006,1.93000000E+2,1.88182907E+2,3.46741915E-1,
1.106E006,1.94000000E+2,1.88179565E+2,4.17882830E-1,
1.107E006,1.84000000E+2,1.88176254E+2,-3.07877541E-1,
1.108E006,1.90000000E+2,1.88172974E+2,1.32546425E-1,
1.109E006,1.78000000E+2,1.88169708E+2,-7.62251854E-1,
1.11E06,1.84000000E+2,1.88166489E+2,-3.07157636E-1,
1.111E006,1.74000000E+2,1.88163284E+2,-1.07371581E+0,
1.112E006,1.96000000E+2,1.88160110E+2,5.59992075E-1,
1.113E006,2.07000000E+2,1.88156952E+2,1.30968237E+0,
1.114E006,1.83000000E+2,1.88153839E+2,-3.80982757E-1,
1.115E006,2.03000000E+2,1.88150742E+2,1.04221356E+0,
1.116E006,2.09000000E+2,1.88147675E+2,1.44238544E+0,
1.117E006,1.92000000E+2,1.88144623E+2,2.78237879E-1,
1.118E006,1.96000000E+2,1.88141602E+2,5.61314166E-1,
1.119E006,1.91000000E+2,1.88138611E+2,2.07042858E-1,
1.12E06,1.77000000E+2,1.88135635E+2,-8.37005615E-1,
1.121E006,1.95000000E+2,1.88132690E+2,4.91778255E-1,
1.122E006,1.79000000E+2,1.88129776E+2,-6.82391465E-1,
1.123E006,1.82000000E+2,1.88126877E+2,-4.54154342E-1,
1.124E006,1.95000000E+2,1.88124008E+2,4.92400020E-1,
1.125E006,1.76000000E+2,1.88121155E+2,-9.13666427E-1,
1.126E006,1.99000000E+2,1.88118332E+2,7.71381021E-1,
1.127E006,1.59000000E+2,1.88115540E+2,-2.30901241E+0,
1.128E006,1.93000000E+2,1.88112762E+2,3.51791054E-1,
1.129E006,1.87000000E+2,1.88110001E+2,-8.11712816E-2,
1.13E06,1.65000000E+2,1.88107269E+2,-1.79889846E+0,
1.131E006,2.22000000E+2,1.88104568E+2,2.27491236E+0,
1.132E006,1.86000000E+2,1.88101883E+2,-1.54117540E-1,
1.133E006,1.97000000E+2,1.88099213E+2,6.34154856E-1,
1.134E006,1.68000000E+2,1.88096573E+2,-1.55048430E+0,
1.135E006,1.84000000E+2,1.88093948E+2,-3.01809877E-1,
1.136E006,1.72000000E+2,1.88091354E+2,-1.22695422E+0,
1.137E006,2.00000000E+2,1.88088776E+2,8.42250764E-1,
1.138E006,1.81000000E+2,1.88086227E+2,-5.26715159E-1,
1.139E006,1.90000000E+2,1.88083694E+2,1.39023423E-1,
1.14E06,1.63000000E+2,1.88081177E+2,-1.96450937E+0,
1.141E006,1.94000000E+2,1.88078690E+2,4.25125301E-1,
1.142E006,1.94000000E+2,1.88076218E+2,4.25302774E-1,
1.143E006,1.77000000E+2,1.88073776E+2,-8.32355976E-1,
1.144E006,2.08000000E+2,1.88071335E+2,1.38180435E+0,
1.145E006,1.65000000E+2,1.88068924E+2,-1.79591322E+0,
1.146E006,1.76000000E+2,1.88066544E+2,-9.09549952E-1,
1.147E006,1.72000000E+2,1.88064178E+2,-1.22488213E+0,
1.148E006,1.66000000E+2,1.88061829E+2,-1.71232998E+0,
1.149E006,2.03000000E+2,1.88059494E+2,1.04861796E+0,
1.15E06,1.90000000E+2,1.88057175E+2,1.40947372E-1,
1.151E006,1.96000000E+2,1.88054886E+2,5.67508161E-1,
1.152E006,1.64000000E+2,1.88052612E+2,-1.87819350E+0,
1.153E006,2.08000000E+2,1.88050369E+2,1.38325799E+0,
1.154E006,1.57000000E+2,1.88048126E+2,-2.47791028E+0,
1.155E006,1.66000000E+2,1.88045914E+2,-1.71109474E+0,
1.156E006,1.64000000E+2,1.88043716E+2,-1.87749875E+0,
1.157E006,1.99000000E+2,1.88041534E+2,7.76825011E-1,
1.158E006,1.77000000E+2,1.88039383E+2,-8.29770863E-1,
1.159E006,1.88000000E+2,1.88037231E+2,-2.71538226E-3,
1.16E06,2.08000000E+2,1.88035110E+2,1.38431609E+0,
1.161E006,2.05000000E+2,1.88033005E+2,1.18502641E+0,
1.162E006,1.94000000E+2,1.88030914E+2,4.28555369E-1,
1.163E006,1.71000000E+2,1.88028839E+2,-1.30222785E+0,
1.164E006,1.86000000E+2,1.88026779E+2,-1.48610666E-1,
1.165E006,1.62000000E+2,1.88024750E+2,-2.04469752E+0,
1.166E006,2.01000000E+2,1.88022720E+2,9.15346742E-1,
1.167E006,1.75000000E+2,1.88020721E+2,-9.84274030E-1,
1.168E006,1.76000000E+2,1.88018723E+2,-9.05945301E-1,
1.169E006,2.02000000E+2,1.88016754E+2,9.83857751E-1,
1.17E06,1.93000000E+2,1.88014801E+2,3.58842462E-1,
1.171E006,1.81000000E+2,1.88012863E+2,-5.21262050E-1,
1.172E006,1.74000000E+2,1.88010941E+2,-1.06216669E+0,
1.173E006,1.93000000E+2,1.88009033E+2,3.59257638E-1,
1.174E006,1.86000000E+2,1.88007141E+2,-1.47170722E-1,
1.175E006,1.76000000E+2,1.88005264E+2,-9.04930830E-1,
1.176E006,1.90000000E+2,1.88003418E+2,1.44847289E-1,
1.177E006,2.02000000E+2,1.88001572E+2,9.84925985E-1,
1.178E006,1.95000000E+2,1.87999741E+2,5.01299024E-1,
1.179E006,1.93000000E+2,1.87997925E+2,3.60057235E-1,
1.18E06,1.76000000E+2,1.87996124E+2,-9.04241920E-1,
1.181E006,2.18000000E+2,1.87994339E+2,2.03223968E+0,
1.182E006,2.12000000E+2,1.87992584E+2,1.64883614E+0,
1.183E006,2.22000000E+2,1.87990829E+2,2.28254604E+0,
1.184E006,1.99000000E+2,1.87989090E+2,7.80542731E-1,
1.185E006,1.89000000E+2,1.87987366E+2,7.36583024E-2,
1.186E006,1.85000000E+2,1.87985657E+2,-2.19509855E-1,
1.187E006,1.91000000E+2,1.87983948E+2,2.18233883E-1,
1.188E006,1.93000000E+2,1.87982269E+2,3.61184150E-1,
1.189E006,1.82000000E+2,1.87980606E+2,-4.43312019E-1,
1.19E06,1.95000000E+2,1.87978958E+2,5.02787232E-1,
1.191E006,1.75000000E+2,1.87977310E+2,-9.80992436E-1,
1.192E006,1.85000000E+2,1.87975677E+2,-2.18776166E-1,
1.193E006,1.95000000E+2,1.87974075E+2,5.03136933E-1,
1.194E006,1.79000000E+2,1.87972473E+2,-6.70634091E-1,
1.195E006,1.66000000E+2,1.87970886E+2,-1.70527148E+0,
1.196E006,2.00000000E+2,1.87969315E+2,8.50697935E-1,
1.197E006,2.14000000E+2,1.87967758E+2,1.77952743E+0,
1.198E006,1.86000000E+2,1.87966202E+2,-1.44168913E-1,
1.199E006,2.06000000E+2,1.87964676E+2,1.25658059E+0,
1.2E06,1.81000000E+2,1.87963150E+2,-5.17566860E-1,
1.201E006,1.76000000E+2,1.87961639E+2,-9.01642501E-1,
1.202E006,2.07000000E+2,1.87960144E+2,1.32336152E+0,
1.203E006,2.09000000E+2,1.87958664E+2,1.45545959E+0,
1.204E006,1.68000000E+2,1.87957199E+2,-1.53973138E+0,
1.205E006,1.81000000E+2,1.87955734E+2,-5.17015636E-1,
1.206E006,1.95000000E+2,1.87954285E+2,5.04554152E-1,
1.207E006,1.96000000E+2,1.87952850E+2,5.74796379E-1,
1.208E006,1.77000000E+2,1.87951431E+2,-8.23159993E-1,
1.209E006,2.00000000E+2,1.87950012E+2,8.52062821E-1,
1.21E06,2.07000000E+2,1.87948624E+2,1.32416213E+0,
1.211E006,2.14000000E+2,1.87947235E+2,1.78093028E+0,
1.212E006,2.07000000E+2,1.87945862E+2,1.32435417E+0,
1.213E006,1.83000000E+2,1.87944489E+2,-3.65507096E-1,
1.214E006,1.70000000E+2,1.87943146E+2,-1.37617648E+0,
1.215E006,1.72000000E+2,1.87941803E+2,-1.21555114E+0,
1.216E006,1.78000000E+2,1.87940460E+2,-7.45068967E-1,
1.217E006,1.80000000E+2,1.87939148E+2,-5.91749132E-1,
1.218E006,1.80000000E+2,1.87937836E+2,-5.91651320E-1,
1.219E006,1.90000000E+2,1.87936539E+2,1.49699226E-1,
1.22E06,2.10000000E+2,1.87935257E+2,1.52261198E+0,
1.221E006,2.20000000E+2,1.87933975E+2,2.16189098E+0,
1.222E006,2.20000000E+2,1.87932709E+2,2.16197634E+0,
1.223E006,1.92000000E+2,1.87931458E+2,2.93621778E-1,
1.224E006,1.81000000E+2,1.87930206E+2,-5.15118182E-1,
1.225E006,1.97000000E+2,1.87928970E+2,6.46284103E-1,
1.226E006,2.09000000E+2,1.87927750E+2,1.45759797E+0,
1.227E006,1.88000000E+2,1.87926544E+2,5.35731530E-3,
1.228E006,1.82000000E+2,1.87925339E+2,-4.39215332E-1,
1.229E006,2.08000000E+2,1.87924149E+2,1.39200985E+0,
1.23E06,1.83000000E+2,1.87922958E+2,-3.63915563E-1,
1.231E006,1.77000000E+2,1.87921783E+2,-8.20931494E-1,
1.232E006,2.07000000E+2,1.87920624E+2,1.32610834E+0,
1.233E006,1.76000000E+2,1.87919464E+2,-8.98463428E-1,
1.234E006,1.90000000E+2,1.87918320E+2,1.51020959E-1,
1.235E006,1.99000000E+2,1.87917191E+2,7.85639524E-1,
1.236E006,1.95000000E+2,1.87916061E+2,5.07291377E-1,
1.237E006,1.85000000E+2,1.87914948E+2,-2.14311212E-1,
1.238E006,1.84000000E+2,1.87913834E+2,-2.88531631E-1,
1.239E006,1.87000000E+2,1.87912735E+2,-6.67457953E-2,
1.24E06,1.56000000E+2,1.87911652E+2,-2.55497694E+0,
1.241E006,1.85000000E+2,1.87910568E+2,-2.13989228E-1,
1.242E006,1.90000000E+2,1.87909500E+2,1.51660800E-1,
1.243E006,1.64000000E+2,1.87908432E+2,-1.86693490E+0,
1.244E006,1.91000000E+2,1.87907379E+2,2.23774195E-1,
1.245E006,1.97000000E+2,1.87906342E+2,6.47896349E-1,
1.246E006,1.95000000E+2,1.87905304E+2,5.08061767E-1,
1.247E006,1.90000000E+2,1.87904282E+2,1.52039394E-1,
1.248E006,1.85000000E+2,1.87903259E+2,-2.13451877E-1,
1.249E006,1.75000000E+2,1.87902252E+2,-9.75318611E-1,
1.25E06,1.66000000E+2,1.87901245E+2,-1.69986629E+0,
1.251E006,1.82000000E+2,1.87900253E+2,-4.37355876E-1,
1.252E006,1.78000000E+2,1.87899277E+2,-7.41982162E-1,
1.253E006,2.05000000E+2,1.87898300E+2,1.19443452E+0,
1.254E006,2.23000000E+2,1.87897324E+2,2.35064912E+0,
1.255E006,1.93000000E+2,1.87896362E+2,3.67367864E-1,
1.256E006,1.93000000E+2,1.87895416E+2,3.67435962E-1,
1.257E006,1.91000000E+2,1.87894470E+2,2.24708244E-1,
1.258E006,1.75000000E+2,1.87893539E+2,-9.74659979E-1,
1.259E006,1.88000000E+2,1.87892609E+2,7.83231948E-3,
1.26E06,1.78000000E+2,1.87891678E+2,-7.41412580E-1,
1.261E006,2.06000000E+2,1.87890762E+2,1.26173043E+0,
1.262E006,2.14000000E+2,1.87889862E+2,1.78485227E+0,
1.263E006,1.86000000E+2,1.87888962E+2,-1.38505399E-1,
1.264E006,1.94000000E+2,1.87888077E+2,4.38810498E-1,
1.265E006,1.77000000E+2,1.87887192E+2,-8.18331420E-1,
1.266E006,1.79000000E+2,1.87886322E+2,-6.64194882E-1,
1.267E006,1.90000000E+2,1.87885452E+2,1.53405413E-1,
1.268E006,2.01000000E+2,1.87884583E+2,9.25090194E-1,
1.269E006,1.95000000E+2,1.87883728E+2,5.09606838E-1,
1.27E06,1.85000000E+2,1.87882889E+2,-2.11954206E-1,
1.271E006,1.78000000E+2,1.87882050E+2,-7.40690947E-1,
1.272E006,1.98000000E+2,1.87881210E+2,7.19111085E-1,
1.273E006,1.88000000E+2,1.87880386E+2,8.72372184E-3,
1.274E006,1.81000000E+2,1.87879562E+2,-5.11353850E-1,
1.275E006,1.81000000E+2,1.87878754E+2,-5.11293769E-1,
1.276E006,1.92000000E+2,1.87877945E+2,2.97483712E-1,
1.277E006,1.82000000E+2,1.87877151E+2,-4.35643464E-1,
1.278E006,2.00000000E+2,1.87876358E+2,8.57270956E-1,
1.279E006,1.74000000E+2,1.87875565E+2,-1.05190384E+0,
1.28E06,1.93000000E+2,1.87874786E+2,3.68920952E-1,
1.281E006,1.87000000E+2,1.87874023E+2,-6.39149249E-2,
1.282E006,1.72000000E+2,1.87873245E+2,-1.21032357E+0,
1.283E006,2.02000000E+2,1.87872498E+2,9.94007587E-1,
1.284E006,1.82000000E+2,1.87871735E+2,-4.35241938E-1,
1.285E006,1.82000000E+2,1.87870987E+2,-4.35186505E-1,
1.286E006,2.12000000E+2,1.87870255E+2,1.65723777E+0,
1.287E006,2.12000000E+2,1.87869507E+2,1.65728903E+0,
1.288E006,2.01000000E+2,1.87868790E+2,9.26204145E-1,
1.289E006,1.75000000E+2,1.87868057E+2,-9.72733676E-1,
1.29E06,1.92000000E+2,1.87867340E+2,2.98249036E-1,
1.291E006,2.00000000E+2,1.87866638E+2,8.57958257E-1,
1.292E006,1.90000000E+2,1.87865936E+2,1.54821262E-1,
1.293E006,2.08000000E+2,1.87865234E+2,1.39609480E+0,
1.294E006,1.89000000E+2,1.87864532E+2,8.25931057E-2,
1.295E006,1.89000000E+2,1.87863846E+2,8.26430544E-2,
1.296E006,2.01000000E+2,1.87863174E+2,9.26600218E-1,
1.297E006,2.17000000E+2,1.87862488E+2,1.97798324E+0,
1.298E006,1.82000000E+2,1.87861816E+2,-4.34506744E-1,
1.299E006,1.80000000E+2,1.87861160E+2,-5.85936308E-1,
1.3E06,1.98000000E+2,1.87860504E+2,7.20582604E-1,
1.301E006,1.87000000E+2,1.87859848E+2,-6.28783181E-2,
1.302E006,1.61000000E+2,1.87859192E+2,-2.11680079E+0,
1.303E006,1.71000000E+2,1.87858551E+2,-1.28920567E+0,
1.304E006,1.92000000E+2,1.87857910E+2,2.98929602E-1,
1.305E006,1.98000000E+2,1.87857285E+2,7.20811427E-1,
1.306E006,1.99000000E+2,1.87856659E+2,7.89930522E-1,
1.307E006,1.82000000E+2,1.87856033E+2,-4.34078068E-1,
1.308E006,2.02000000E+2,1.87855423E+2,9.95208979E-1,
1.309E006,2.16000000E+2,1.87854797E+2,1.91503847E+0,
1.31E06,1.86000000E+2,1.87854202E+2,-1.35956705E-1,
1.311E006,1.98000000E+2,1.87853592E+2,7.21073806E-1,
1.312E006,1.73000000E+2,1.87852997E+2,-1.12925243E+0,
1.313E006,1.90000000E+2,1.87852417E+2,1.55802056E-1,
1.314E006,1.88000000E+2,1.87851822E+2,1.08069982E-2,
1.315E006,1.81000000E+2,1.87851242E+2,-5.09248793E-1,
1.316E006,1.83000000E+2,1.87850662E+2,-3.58571261E-1,
1.317E006,1.78000000E+2,1.87850098E+2,-7.38296032E-1,
1.318E006,1.90000000E+2,1.87849533E+2,1.56011268E-1,
1.319E006,1.88000000E+2,1.87848969E+2,1.10151032E-2,
1.32E06,1.92000000E+2,1.87848404E+2,2.99615651E-1,
1.321E006,1.80000000E+2,1.87847855E+2,-5.84944546E-1,
1.322E006,1.95000000E+2,1.87847305E+2,5.12215137E-1,
1.323E006,1.74000000E+2,1.87846756E+2,-1.04971981E+0,
1.324E006,1.82000000E+2,1.87846222E+2,-4.33350801E-1,
1.325E006,1.66000000E+2,1.87845688E+2,-1.69555414E+0,
1.326E006,1.78000000E+2,1.87845154E+2,-7.37925470E-1,
1.327E006,1.93000000E+2,1.87844635E+2,3.71091276E-1,
1.328E006,1.81000000E+2,1.87844101E+2,-5.08718014E-1,
1.329E006,1.76000000E+2,1.87843597E+2,-8.92744780E-1,
1.33E06,2.20000000E+2,1.87843079E+2,2.16801906E+0,
1.331E006,2.02000000E+2,1.87842575E+2,9.96112943E-1,
1.332E006,2.06000000E+2,1.87842056E+2,1.26512384E+0,
1.333E006,2.02000000E+2,1.87841568E+2,9.96183813E-1,
1.334E006,2.19000000E+2,1.87841064E+2,2.10552573E+0,
1.335E006,1.95000000E+2,1.87840576E+2,5.12696981E-1,
1.336E006,2.06000000E+2,1.87840088E+2,1.26526105E+0,
1.337E006,1.71000000E+2,1.87839600E+2,-1.28775632E+0,
1.338E006,1.98000000E+2,1.87839127E+2,7.22101808E-1,
1.339E006,1.82000000E+2,1.87838654E+2,-4.32789803E-1,
1.34E06,1.92000000E+2,1.87838181E+2,3.00353438E-1,
1.341E006,1.86000000E+2,1.87837708E+2,-1.34747252E-1,
1.342E006,2.05000000E+2,1.87837250E+2,1.19869852E+0,
1.343E006,1.47000000E+2,1.87836777E+2,-3.36816049E+0,
1.344E006,1.92000000E+2,1.87836334E+2,3.00486684E-1,
1.345E006,1.83000000E+2,1.87835876E+2,-3.57478261E-1,
1.346E006,1.89000000E+2,1.87835419E+2,8.47108215E-2,
1.347E006,1.68000000E+2,1.87834976E+2,-1.53030169E+0,
1.348E006,1.95000000E+2,1.87834534E+2,5.13129711E-1,
1.349E006,1.87000000E+2,1.87834106E+2,-6.09959066E-2,
1.35E06,1.99000000E+2,1.87833664E+2,7.91560590E-1,
1.351E006,1.86000000E+2,1.87833237E+2,-1.34419441E-1,
1.352E006,2.01000000E+2,1.87832809E+2,9.28741992E-1,
1.353E006,1.85000000E+2,1.87832382E+2,-2.08240882E-1,
1.354E006,2.15000000E+2,1.87831970E+2,1.85284424E+0,
1.355E006,1.88000000E+2,1.87831558E+2,1.22848786E-2,
1.356E006,1.96000000E+2,1.87831131E+2,5.83490610E-1,
1.357E006,1.85000000E+2,1.87830734E+2,-2.08119720E-1,
1.358E006,2.03000000E+2,1.87830322E+2,1.06470263E+0,
1.359E006,2.08000000E+2,1.87829926E+2,1.39854300E+0,
1.36E06,1.78000000E+2,1.87829514E+2,-7.36753166E-1,
1.361E006,1.92000000E+2,1.87829132E+2,3.01006466E-1,
1.362E006,1.88000000E+2,1.87828735E+2,1.24907577E-2,
1.363E006,1.82000000E+2,1.87828339E+2,-4.32025194E-1,
1.364E006,1.91000000E+2,1.87827957E+2,2.29520962E-1,
1.365E006,1.86000000E+2,1.87827576E+2,-1.34004354E-1,
1.366E006,1.84000000E+2,1.87827194E+2,-2.82144517E-1,
1.367E006,1.99000000E+2,1.87826813E+2,7.92046249E-1,
1.368E006,1.95000000E+2,1.87826447E+2,5.13708830E-1,
1.369E006,1.82000000E+2,1.87826080E+2,-4.31857824E-1,
1.37E06,1.84000000E+2,1.87825714E+2,-2.82035381E-1,
1.371E006,1.85000000E+2,1.87825348E+2,-2.07723707E-1,
1.372E006,1.85000000E+2,1.87824982E+2,-2.07696781E-1,
1.373E006,1.86000000E+2,1.87824631E+2,-1.33788422E-1,
1.374E006,1.94000000E+2,1.87824265E+2,4.43391949E-1,
1.375E006,1.97000000E+2,1.87823914E+2,6.53769076E-1,
1.376E006,1.78000000E+2,1.87823563E+2,-7.36307144E-1,
1.377E006,2.12000000E+2,1.87823227E+2,1.66046762E+0,
1.378E006,1.88000000E+2,1.87822876E+2,1.29180970E-2,
1.379E006,1.74000000E+2,1.87822540E+2,-1.04788411E+0,
1.38E06,1.85000000E+2,1.87822205E+2,-2.07492605E-1,
1.381E006,1.92000000E+2,1.87821869E+2,3.01530629E-1,
1.382E006,1.71000000E+2,1.87821533E+2,-1.28637481E+0,
1.383E006,1.90000000E+2,1.87821198E+2,1.58066943E-1,
1.384E006,1.99000000E+2,1.87820877E+2,7.92466998E-1,
1.385E006,1.76000000E+2,1.87820557E+2,-8.91008019E-1,
1.386E006,1.90000000E+2,1.87820236E+2,1.58136696E-1,
1.387E006,1.90000000E+2,1.87819916E+2,1.58159941E-1,
1.388E006,2.09000000E+2,1.87819595E+2,1.46507919E+0,
1.389E006,1.82000000E+2,1.87819290E+2,-4.31354493E-1,
1.39E06,1.74000000E+2,1.87818970E+2,-1.04761338E+0,
1.391E006,1.93000000E+2,1.87818665E+2,3.72960687E-1,
1.392E006,1.95000000E+2,1.87818359E+2,5.14287949E-1,
1.393E006,1.86000000E+2,1.87818054E+2,-1.33306205E-1,
1.394E006,1.86000000E+2,1.87817749E+2,-1.33283824E-1,
1.395E006,1.85000000E+2,1.87817459E+2,-2.07143709E-1,
1.396E006,1.87000000E+2,1.87817169E+2,-5.97573295E-2,
1.397E006,2.04000000E+2,1.87816864E+2,1.13304615E+0,
1.398E006,1.82000000E+2,1.87816574E+2,-4.31153148E-1,
1.399E006,1.99000000E+2,1.87816284E+2,7.92792618E-1,
1.4E06,1.88000000E+2,1.87816010E+2,1.34188849E-2,
1.401E006,1.89000000E+2,1.87815720E+2,8.61437246E-2,
1.402E006,1.97000000E+2,1.87815445E+2,6.54372454E-1,
1.403E006,1.90000000E+2,1.87815155E+2,1.58505321E-1,
1.404E006,2.01000000E+2,1.87814880E+2,9.30006623E-1,
1.405E006,1.96000000E+2,1.87814606E+2,5.84671021E-1,
1.406E006,1.98000000E+2,1.87814346E+2,7.23862886E-1,
1.407E006,2.02000000E+2,1.87814072E+2,9.98118401E-1,
1.408E006,1.84000000E+2,1.87813797E+2,-2.81156838E-1,
1.409E006,1.88000000E+2,1.87813538E+2,1.35991685E-2,
1.41E06,1.89000000E+2,1.87813278E+2,8.63213092E-2,
1.411E006,1.96000000E+2,1.87813019E+2,5.84784389E-1,
1.412E006,1.89000000E+2,1.87812759E+2,8.63590464E-2,
1.413E006,2.08000000E+2,1.87812500E+2,1.39975131E+0,
1.414E006,1.88000000E+2,1.87812241E+2,1.36937611E-2,
1.415E006,1.64000000E+2,1.87811996E+2,-1.85940444E+0,
1.416E006,1.96000000E+2,1.87811737E+2,5.84875941E-1,
1.417E006,2.01000000E+2,1.87811493E+2,9.30245578E-1,
1.418E006,1.64000000E+2,1.87811249E+2,-1.85934615E+0,
1.419E006,1.96000000E+2,1.87811005E+2,5.84928215E-1,
1.42E06,1.59000000E+2,1.87810760E+2,-2.28484178E+0,
1.421E006,1.98000000E+2,1.87810516E+2,7.24135041E-1,
1.422E006,1.66000000E+2,1.87810287E+2,-1.69280660E+0,
1.423E006,1.78000000E+2,1.87810043E+2,-7.35293865E-1,
1.424E006,1.79000000E+2,1.87809814E+2,-6.58476412E-1,
1.425E006,1.75000000E+2,1.87809586E+2,-9.68313634E-1,
1.426E006,2.06000000E+2,1.87809357E+2,1.26740217E+0,
1.427E006,1.80000000E+2,1.87809128E+2,-5.82058012E-1,
1.428E006,1.80000000E+2,1.87808899E+2,-5.82040966E-1,
1.429E006,1.74000000E+2,1.87808670E+2,-1.04683256E+0,
1.43E06,2.19000000E+2,1.87808456E+2,2.10772920E+0,
1.431E006,1.81000000E+2,1.87808228E+2,-5.06051600E-1,
1.432E006,1.80000000E+2,1.87808014E+2,-5.81974983E-1,
1.433E006,1.88000000E+2,1.87807800E+2,1.40176043E-2,
1.434E006,1.85000000E+2,1.87807587E+2,-2.06417874E-1,
1.435E006,1.78000000E+2,1.87807373E+2,-7.35093713E-1,
1.436E006,1.71000000E+2,1.87807159E+2,-1.28527558E+0,
1.437E006,1.73000000E+2,1.87806946E+2,-1.12575126E+0,
1.438E006,1.92000000E+2,1.87806747E+2,3.02621931E-1,
1.439E006,1.78000000E+2,1.87806534E+2,-7.35030770E-1,
1.44E06,2.13000000E+2,1.87806335E+2,1.72624147E+0,
1.441E006,2.04000000E+2,1.87806122E+2,1.13379824E+0,
1.442E006,1.76000000E+2,1.87805923E+2,-8.89904976E-1,
1.443E006,1.80000000E+2,1.87805725E+2,-5.81804395E-1,
1.444E006,1.72000000E+2,1.87805527E+2,-1.20516014E+0,
1.445E006,1.75000000E+2,1.87805328E+2,-9.67991829E-1,
1.446E006,2.08000000E+2,1.87805145E+2,1.40026128E+0,
1.447E006,2.15000000E+2,1.87804947E+2,1.85468721E+0,
1.448E006,1.60000000E+2,1.87804749E+2,-2.19815850E+0,
1.449E006,2.32000000E+2,1.87804565E+2,2.90157247E+0,
1.45E06,1.98000000E+2,1.87804382E+2,7.24570990E-1,
1.451E006,1.92000000E+2,1.87804184E+2,3.02806944E-1,
1.452E006,1.88000000E+2,1.87804001E+2,1.42947063E-2,
1.453E006,1.80000000E+2,1.87803818E+2,-5.81662238E-1,
1.454E006,1.71000000E+2,1.87803635E+2,-1.28500605E+0,
1.455E006,1.66000000E+2,1.87803452E+2,-1.69227600E+0,
1.456E006,1.93000000E+2,1.87803284E+2,3.74067813E-1,
1.457E006,1.96000000E+2,1.87803101E+2,5.85492790E-1,
1.458E006,2.15000000E+2,1.87802933E+2,1.85482454E+0,
1.459E006,1.83000000E+2,1.87802750E+2,-3.55029464E-1,
1.46E06,1.95000000E+2,1.87802582E+2,5.15417814E-1,
1.461E006,1.81000000E+2,1.87802414E+2,-5.05619466E-1,
1.462E006,1.87000000E+2,1.87802231E+2,-5.86649291E-2,
1.463E006,1.94000000E+2,1.87802063E+2,4.44985926E-1,
1.464E006,2.01000000E+2,1.87801895E+2,9.30922508E-1,
1.465E006,2.12000000E+2,1.87801727E+2,1.66194415E+0,
1.466E006,1.95000000E+2,1.87801575E+2,5.15489936E-1,
1.467E006,1.83000000E+2,1.87801407E+2,-3.54930192E-1,
1.468E006,1.91000000E+2,1.87801239E+2,2.31454223E-1,
1.469E006,1.80000000E+2,1.87801086E+2,-5.81458688E-1,
1.47E06,1.71000000E+2,1.87800919E+2,-1.28479838E+0,
1.471E006,1.86000000E+2,1.87800766E+2,-1.32038563E-1,
1.472E006,2.09000000E+2,1.87800613E+2,1.46639216E+0,
1.473E006,1.81000000E+2,1.87800461E+2,-5.05474269E-1,
1.474E006,1.98000000E+2,1.87800308E+2,7.24860549E-1,
1.475E006,1.89000000E+2,1.87800156E+2,8.72758329E-2,
1.476E006,1.74000000E+2,1.87800003E+2,-1.04617548E+0,
1.477E006,2.02000000E+2,1.87799850E+2,9.99119043E-1,
1.478E006,1.82000000E+2,1.87799698E+2,-4.29902226E-1,
1.479E006,1.75000000E+2,1.87799545E+2,-9.67554688E-1,
1.48E06,2.02000000E+2,1.87799408E+2,9.99150157E-1,
1.481E006,1.77000000E+2,1.87799255E+2,-8.11721742E-1,
1.482E006,2.22000000E+2,1.87799118E+2,2.29541302E+0,
1.483E006,1.81000000E+2,1.87798965E+2,-5.05363107E-1,
1.484E006,1.93000000E+2,1.87798828E+2,3.74388546E-1,
1.485E006,1.71000000E+2,1.87798691E+2,-1.28462803E+0,
1.486E006,1.77000000E+2,1.87798553E+2,-8.11668992E-1,
1.487E006,2.04000000E+2,1.87798416E+2,1.13433778E+0,
1.488E006,1.98000000E+2,1.87798279E+2,7.25004733E-1,
1.489E006,1.75000000E+2,1.87798141E+2,-9.67448533E-1,
1.49E06,2.00000000E+2,1.87798004E+2,8.62811387E-1,
1.491E006,2.03000000E+2,1.87797867E+2,1.06698060E+0,
1.492E006,1.94000000E+2,1.87797745E+2,4.45295960E-1,
1.493E006,2.01000000E+2,1.87797607E+2,9.31224942E-1,
1.494E006,1.89000000E+2,1.87797485E+2,8.74700695E-2,
1.495E006,1.85000000E+2,1.87797348E+2,-2.05665126E-1,
1.496E006,1.87000000E+2,1.87797226E+2,-5.82989343E-2,
1.497E006,1.96000000E+2,1.87797089E+2,5.85922241E-1,
1.498E006,1.77000000E+2,1.87796967E+2,-8.11549723E-1,
1.499E006,1.67000000E+2,1.87796844E+2,-1.60930812E+0,
1.5E06,1.80000000E+2,1.87796722E+2,-5.81133366E-1,
1.501E006,2.00000000E+2,1.87796600E+2,8.62910628E-1,
1.502E006,1.93000000E+2,1.87796478E+2,3.74557674E-1,
1.503E006,1.76000000E+2,1.87796356E+2,-8.89183819E-1,
1.504E006,1.71000000E+2,1.87796234E+2,-1.28444016E+0,
1.505E006,2.27000000E+2,1.87796112E+2,2.60205340E+0,
1.506E006,1.98000000E+2,1.87796005E+2,7.25166321E-1,
1.507E006,1.87000000E+2,1.87795883E+2,-5.82007430E-2,
1.508E006,1.78000000E+2,1.87795761E+2,-7.34223366E-1,
1.509E006,1.65000000E+2,1.87795654E+2,-1.77463925E+0,
1.51E06,1.77000000E+2,1.87795532E+2,-8.11441898E-1,
1.511E006,1.55000000E+2,1.87795425E+2,-2.63419199E+0,
1.512E006,2.08000000E+2,1.87795319E+2,1.40094256E+0,
1.513E006,2.07000000E+2,1.87795197E+2,1.33482611E+0,
1.514E006,1.91000000E+2,1.87795090E+2,2.31899172E-1,
1.515E006,1.83000000E+2,1.87794983E+2,-3.54455322E-1,
1.516E006,1.95000000E+2,1.87794876E+2,5.15969634E-1,
1.517E006,1.84000000E+2,1.87794769E+2,-2.79754102E-1,
1.518E006,1.81000000E+2,1.87794662E+2,-5.05043268E-1,
1.519E006,1.81000000E+2,1.87794556E+2,-5.05035341E-1,
1.52E06,1.81000000E+2,1.87794449E+2,-5.05027413E-1,
1.521E006,1.75000000E+2,1.87794342E+2,-9.67161357E-1,
1.522E006,1.74000000E+2,1.87794235E+2,-1.04573822E+0,
1.523E006,1.72000000E+2,1.87794144E+2,-1.20429218E+0,
1.524E006,2.00000000E+2,1.87794037E+2,8.63091946E-1,
1.525E006,2.00000000E+2,1.87793930E+2,8.63099456E-1,
1.526E006,1.78000000E+2,1.87793839E+2,-7.34079242E-1,
1.527E006,2.01000000E+2,1.87793732E+2,9.31498349E-1,
1.528E006,1.99000000E+2,1.87793640E+2,7.94397771E-1,
1.529E006,1.86000000E+2,1.87793549E+2,-1.31509364E-1,
1.53E06,1.90000000E+2,1.87793442E+2,1.60080567E-1,
1.531E006,1.98000000E+2,1.87793350E+2,7.25355029E-1,
1.532E006,1.73000000E+2,1.87793259E+2,-1.12471056E+0,
1.533E006,1.74000000E+2,1.87793167E+2,-1.04565728E+0,
1.534E006,1.78000000E+2,1.87793076E+2,-7.34022021E-1,
1.535E006,2.06000000E+2,1.87792984E+2,1.26854289E+0,
1.536E006,1.85000000E+2,1.87792892E+2,-2.05337539E-1,
1.537E006,2.01000000E+2,1.87792801E+2,9.31563973E-1,
1.538E006,1.91000000E+2,1.87792709E+2,2.32071415E-1,
1.539E006,2.06000000E+2,1.87792618E+2,1.26856840E+0,
1.54E06,2.09000000E+2,1.87792526E+2,1.46695161E+0,
1.541E006,2.11000000E+2,1.87792435E+2,1.59767473E+0,
1.542E006,1.84000000E+2,1.87792358E+2,-2.79576361E-1,
1.543E006,1.95000000E+2,1.87792267E+2,5.16156495E-1,
1.544E006,2.04000000E+2,1.87792175E+2,1.13477468E+0,
1.545E006,1.70000000E+2,1.87792099E+2,-1.36459172E+0,
1.546E006,2.10000000E+2,1.87792007E+2,1.53249717E+0,
1.547E006,1.71000000E+2,1.87791931E+2,-1.28411102E+0,
1.548E006,2.16000000E+2,1.87791840E+2,1.91932225E+0,
1.549E006,2.13000000E+2,1.87791763E+2,1.72723997E+0,
1.55E06,1.81000000E+2,1.87791687E+2,-5.04822135E-1,
1.551E006,1.80000000E+2,1.87791595E+2,-5.80751240E-1,
1.552E006,1.97000000E+2,1.87791519E+2,6.56077087E-1,
1.553E006,1.68000000E+2,1.87791443E+2,-1.52694297E+0,
1.554E006,1.94000000E+2,1.87791367E+2,4.45753902E-1,
1.555E006,2.11000000E+2,1.87791275E+2,1.59775460E+0,
1.556E006,1.55000000E+2,1.87791199E+2,-2.63385248E+0,
1.557E006,1.80000000E+2,1.87791122E+2,-5.80716014E-1,
1.558E006,2.07000000E+2,1.87791046E+2,1.33511460E+0,
1.559E006,1.99000000E+2,1.87790970E+2,7.94587076E-1,
1.56E06,2.00000000E+2,1.87790894E+2,8.63314211E-1,
1.561E006,1.77000000E+2,1.87790833E+2,-8.11088622E-1,
1.562E006,1.94000000E+2,1.87790756E+2,4.45797712E-1,
1.563E006,2.03000000E+2,1.87790680E+2,1.06748497E+0,
1.564E006,2.02000000E+2,1.87790604E+2,9.99769628E-1,
1.565E006,1.81000000E+2,1.87790543E+2,-5.04737079E-1,
1.566E006,1.77000000E+2,1.87790466E+2,-8.11061144E-1,
1.567E006,1.78000000E+2,1.87790390E+2,-7.33820736E-1,
1.568E006,2.01000000E+2,1.87790329E+2,9.31738317E-1,
1.569E006,1.86000000E+2,1.87790253E+2,-1.31267697E-1,
1.57E06,2.02000000E+2,1.87790192E+2,9.99798596E-1,
1.571E006,1.94000000E+2,1.87790115E+2,4.45843726E-1,
1.572E006,1.79000000E+2,1.87790054E+2,-6.56999469E-1,
1.573E006,2.10000000E+2,1.87789978E+2,1.53263712E+0,
1.574E006,1.79000000E+2,1.87789917E+2,-6.56989217E-1,
1.575E006,1.74000000E+2,1.87789841E+2,-1.04540515E+0,
1.576E006,2.11000000E+2,1.87789780E+2,1.59785748E+0,
1.577E006,1.98000000E+2,1.87789719E+2,7.25613117E-1,
1.578E006,1.86000000E+2,1.87789658E+2,-1.31224066E-1,
1.579E006,2.13000000E+2,1.87789581E+2,1.72738945E+0,
1.58E06,1.72000000E+2,1.87789520E+2,-1.20393968E+0,
1.581E006,1.77000000E+2,1.87789459E+2,-8.10985446E-1,
1.582E006,1.79000000E+2,1.87789398E+2,-6.56950474E-1,
1.583E006,1.80000000E+2,1.87789337E+2,-5.80582917E-1,
1.584E006,2.03000000E+2,1.87789276E+2,1.06758356E+0,
1.585E006,1.96000000E+2,1.87789215E+2,5.86484611E-1,
1.586E006,1.98000000E+2,1.87789154E+2,7.25653231E-1,
1.587E006,1.80000000E+2,1.87789093E+2,-5.80564737E-1,
1.588E006,1.82000000E+2,1.87789032E+2,-4.29111600E-1,
1.589E006,1.79000000E+2,1.87788971E+2,-6.56918526E-1,
1.59E06,1.97000000E+2,1.87788925E+2,6.56261921E-1,
1.591E006,1.99000000E+2,1.87788864E+2,7.94736326E-1,
1.592E006,1.80000000E+2,1.87788803E+2,-5.80543101E-1,
1.593E006,1.98000000E+2,1.87788742E+2,7.25682497E-1,
1.594E006,1.77000000E+2,1.87788696E+2,-8.10928047E-1,
1.595E006,1.80000000E+2,1.87788635E+2,-5.80530584E-1,
1.596E006,1.68000000E+2,1.87788574E+2,-1.52672172E+0,
1.597E006,1.89000000E+2,1.87788528E+2,8.81215855E-2,
1.598E006,1.85000000E+2,1.87788467E+2,-2.05012202E-1,
1.599E006,1.96000000E+2,1.87788422E+2,5.86541295E-1,
1.6E06,1.91000000E+2,1.87788361E+2,2.32386068E-1,
1.601E006,1.69000000E+2,1.87788315E+2,-1.44525504E+0,
1.602E006,1.99000000E+2,1.87788254E+2,7.94779599E-1,
1.603E006,1.82000000E+2,1.87788208E+2,-4.29050535E-1,
1.604E006,1.91000000E+2,1.87788147E+2,2.32401535E-1,
1.605E006,2.06000000E+2,1.87788101E+2,1.26888311E+0,
1.606E006,1.86000000E+2,1.87788055E+2,-1.31106585E-1,
1.607E006,1.88000000E+2,1.87787994E+2,1.54620986E-2,
1.608E006,1.93000000E+2,1.87787949E+2,3.75171661E-1,
1.609E006,1.89000000E+2,1.87787903E+2,8.81670937E-2,
1.61E06,2.14000000E+2,1.87787842E+2,1.79182625E+0,
1.611E006,1.81000000E+2,1.87787796E+2,-5.04532933E-1,
1.612E006,1.90000000E+2,1.87787750E+2,1.60493463E-1,
1.613E006,1.78000000E+2,1.87787704E+2,-7.33619452E-1,
1.614E006,2.02000000E+2,1.87787659E+2,9.99976814E-1,
1.615E006,1.87000000E+2,1.87787613E+2,-5.75959608E-2,
1.616E006,2.04000000E+2,1.87787567E+2,1.13509738E+0,
1.617E006,1.96000000E+2,1.87787521E+2,5.86605608E-1,
1.618E006,1.59000000E+2,1.87787476E+2,-2.28299522E+0,
1.619E006,1.88000000E+2,1.87787430E+2,1.55032743E-2,
1.62E06,1.77000000E+2,1.87787384E+2,-8.10829461E-1,
1.621E006,2.00000000E+2,1.87787338E+2,8.63565564E-1,
1.622E006,1.87000000E+2,1.87787292E+2,-5.75725287E-2,
1.623E006,1.89000000E+2,1.87787247E+2,8.82148221E-2,
1.624E006,1.71000000E+2,1.87787201E+2,-1.28374934E+0,
1.625E006,1.89000000E+2,1.87787155E+2,8.82214829E-2,
1.626E006,1.84000000E+2,1.87787109E+2,-2.79189408E-1,
1.627E006,1.99000000E+2,1.87787064E+2,7.94863999E-1,
1.628E006,2.13000000E+2,1.87787033E+2,1.72756410E+0,
1.629E006,2.02000000E+2,1.87786987E+2,1.00002408E+0,
1.63E06,1.91000000E+2,1.87786942E+2,2.32488751E-1,
1.631E006,2.15000000E+2,1.87786896E+2,1.85591829E+0,
1.632E006,1.81000000E+2,1.87786865E+2,-5.04463732E-1,
1.633E006,2.02000000E+2,1.87786819E+2,1.00003588E+0,
1.634E006,1.97000000E+2,1.87786774E+2,6.56415164E-1,
1.635E006,1.85000000E+2,1.87786743E+2,-2.04885438E-1,
1.636E006,1.89000000E+2,1.87786697E+2,8.82547796E-2,
1.637E006,1.95000000E+2,1.87786667E+2,5.16557515E-1,
1.638E006,2.09000000E+2,1.87786621E+2,1.46736002E+0,
1.639E006,1.88000000E+2,1.87786575E+2,1.55655947E-2,
1.64E06,1.74000000E+2,1.87786545E+2,-1.04515529E+0,
1.641E006,1.61000000E+2,1.87786499E+2,-2.11107183E+0,
1.642E006,2.07000000E+2,1.87786469E+2,1.33543277E+0,
1.643E006,1.90000000E+2,1.87786438E+2,1.60588667E-1,
1.644E006,1.89000000E+2,1.87786392E+2,8.82769749E-2,
1.645E006,1.99000000E+2,1.87786362E+2,7.94913769E-1,
1.646E006,1.94000000E+2,1.87786316E+2,4.46116507E-1,
1.647E006,1.80000000E+2,1.87786285E+2,-5.80355465E-1,
1.648E006,1.84000000E+2,1.87786255E+2,-2.79126406E-1,
1.649E006,1.78000000E+2,1.87786209E+2,-7.33507395E-1,
1.65E06,1.95000000E+2,1.87786179E+2,5.16592503E-1,
1.651E006,1.87000000E+2,1.87786148E+2,-5.74888401E-2,
1.652E006,1.93000000E+2,1.87786102E+2,3.75304550E-1,
1.653E006,1.55000000E+2,1.87786072E+2,-2.63344073E+0,
1.654E006,1.68000000E+2,1.87786041E+2,-1.52652621E+0,
1.655E006,1.96000000E+2,1.87786011E+2,5.86713493E-1,
1.656E006,1.66000000E+2,1.87785965E+2,-1.69091880E+0,
1.657E006,1.78000000E+2,1.87785934E+2,-7.33486772E-1,
1.658E006,1.95000000E+2,1.87785904E+2,5.16612172E-1,
1.659E006,1.78000000E+2,1.87785873E+2,-7.33482242E-1,
1.66E06,1.97000000E+2,1.87785843E+2,6.56481504E-1,
1.661E006,1.71000000E+2,1.87785812E+2,-1.28364313E+0,
1.662E006,1.85000000E+2,1.87785782E+2,-2.04814762E-1,
1.663E006,2.12000000E+2,1.87785736E+2,1.66304255E+0,
1.664E006,1.89000000E+2,1.87785706E+2,8.83269235E-2,
1.665E006,1.90000000E+2,1.87785675E+2,1.60644025E-1,
1.666E006,1.99000000E+2,1.87785645E+2,7.94964552E-1,
1.667E006,1.91000000E+2,1.87785614E+2,2.32584804E-1,
1.668E006,1.78000000E+2,1.87785583E+2,-7.33460486E-1,
1.669E006,1.80000000E+2,1.87785553E+2,-5.80300868E-1,
1.67E06,2.01000000E+2,1.87785522E+2,9.32077348E-1,
1.671E006,1.93000000E+2,1.87785492E+2,3.75348508E-1,
1.672E006,1.87000000E+2,1.87785477E+2,-5.74397445E-2,
1.673E006,1.75000000E+2,1.87785446E+2,-9.66488898E-1,
1.674E006,1.61000000E+2,1.87785416E+2,-2.11098647E+0,
1.675E006,1.84000000E+2,1.87785385E+2,-2.79062301E-1,
1.676E006,1.70000000E+2,1.87785355E+2,-1.36407447E+0,
1.677E006,1.68000000E+2,1.87785324E+2,-1.52647090E+0,
1.678E006,1.80000000E+2,1.87785294E+2,-5.80281556E-1,
1.679E006,1.97000000E+2,1.87785263E+2,6.56522810E-1,
1.68E06,2.11000000E+2,1.87785248E+2,1.59816945E+0,
1.681E006,1.89000000E+2,1.87785217E+2,8.83624405E-2,
1.682E006,1.82000000E+2,1.87785187E+2,-4.28826571E-1,
1.683E006,1.75000000E+2,1.87785156E+2,-9.66466963E-1,
1.684E006,2.04000000E+2,1.87785141E+2,1.13526726E+0,
1.685E006,2.07000000E+2,1.87785110E+2,1.33552718E+0,
1.686E006,2.02000000E+2,1.87785080E+2,1.00015831E+0,
1.687E006,2.00000000E+2,1.87785049E+2,8.63727450E-1,
1.688E006,1.70000000E+2,1.87785034E+2,-1.36404991E+0,
1.689E006,1.96000000E+2,1.87785004E+2,5.86785436E-1,
1.69E06,1.81000000E+2,1.87784973E+2,-5.04323065E-1,
1.691E006,1.83000000E+2,1.87784958E+2,-3.53714257E-1,
1.692E006,1.88000000E+2,1.87784927E+2,1.56857837E-2,
1.693E006,1.95000000E+2,1.87784912E+2,5.16683161E-1,
1.694E006,1.70000000E+2,1.87784882E+2,-1.36403811E+0,
1.695E006,1.90000000E+2,1.87784851E+2,1.60703793E-1,
1.696E006,1.95000000E+2,1.87784836E+2,5.16688645E-1,
1.697E006,1.78000000E+2,1.87784805E+2,-7.33402193E-1,
1.698E006,1.85000000E+2,1.87784790E+2,-2.04741836E-1,
1.699E006,1.70000000E+2,1.87784760E+2,-1.36402881E+0,
1.7E06,1.91000000E+2,1.87784744E+2,2.32647747E-1,
1.701E006,1.81000000E+2,1.87784714E+2,-5.04303813E-1,
1.702E006,1.85000000E+2,1.87784698E+2,-2.04735100E-1,
1.703E006,2.11000000E+2,1.87784668E+2,1.59820938E+0,
1.704E006,2.11000000E+2,1.87784653E+2,1.59821045E+0,
1.705E006,1.72000000E+2,1.87784622E+2,-1.20356619E+0,
1.706E006,1.81000000E+2,1.87784607E+2,-5.04295886E-1,
1.707E006,1.93000000E+2,1.87784576E+2,3.75414401E-1,
1.708E006,1.93000000E+2,1.87784561E+2,3.75415504E-1,
1.709E006,1.87000000E+2,1.87784531E+2,-5.73705621E-2,
1.71E06,1.94000000E+2,1.87784515E+2,4.46245790E-1,
1.711E006,1.97000000E+2,1.87784500E+2,6.56577170E-1,
1.712E006,1.92000000E+2,1.87784470E+2,3.04229707E-1,
1.713E006,1.73000000E+2,1.87784454E+2,-1.12404120E+0,
1.714E006,1.88000000E+2,1.87784439E+2,1.57213956E-2,
1.715E006,1.96000000E+2,1.87784409E+2,5.86827934E-1,
1.716E006,1.91000000E+2,1.87784393E+2,2.32673138E-1,
1.717E006,1.61000000E+2,1.87784378E+2,-2.11090469E+0,
1.718E006,1.84000000E+2,1.87784348E+2,-2.78985798E-1,
1.719E006,1.58000000E+2,1.87784332E+2,-2.36951423E+0,
1.72E06,1.89000000E+2,1.87784317E+2,8.84279236E-2,
1.721E006,2.01000000E+2,1.87784286E+2,9.32164550E-1,
1.722E006,1.87000000E+2,1.87784271E+2,-5.73515929E-2,
1.723E006,1.77000000E+2,1.87784256E+2,-8.10594320E-1,
1.724E006,1.79000000E+2,1.87784241E+2,-6.56564951E-1,
1.725E006,1.79000000E+2,1.87784210E+2,-6.56562686E-1,
1.726E006,1.99000000E+2,1.87784195E+2,7.95067310E-1,
1.727E006,1.89000000E+2,1.87784180E+2,8.84379148E-2,
1.728E006,1.89000000E+2,1.87784164E+2,8.84390250E-2,
1.729E006,1.66000000E+2,1.87784149E+2,-1.69077790E+0,
1.73E06,1.76000000E+2,1.87784119E+2,-8.88261378E-1,
1.731E006,1.82000000E+2,1.87784103E+2,-4.28746283E-1,
1.732E006,1.85000000E+2,1.87784088E+2,-2.04690233E-1,
1.733E006,1.67000000E+2,1.87784073E+2,-1.60831988E+0,
1.734E006,2.07000000E+2,1.87784058E+2,1.33560026E+0,
1.735E006,1.88000000E+2,1.87784042E+2,1.57503299E-2,
1.736E006,1.95000000E+2,1.87784012E+2,5.16747653E-1,
1.737E006,1.95000000E+2,1.87783997E+2,5.16748726E-1,
1.738E006,2.17000000E+2,1.87783981E+2,1.98331261E+0,
1.739E006,1.83000000E+2,1.87783966E+2,-3.53640944E-1,
1.74E06,1.79000000E+2,1.87783951E+2,-6.56543314E-1,
1.741E006,2.35000000E+2,1.87783936E+2,3.08003640E+0,
1.742E006,1.87000000E+2,1.87783920E+2,-5.73259294E-2,
1.743E006,1.90000000E+2,1.87783905E+2,1.60772428E-1,
1.744E006,1.70000000E+2,1.87783890E+2,-1.36396205E+0,
1.745E006,1.80000000E+2,1.87783875E+2,-5.80175757E-1,
1.746E006,1.89000000E+2,1.87783859E+2,8.84612203E-2,
1.747E006,2.03000000E+2,1.87783844E+2,1.06796479E+0,
1.748E006,2.09000000E+2,1.87783829E+2,1.46755326E+0,
1.749E006,1.68000000E+2,1.87783813E+2,-1.52635431E+0,
1.75E06,1.91000000E+2,1.87783798E+2,2.32716188E-1,
1.751E006,1.66000000E+2,1.87783783E+2,-1.69074941E+0,
1.752E006,1.75000000E+2,1.87783768E+2,-9.66362000E-1,
1.753E006,2.06000000E+2,1.87783752E+2,1.26918614E+0,
1.754E006,1.94000000E+2,1.87783737E+2,4.46301639E-1,
1.755E006,1.89000000E+2,1.87783722E+2,8.84712115E-2,
1.756E006,1.84000000E+2,1.87783707E+2,-2.78938562E-1,
1.757E006,2.08000000E+2,1.87783691E+2,1.40174878E+0,
1.758E006,1.78000000E+2,1.87783676E+2,-7.33317554E-1,
1.759E006,1.66000000E+2,1.87783661E+2,-1.69073999E+0,
1.76E06,1.95000000E+2,1.87783646E+2,5.16773880E-1,
1.761E006,1.92000000E+2,1.87783630E+2,3.04290265E-1,
1.762E006,1.79000000E+2,1.87783615E+2,-6.56518221E-1,
1.763E006,2.04000000E+2,1.87783600E+2,1.13537514E+0,
1.764E006,1.76000000E+2,1.87783585E+2,-8.88221145E-1,
1.765E006,1.67000000E+2,1.87783569E+2,-1.60828090E+0,
1.766E006,1.78000000E+2,1.87783569E+2,-7.33309507E-1,
1.767E006,1.73000000E+2,1.87783554E+2,-1.12397277E+0,
1.768E006,1.94000000E+2,1.87783539E+2,4.46315885E-1,
1.769E006,1.73000000E+2,1.87783524E+2,-1.12397051E+0,
1.77E06,1.83000000E+2,1.87783508E+2,-3.53607118E-1,
1.771E006,1.95000000E+2,1.87783493E+2,5.16784787E-1,
1.772E006,1.87000000E+2,1.87783478E+2,-5.72935715E-2,
1.773E006,1.95000000E+2,1.87783478E+2,5.16785920E-1,
1.774E006,1.88000000E+2,1.87783463E+2,1.57926176E-2,
1.775E006,1.89000000E+2,1.87783447E+2,8.84911865E-2,
1.776E006,1.86000000E+2,1.87783432E+2,-1.30767584E-1,
1.777E006,1.87000000E+2,1.87783417E+2,-5.72891086E-2,
1.778E006,2.19000000E+2,1.87783417E+2,2.10942125E+0,
1.779E006,1.87000000E+2,1.87783401E+2,-5.72879910E-2,
1.78E06,2.01000000E+2,1.87783386E+2,9.32228029E-1,
1.781E006,1.98000000E+2,1.87783371E+2,7.26064205E-1,
1.782E006,1.87000000E+2,1.87783371E+2,-5.72857596E-2,
1.783E006,1.98000000E+2,1.87783356E+2,7.26065278E-1,
1.784E006,1.83000000E+2,1.87783340E+2,-3.53594691E-1,
1.785E006,1.92000000E+2,1.87783325E+2,3.04312289E-1,
1.786E006,1.83000000E+2,1.87783325E+2,-3.53593558E-1,
1.787E006,1.82000000E+2,1.87783310E+2,-4.28687453E-1,
1.788E006,1.80000000E+2,1.87783295E+2,-5.80132544E-1,
1.789E006,1.86000000E+2,1.87783279E+2,-1.30756393E-1,
1.79E06,1.94000000E+2,1.87783279E+2,4.46334511E-1,
1.791E006,1.91000000E+2,1.87783264E+2,2.32754841E-1,
1.792E006,1.90000000E+2,1.87783249E+2,1.60820037E-1,
1.793E006,1.69000000E+2,1.87783234E+2,-1.44486415E+0,
1.794E006,2.06000000E+2,1.87783234E+2,1.26922226E+0,
1.795E006,1.96000000E+2,1.87783218E+2,5.86912990E-1,
1.796E006,1.81000000E+2,1.87783203E+2,-5.04191518E-1,
1.797E006,1.91000000E+2,1.87783203E+2,2.32759252E-1,
1.798E006,2.09000000E+2,1.87783188E+2,1.46759760E+0,
1.799E006,1.96000000E+2,1.87783173E+2,5.86916208E-1,
1.8E06,1.78000000E+2,1.87783173E+2,-7.33279765E-1,
1.801E006,1.83000000E+2,1.87783157E+2,-3.53581160E-1,
1.802E006,1.84000000E+2,1.87783142E+2,-2.78896928E-1,
1.803E006,1.88000000E+2,1.87783142E+2,1.58159882E-2,
1.804E006,1.68000000E+2,1.87783127E+2,-1.52630138E+0,
1.805E006,1.85000000E+2,1.87783127E+2,-2.04619557E-1,
1.806E006,2.06000000E+2,1.87783112E+2,1.26923072E+0,
1.807E006,1.80000000E+2,1.87783096E+2,-5.80117762E-1,
1.808E006,1.86000000E+2,1.87783096E+2,-1.30742967E-1,
1.809E006,1.79000000E+2,1.87783081E+2,-6.56478286E-1,
1.81E06,1.89000000E+2,1.87783066E+2,8.85189399E-2,
1.811E006,2.09000000E+2,1.87783066E+2,1.46760595E+0,
1.812E006,2.02000000E+2,1.87783051E+2,1.00030112E+0,
1.813E006,1.70000000E+2,1.87783051E+2,-1.36389768E+0,
1.814E006,1.92000000E+2,1.87783035E+2,3.04333210E-1,
1.815E006,1.96000000E+2,1.87783020E+2,5.86927116E-1,
1.816E006,1.72000000E+2,1.87783020E+2,-1.20344400E+0,
1.817E006,1.96000000E+2,1.87783005E+2,5.86928248E-1,
1.818E006,1.76000000E+2,1.87783005E+2,-8.88177395E-1,
1.819E006,2.03000000E+2,1.87782990E+2,1.06802475E+0,
1.82E06,1.78000000E+2,1.87782990E+2,-7.33266056E-1,
1.821E006,1.95000000E+2,1.87782974E+2,5.16821980E-1,
1.822E006,1.93000000E+2,1.87782959E+2,3.75530839E-1,
1.823E006,1.94000000E+2,1.87782959E+2,4.46357518E-1,
1.824E006,2.07000000E+2,1.87782944E+2,1.33567774E+0,
1.825E006,1.72000000E+2,1.87782944E+2,-1.20343816E+0,
1.826E006,1.79000000E+2,1.87782928E+2,-6.56466901E-1,
1.827E006,1.97000000E+2,1.87782928E+2,6.56689167E-1,
1.828E006,1.81000000E+2,1.87782913E+2,-5.04170001E-1,
1.829E006,1.79000000E+2,1.87782913E+2,-6.56465769E-1,
1.83E06,1.83000000E+2,1.87782898E+2,-3.53561997E-1,
1.831E006,1.91000000E+2,1.87782898E+2,2.32781336E-1,
1.832E006,1.81000000E+2,1.87782883E+2,-5.04167736E-1,
1.833E006,1.88000000E+2,1.87782883E+2,1.58349071E-2,
1.834E006,1.88000000E+2,1.87782867E+2,1.58360191E-2,
1.835E006,1.81000000E+2,1.87782867E+2,-5.04166603E-1,
1.836E006,2.02000000E+2,1.87782852E+2,1.00031507E+0,
1.837E006,1.68000000E+2,1.87782852E+2,-1.52628016E+0,
1.838E006,1.93000000E+2,1.87782837E+2,3.75539601E-1,
1.839E006,1.89000000E+2,1.87782837E+2,8.85355845E-2,
1.84E06,1.93000000E+2,1.87782822E+2,3.75540704E-1,
1.841E006,2.02000000E+2,1.87782822E+2,1.00031722E+0,
1.842E006,1.78000000E+2,1.87782806E+2,-7.33252347E-1,
1.843E006,1.90000000E+2,1.87782806E+2,1.60852134E-1,
1.844E006,1.76000000E+2,1.87782791E+2,-8.88161302E-1,
1.845E006,1.92000000E+2,1.87782791E+2,3.04350853E-1,
1.846E006,1.78000000E+2,1.87782791E+2,-7.33251214E-1,
1.847E006,1.93000000E+2,1.87782776E+2,3.75544012E-1,
1.848E006,1.93000000E+2,1.87782776E+2,3.75544012E-1,
1.849E006,1.70000000E+2,1.87782761E+2,-1.36387551E+0,
1.85E06,1.99000000E+2,1.87782761E+2,7.95168996E-1,
1.851E006,1.79000000E+2,1.87782745E+2,-6.56453192E-1,
1.852E006,1.78000000E+2,1.87782745E+2,-7.33247757E-1,
1.853E006,1.91000000E+2,1.87782745E+2,2.32792377E-1,
1.854E006,1.94000000E+2,1.87782730E+2,4.46373969E-1,
1.855E006,1.79000000E+2,1.87782730E+2,-6.56452060E-1,
1.856E006,1.74000000E+2,1.87782715E+2,-1.04486489E+0,
1.857E006,1.93000000E+2,1.87782715E+2,3.75548393E-1,
1.858E006,1.85000000E+2,1.87782700E+2,-2.04588145E-1,
1.859E006,1.96000000E+2,1.87782700E+2,5.86950004E-1,
1.86E06,1.89000000E+2,1.87782700E+2,8.85455757E-2,
1.861E006,1.88000000E+2,1.87782684E+2,1.58493742E-2,
1.862E006,1.81000000E+2,1.87782684E+2,-5.04152954E-1,
1.863E006,1.87000000E+2,1.87782669E+2,-5.72344325E-2,
1.864E006,1.66000000E+2,1.87782669E+2,-1.69066298E+0,
1.865E006,2.15000000E+2,1.87782669E+2,1.85620654E+0,
1.866E006,1.84000000E+2,1.87782654E+2,-2.78860927E-1,
1.867E006,1.66000000E+2,1.87782654E+2,-1.69066179E+0,
1.868E006,1.97000000E+2,1.87782654E+2,6.56708717E-1,
1.869E006,1.68000000E+2,1.87782639E+2,-1.52626371E+0,
1.87E06,2.24000000E+2,1.87782639E+2,2.41987419E+0,
1.871E006,1.87000000E+2,1.87782623E+2,-5.72310835E-2,
1.872E006,1.75000000E+2,1.87782623E+2,-9.66275513E-1,
1.873E006,1.89000000E+2,1.87782623E+2,8.85511264E-2,
1.874E006,1.91000000E+2,1.87782608E+2,2.32802317E-1,
1.875E006,1.86000000E+2,1.87782608E+2,-1.30707160E-1,
1.876E006,1.90000000E+2,1.87782608E+2,1.60866529E-1,
1.877E006,1.93000000E+2,1.87782593E+2,3.75557184E-1,
1.878E006,1.91000000E+2,1.87782593E+2,2.32803419E-1,
1.879E006,1.99000000E+2,1.87782593E+2,7.95180917E-1,
1.88E06,1.98000000E+2,1.87782578E+2,7.26120591E-1,
1.881E006,1.87000000E+2,1.87782578E+2,-5.72277345E-2,
1.882E006,2.07000000E+2,1.87782578E+2,1.33570313E+0,
1.883E006,1.82000000E+2,1.87782562E+2,-4.28632051E-1,
1.884E006,1.87000000E+2,1.87782562E+2,-5.72266206E-2,
1.885E006,1.74000000E+2,1.87782562E+2,-1.04485333E+0,
1.886E006,1.65000000E+2,1.87782547E+2,-1.77361882E+0,
1.887E006,1.97000000E+2,1.87782547E+2,6.56716347E-1,
1.888E006,1.84000000E+2,1.87782547E+2,-2.78853059E-1,
1.889E006,1.82000000E+2,1.87782532E+2,-4.28629786E-1,
1.89E06,2.01000000E+2,1.87782532E+2,9.32288289E-1,
1.891E006,1.99000000E+2,1.87782532E+2,7.95185208E-1,
1.892E006,1.97000000E+2,1.87782516E+2,6.56718493E-1,
1.893E006,1.82000000E+2,1.87782516E+2,-4.28628653E-1,
1.894E006,1.87000000E+2,1.87782516E+2,-5.72232716E-2,
1.895E006,2.07000000E+2,1.87782516E+2,1.33570743E+0,
1.896E006,1.74000000E+2,1.87782501E+2,-1.04484868E+0,
1.897E006,1.58000000E+2,1.87782501E+2,-2.36936855E+0,
1.898E006,1.97000000E+2,1.87782501E+2,6.56719565E-1,
1.899E006,2.03000000E+2,1.87782486E+2,1.06806004E+0,
1.9E06,1.94000000E+2,1.87782486E+2,4.46391493E-1,
1.901E006,1.97000000E+2,1.87782486E+2,6.56720698E-1,
1.902E006,1.93000000E+2,1.87782486E+2,3.75564873E-1,
1.903E006,1.85000000E+2,1.87782471E+2,-2.04571322E-1,
1.904E006,1.91000000E+2,1.87782471E+2,2.32812256E-1,
1.905E006,2.03000000E+2,1.87782471E+2,1.06806111E+0,
1.906E006,1.85000000E+2,1.87782455E+2,-2.04570189E-1,
1.907E006,1.80000000E+2,1.87782455E+2,-5.80069959E-1,
1.908E006,2.18000000E+2,1.87782455E+2,2.04659033E+0,
1.909E006,1.90000000E+2,1.87782455E+2,1.60877600E-1,
1.91E06,1.86000000E+2,1.87782440E+2,-1.30694851E-1,
1.911E006,1.81000000E+2,1.87782440E+2,-5.04134834E-1,
1.912E006,1.91000000E+2,1.87782440E+2,2.32814461E-1,
1.913E006,1.88000000E+2,1.87782440E+2,1.58671793E-2,
1.914E006,1.93000000E+2,1.87782425E+2,3.75569254E-1,
1.915E006,1.64000000E+2,1.87782425E+2,-1.85709536E+0,
1.916E006,1.91000000E+2,1.87782425E+2,2.32815564E-1,
1.917E006,1.56000000E+2,1.87782425E+2,-2.54463053E+0,
1.918E006,1.92000000E+2,1.87782410E+2,3.04378361E-1,
1.919E006,1.94000000E+2,1.87782410E+2,4.46396977E-1,
1.92E06,1.76000000E+2,1.87782410E+2,-8.88132572E-1,
1.921E006,2.00000000E+2,1.87782410E+2,8.63914073E-1,
1.922E006,1.69000000E+2,1.87782394E+2,-1.44479954E+0,
1.923E006,2.12000000E+2,1.87782394E+2,1.66327202E+0,
1.924E006,2.05000000E+2,1.87782394E+2,1.20252979E+0,
1.925E006,1.71000000E+2,1.87782394E+2,-1.28338182E+0,
1.926E006,1.91000000E+2,1.87782379E+2,2.32818872E-1,
1.927E006,2.04000000E+2,1.87782379E+2,1.13546062E+0,
1.928E006,1.97000000E+2,1.87782379E+2,6.56728268E-1,
1.929E006,1.89000000E+2,1.87782379E+2,8.85688812E-2,
1.93E06,1.92000000E+2,1.87782379E+2,3.04380566E-1,
1.931E006,1.97000000E+2,1.87782364E+2,6.56729400E-1,
1.932E006,1.84000000E+2,1.87782364E+2,-2.78839558E-1,
1.933E006,1.47000000E+2,1.87782364E+2,-3.36367273E+0,
1.934E006,1.88000000E+2,1.87782364E+2,1.58727448E-2,
1.935E006,2.21000000E+2,1.87782349E+2,2.23446107E+0,
1.936E006,1.69000000E+2,1.87782349E+2,-1.44479609E+0,
1.937E006,1.96000000E+2,1.87782349E+2,5.86975098E-1,
1.938E006,1.85000000E+2,1.87782349E+2,-2.04562336E-1,
1.939E006,1.87000000E+2,1.87782349E+2,-5.72110005E-2,
1.94E06,1.96000000E+2,1.87782333E+2,5.86976171E-1,
1.941E006,1.93000000E+2,1.87782333E+2,3.75575870E-1,
1.942E006,1.91000000E+2,1.87782333E+2,2.32822180E-1,
1.943E006,1.86000000E+2,1.87782333E+2,-1.30687028E-1,
1.944E006,2.00000000E+2,1.87782333E+2,8.63919497E-1,
1.945E006,2.06000000E+2,1.87782318E+2,1.26928604E+0,
1.946E006,1.70000000E+2,1.87782318E+2,-1.36384153E+0,
1.947E006,1.79000000E+2,1.87782318E+2,-6.56421244E-1,
1.948E006,1.90000000E+2,1.87782318E+2,1.60887554E-1,
1.949E006,1.91000000E+2,1.87782318E+2,2.32823297E-1,
1.95E06,1.87000000E+2,1.87782303E+2,-5.72076514E-2,
1.951E006,1.82000000E+2,1.87782303E+2,-4.28612798E-1,
1.952E006,1.92000000E+2,1.87782303E+2,3.04386079E-1,
1.953E006,1.76000000E+2,1.87782303E+2,-8.88124526E-1,
1.954E006,1.76000000E+2,1.87782303E+2,-8.88124526E-1,
1.955E006,1.61000000E+2,1.87782303E+2,-2.11074114E+0,
1.956E006,1.90000000E+2,1.87782288E+2,1.60889775E-1,
1.957E006,2.11000000E+2,1.87782288E+2,1.59837329E+0,
1.958E006,2.13000000E+2,1.87782288E+2,1.72788918E+0,
1.959E006,1.90000000E+2,1.87782288E+2,1.60889775E-1,
1.96E06,1.95000000E+2,1.87782288E+2,5.16871154E-1,
1.961E006,1.64000000E+2,1.87782272E+2,-1.85708344E+0,
1.962E006,2.05000000E+2,1.87782272E+2,1.20253825E+0,
1.963E006,2.03000000E+2,1.87782272E+2,1.06807506E+0,
1.964E006,1.79000000E+2,1.87782272E+2,-6.56417847E-1,
1.965E006,1.84000000E+2,1.87782272E+2,-2.78832823E-1,
1.966E006,1.78000000E+2,1.87782272E+2,-7.33212292E-1,
1.967E006,2.03000000E+2,1.87782257E+2,1.06807613E+0,
1.968E006,1.84000000E+2,1.87782257E+2,-2.78831691E-1,
1.969E006,1.95000000E+2,1.87782257E+2,5.16873300E-1,
1.97E06,1.78000000E+2,1.87782257E+2,-7.33211160E-1,
1.971E006,1.90000000E+2,1.87782257E+2,1.60891980E-1,
1.972E006,1.73000000E+2,1.87782257E+2,-1.12387419E+0,
1.973E006,1.86000000E+2,1.87782257E+2,-1.30681425E-1,
1.974E006,1.68000000E+2,1.87782242E+2,-1.52623308E+0,
1.975E006,1.85000000E+2,1.87782242E+2,-2.04554483E-1,
1.976E006,1.87000000E+2,1.87782242E+2,-5.72031885E-2,
1.977E006,1.98000000E+2,1.87782242E+2,7.26144433E-1,
1.978E006,1.91000000E+2,1.87782242E+2,2.32828811E-1,
1.979E006,1.86000000E+2,1.87782242E+2,-1.30680308E-1,
1.98E06,1.84000000E+2,1.87782227E+2,-2.78829455E-1,
1.981E006,2.09000000E+2,1.87782227E+2,1.46766400E+0,
1.982E006,1.81000000E+2,1.87782227E+2,-5.04118919E-1,
1.983E006,1.79000000E+2,1.87782227E+2,-6.56414449E-1,
1.984E006,1.83000000E+2,1.87782227E+2,-3.53512347E-1,
1.985E006,1.91000000E+2,1.87782227E+2,2.32829913E-1,
1.986E006,1.83000000E+2,1.87782227E+2,-3.53512347E-1,
1.987E006,1.94000000E+2,1.87782211E+2,4.46411192E-1,
1.988E006,1.88000000E+2,1.87782211E+2,1.58838723E-2,
1.989E006,1.94000000E+2,1.87782211E+2,4.46411192E-1,
1.99E06,1.85000000E+2,1.87782211E+2,-2.04552248E-1,
1.991E006,1.84000000E+2,1.87782211E+2,-2.78828323E-1,
1.992E006,1.67000000E+2,1.87782211E+2,-1.60817587E+0,
1.993E006,1.65000000E+2,1.87782211E+2,-1.77359271E+0,
1.994E006,1.76000000E+2,1.87782211E+2,-8.88117611E-1,
1.995E006,1.79000000E+2,1.87782196E+2,-6.56412125E-1,
1.996E006,1.83000000E+2,1.87782196E+2,-3.53510112E-1,
1.997E006,1.74000000E+2,1.87782196E+2,-1.04482555E+0,
1.998E006,1.90000000E+2,1.87782196E+2,1.60896420E-1,
1.999E006,1.87000000E+2,1.87782196E+2,-5.71998395E-2,
