0.02CR-FITTED

Labels,Decay8 on Em1,Decay8 on Em1F2,Decay8 on Em1F2R,
Type,Time Scan,Exponential Fit Time Scan,Weighted Residuals Time Scan,
Comment,,,,
Start,0.00,1.16E05,1.16E05,
Stop,1.999E006,1.999E006,1.999E006,
Step,1000.00,1000.00,1000.00,
Fixed/Offset, , , ,
XAxis,Time(ns),Time,Time,
YAxis,Counts,Counts,Counts,
Chi2,,1.0429692,,
dt,,,,
dtErr,,,,
A,,152.907810,,
Tau1,,44.570545,,
Tau2,,89.202843,,
Tau3,,,,
Tau4,,,,
B1,,6428.77000,,
B2,,1846.72000,,
B3,,,,
B4,,,,
Tau1Err,,0.84277183,,
Tau2Err,,2.9708071,,
Tau3Err,,,,
Tau4Err,,,,
B1Err,,209.592330,,
B2Err,,221.637160,,
B3Err,,,,
B4Err,,,,
TauAvInt,,60.863358,,
TauAvAmp,,54.530479,,
TauAvIntErr,,1.9526047,,
TauAvAmpErr,,1.3394346,,

0.00,1.63000000E+2, , ,
1000.00,1.36000000E+2, , ,
2000.00,1.56000000E+2, , ,
3000.00,1.75000000E+2, , ,
4000.00,1.70000000E+2, , ,
5000.00,1.57000000E+2, , ,
6000.00,1.49000000E+2, , ,
7000.00,1.56000000E+2, , ,
8000.00,1.54000000E+2, , ,
9000.00,1.39000000E+2, , ,
1E04,1.61000000E+2, , ,
1.1E04,1.44000000E+2, , ,
1.2E04,1.31000000E+2, , ,
1.3E04,1.51000000E+2, , ,
1.4E04,1.44000000E+2, , ,
1.5E04,1.63000000E+2, , ,
1.6E04,1.42000000E+2, , ,
1.7E04,1.56000000E+2, , ,
1.8E04,1.55000000E+2, , ,
1.9E04,1.33000000E+2, , ,
2E04,1.40000000E+2, , ,
2.1E04,1.58000000E+2, , ,
2.2E04,1.28000000E+2, , ,
2.3E04,1.45000000E+2, , ,
2.4E04,1.73000000E+2, , ,
2.5E04,1.63000000E+2, , ,
2.6E04,1.86000000E+2, , ,
2.7E04,1.56000000E+2, , ,
2.8E04,1.66000000E+2, , ,
2.9E04,1.73000000E+2, , ,
3E04,1.41000000E+2, , ,
3.1E04,1.42000000E+2, , ,
3.2E04,1.60000000E+2, , ,
3.3E04,1.63000000E+2, , ,
3.4E04,1.47000000E+2, , ,
3.5E04,1.51000000E+2, , ,
3.6E04,1.56000000E+2, , ,
3.7E04,1.27000000E+2, , ,
3.8E04,1.41000000E+2, , ,
3.9E04,1.70000000E+2, , ,
4E04,1.60000000E+2, , ,
4.1E04,1.55000000E+2, , ,
4.2E04,1.61000000E+2, , ,
4.3E04,1.48000000E+2, , ,
4.4E04,1.81000000E+2, , ,
4.5E04,1.62000000E+2, , ,
4.6E04,1.33000000E+2, , ,
4.7E04,1.74000000E+2, , ,
4.8E04,1.58000000E+2, , ,
4.9E04,1.84000000E+2, , ,
5E04,1.49000000E+2, , ,
5.1E04,1.31000000E+2, , ,
5.2E04,1.58000000E+2, , ,
5.3E04,1.40000000E+2, , ,
5.4E04,1.65000000E+2, , ,
5.5E04,1.43000000E+2, , ,
5.6E04,1.39000000E+2, , ,
5.7E04,1.56000000E+2, , ,
5.8E04,1.48000000E+2, , ,
5.9E04,1.71000000E+2, , ,
6E04,1.24000000E+2, , ,
6.1E04,1.53000000E+2, , ,
6.2E04,1.57000000E+2, , ,
6.3E04,1.63000000E+2, , ,
6.4E04,1.53000000E+2, , ,
6.5E04,1.51000000E+2, , ,
6.6E04,1.63000000E+2, , ,
6.7E04,1.69000000E+2, , ,
6.8E04,1.61000000E+2, , ,
6.9E04,1.71000000E+2, , ,
7E04,1.69000000E+2, , ,
7.1E04,1.65000000E+2, , ,
7.2E04,1.52000000E+2, , ,
7.3E04,1.29000000E+2, , ,
7.4E04,1.44000000E+2, , ,
7.5E04,1.63000000E+2, , ,
7.6E04,1.35000000E+2, , ,
7.7E04,1.52000000E+2, , ,
7.8E04,1.40000000E+2, , ,
7.9E04,1.60000000E+2, , ,
8E04,1.75000000E+2, , ,
8.1E04,1.65000000E+2, , ,
8.2E04,1.55000000E+2, , ,
8.3E04,1.42000000E+2, , ,
8.4E04,1.61000000E+2, , ,
8.5E04,1.65000000E+2, , ,
8.6E04,1.44000000E+2, , ,
8.7E04,1.78000000E+2, , ,
8.8E04,1.70000000E+2, , ,
8.9E04,1.50000000E+2, , ,
9E04,1.52000000E+2, , ,
9.1E04,1.86000000E+2, , ,
9.2E04,1.63000000E+2, , ,
9.3E04,1.43000000E+2, , ,
9.4E04,1.49000000E+2, , ,
9.5E04,1.95000000E+2, , ,
9.6E04,1.68000000E+2, , ,
9.7E04,1.58000000E+2, , ,
9.8E04,1.53000000E+2, , ,
9.9E04,1.45000000E+2, , ,
1E05,1.58000000E+2, , ,
1.01E05,1.74000000E+2, , ,
1.02E05,1.68000000E+2, , ,
1.03E05,1.53000000E+2, , ,
1.04E05,1.71000000E+2, , ,
1.05E05,3.32000000E+2, , ,
1.06E05,1.56300000E+3, , ,
1.07E05,1.67000000E+2, , ,
1.08E05,1.61000000E+2, , ,
1.09E05,3.38000000E+2, , ,
1.1E05,2.14800000E+3, , ,
1.11E05,5.20100000E+3, , ,
1.12E05,7.37900000E+3, , ,
1.13E05,7.99200000E+3, , ,
1.14E05,7.87200000E+3, , ,
1.15E05,7.90500000E+3, , ,
1.16E05,8.00000000E+3,8.26517871E+3,-2.96478820E+0,
1.17E05,7.89400000E+3,8.10535352E+3,-2.37881637E+0,
1.18E05,7.75800000E+3,7.94884961E+3,-2.16678786E+0,
1.19E05,7.64300000E+3,7.79559668E+3,-1.74547303E+0,
1.2E05,7.50000000E+3,7.64552344E+3,-1.68035996E+0,
1.21E05,7.49600000E+3,7.49856250E+3,-2.95970943E-2,
1.22E05,7.23100000E+3,7.35464746E+3,-1.45407236E+0,
1.23E05,7.31300000E+3,7.21371240E+3,1.16104007E+0,
1.24E05,7.08100000E+3,7.07569482E+3,6.30452633E-2,
1.25E05,6.95700000E+3,6.94053125E+3,1.97446585E-1,
1.26E05,6.89700000E+3,6.80816064E+3,1.06973267E+0,
1.27E05,6.77400000E+3,6.67852441E+3,1.16003144E+0,
1.28E05,6.62800000E+3,6.55156299E+3,9.38885093E-1,
1.29E05,6.46100000E+3,6.42722021E+3,4.20249313E-1,
1.3E05,6.51000000E+3,6.30543896E+3,2.53531790E+0,
1.31E05,6.26200000E+3,6.18616602E+3,9.58312929E-1,
1.32E05,6.11000000E+3,6.06934717E+3,5.20080030E-1,
1.33E05,6.02100000E+3,5.95493018E+3,8.51468980E-1,
1.34E05,5.95700000E+3,5.84286377E+3,1.47880089E+0,
1.35E05,5.75700000E+3,5.73309814E+3,3.15016657E-1,
1.36E05,5.69600000E+3,5.62558398E+3,9.33010340E-1,
1.37E05,5.57500000E+3,5.52027344E+3,7.32952356E-1,
1.38E05,5.44900000E+3,5.41712012E+3,4.31875229E-1,
1.39E05,5.43900000E+3,5.31607813E+3,1.66674685E+0,
1.4E05,5.21600000E+3,5.21710156E+3,-1.52524756E-2,
1.41E05,5.28200000E+3,5.12014795E+3,2.22699380E+0,
1.42E05,5.03100000E+3,5.02517334E+3,8.21471512E-2,
1.43E05,5.05100000E+3,4.93213574E+3,1.67248642E+0,
1.44E05,4.92000000E+3,4.84099512E+3,1.12634480E+0,
1.45E05,4.86400000E+3,4.75171045E+3,1.61006188E+0,
1.46E05,4.70500000E+3,4.66424268E+3,5.94190717E-1,
1.47E05,4.51900000E+3,4.57855273E+3,-8.85891497E-1,
1.48E05,4.53100000E+3,4.49460352E+3,5.40707529E-1,
1.49E05,4.45100000E+3,4.41235791E+3,5.79204321E-1,
1.5E05,4.33700000E+3,4.33178076E+3,7.92523995E-2,
1.51E05,4.22100000E+3,4.25283545E+3,-4.90008146E-1,
1.52E05,4.17700000E+3,4.17548828E+3,2.33904608E-2,
1.53E05,4.11100000E+3,4.09970557E+3,1.76153272E-1,
1.54E05,4.11100000E+3,4.02545361E+3,1.33422148E+0,
1.55E05,3.94700000E+3,3.95270117E+3,-9.07466486E-2,
1.56E05,3.84600000E+3,3.88141577E+3,-5.71073592E-1,
1.57E05,3.68000000E+3,3.81156714E+3,-2.16881990E+0,
1.58E05,3.72100000E+3,3.74312451E+3,-3.62696916E-1,
1.59E05,3.68800000E+3,3.67605835E+3,1.96638659E-1,
1.6E05,3.64200000E+3,3.61033984E+3,5.24617851E-1,
1.61E05,3.50600000E+3,3.54594067E+3,-6.74542665E-1,
1.62E05,3.48500000E+3,3.48283325E+3,3.67034599E-2,
1.63E05,3.42500000E+3,3.42098999E+3,6.85196519E-2,
1.64E05,3.32400000E+3,3.36038501E+3,-6.31090999E-1,
1.65E05,3.33200000E+3,3.30099146E+3,5.37191212E-1,
1.66E05,3.25800000E+3,3.24278491E+3,2.66562432E-1,
1.67E05,3.19900000E+3,3.18573975E+3,2.34447017E-1,
1.68E05,3.10000000E+3,3.12983179E+3,-5.35794735E-1,
1.69E05,3.10400000E+3,3.07503760E+3,5.19844830E-1,
1.7E05,2.95300000E+3,3.02133374E+3,-1.25748694E+0,
1.71E05,2.95600000E+3,2.96869702E+3,-2.33533740E-1,
1.72E05,2.89900000E+3,2.91710547E+3,-3.36268097E-1,
1.73E05,2.91600000E+3,2.86653760E+3,9.15970385E-1,
1.74E05,2.91900000E+3,2.81697168E+3,1.88844216E+0,
1.75E05,2.76400000E+3,2.76838672E+3,-8.34393203E-2,
1.76E05,2.65800000E+3,2.72076245E+3,-1.21736944E+0,
1.77E05,2.65400000E+3,2.67407861E+3,-3.89747411E-1,
1.78E05,2.56600000E+3,2.62831592E+3,-1.23018563E+0,
1.79E05,2.55000000E+3,2.58345532E+3,-6.62514091E-1,
1.8E05,2.58900000E+3,2.53947778E+3,9.73271608E-1,
1.81E05,2.46400000E+3,2.49636499E+3,-6.52011335E-1,
1.82E05,2.38200000E+3,2.45409912E+3,-1.47726727E+0,
1.83E05,2.34700000E+3,2.41266260E+3,-1.35538137E+0,
1.84E05,2.41800000E+3,2.37203809E+3,9.34695065E-1,
1.85E05,2.32800000E+3,2.33220874E+3,-8.72289464E-2,
1.86E05,2.24600000E+3,2.29315845E+3,-9.95072305E-1,
1.87E05,2.17800000E+3,2.25487085E+3,-1.64714849E+0,
1.88E05,2.26900000E+3,2.21733008E+3,1.08472729E+0,
1.89E05,2.23800000E+3,2.18052100E+3,1.21500814E+0,
1.9E05,2.14900000E+3,2.14442798E+3,9.86256897E-2,
1.91E05,2.05000000E+3,2.10903687E+3,-1.30390620E+0,
1.92E05,2.00400000E+3,2.07433276E+3,-1.57111812E+0,
1.93E05,2.02100000E+3,2.04030200E+3,-4.29357618E-1,
1.94E05,2.05600000E+3,2.00693018E+3,1.08218861E+0,
1.95E05,2.04100000E+3,1.97420398E+3,1.47852635E+0,
1.96E05,1.89500000E+3,1.94210999E+3,-1.08220208E+0,
1.97E05,1.90700000E+3,1.91063562E+3,-8.32536221E-2,
1.98E05,1.82900000E+3,1.87976782E+3,-1.18708456E+0,
1.99E05,1.84200000E+3,1.84949426E+3,-1.74616024E-1,
2E05,1.83300000E+3,1.81980273E+3,3.08249742E-1,
2.01E05,1.79200000E+3,1.79068127E+3,3.11519653E-2,
2.02E05,1.70400000E+3,1.76211841E+3,-1.40792310E+0,
2.03E05,1.70800000E+3,1.73410254E+3,-6.31595194E-1,
2.04E05,1.75600000E+3,1.70662256E+3,1.17832839E+0,
2.05E05,1.67500000E+3,1.67966748E+3,-1.14044696E-1,
2.06E05,1.64500000E+3,1.65322656E+3,-2.02831522E-1,
2.07E05,1.65400000E+3,1.62728955E+3,6.56770229E-1,
2.08E05,1.54100000E+3,1.60184607E+3,-1.54999828E+0,
2.09E05,1.58500000E+3,1.57688599E+3,2.03807935E-1,
2.1E05,1.57200000E+3,1.55239966E+3,4.94353235E-1,
2.11E05,1.47700000E+3,1.52837732E+3,-1.33684540E+0,
2.12E05,1.47000000E+3,1.50480957E+3,-9.07904148E-1,
2.13E05,1.47300000E+3,1.48168726E+3,-2.26350382E-1,
2.14E05,1.40200000E+3,1.45900134E+3,-1.52233803E+0,
2.15E05,1.37000000E+3,1.43674304E+3,-1.80320752E+0,
2.16E05,1.40300000E+3,1.41490369E+3,-3.17799091E-1,
2.17E05,1.38900000E+3,1.39347473E+3,-1.20064840E-1,
2.18E05,1.31900000E+3,1.37244800E+3,-1.47166526E+0,
2.19E05,1.35500000E+3,1.35181531E+3,8.65162835E-2,
2.2E05,1.29000000E+3,1.33156885E+3,-1.15737247E+0,
2.21E05,1.32800000E+3,1.31170068E+3,4.47270602E-1,
2.22E05,1.29500000E+3,1.29220337E+3,7.77141750E-2,
2.23E05,1.27400000E+3,1.27306934E+3,2.60740351E-2,
2.24E05,1.26100000E+3,1.25429138E+3,1.88918948E-1,
2.25E05,1.20400000E+3,1.23586230E+3,-9.18256342E-1,
2.26E05,1.25400000E+3,1.21777502E+3,1.02296162E+0,
2.27E05,1.18300000E+3,1.20002295E+3,-4.94928449E-1,
2.28E05,1.11300000E+3,1.18259924E+3,-2.08620477E+0,
2.29E05,1.20400000E+3,1.16549731E+3,1.10962892E+0,
2.3E05,1.21700000E+3,1.14871082E+3,1.95752192E+0,
2.31E05,1.11200000E+3,1.13223340E+3,-6.06759310E-1,
2.32E05,1.04800000E+3,1.11605908E+3,-2.10235214E+0,
2.33E05,1.07100000E+3,1.10018152E+3,-8.91688466E-1,
2.34E05,1.07000000E+3,1.08459509E+3,-4.46185023E-1,
2.35E05,1.16000000E+3,1.06929395E+3,2.66322136E+0,
2.36E05,1.09200000E+3,1.05427246E+3,1.14168727E+0,
2.37E05,1.06600000E+3,1.03952502E+3,8.10880721E-1,
2.38E05,1.01300000E+3,1.02504626E+3,-3.78484130E-1,
2.39E05,9.83000000E+2,1.01083081E+3,-8.87665033E-1,
2.4E05,9.97000000E+2,9.96873535E+2,4.00518160E-3,
2.41E05,1.00200000E+3,9.83169312E+2,5.94884038E-1,
2.42E05,9.08000000E+2,9.69713135E+2,-2.04802227E+0,
2.43E05,9.72000000E+2,9.56500244E+2,4.97154891E-1,
2.44E05,9.36000000E+2,9.43525757E+2,-2.45987058E-1,
2.45E05,9.78000000E+2,9.30784912E+2,1.50977206E+0,
2.46E05,9.41000000E+2,9.18273315E+2,7.40868747E-1,
2.47E05,8.84000000E+2,9.05986450E+2,-7.39484370E-1,
2.48E05,8.69000000E+2,8.93919800E+2,-8.45346332E-1,
2.49E05,8.80000000E+2,8.82069092E+2,-6.97490722E-2,
2.5E05,8.84000000E+2,8.70430298E+2,4.56398487E-1,
2.51E05,8.22000000E+2,8.58998901E+2,-1.29048491E+0,
2.52E05,8.55000000E+2,8.47771240E+2,2.47218370E-1,
2.53E05,7.90000000E+2,8.36743164E+2,-1.66304719E+0,
2.54E05,9.05000000E+2,8.25910889E+2,2.62901092E+0,
2.55E05,8.25000000E+2,8.15270508E+2,3.38737428E-1,
2.56E05,8.20000000E+2,8.04818359E+2,5.30165911E-1,
2.57E05,7.79000000E+2,7.94550781E+2,-5.57164550E-1,
2.58E05,8.28000000E+2,7.84464355E+2,1.51296818E+0,
2.59E05,7.62000000E+2,7.74555420E+2,-4.54834878E-1,
2.6E05,8.51000000E+2,7.64820557E+2,2.95419335E+0,
2.61E05,7.29000000E+2,7.55256348E+2,-9.72457349E-1,
2.62E05,7.58000000E+2,7.45859741E+2,4.40954059E-1,
2.63E05,7.80000000E+2,7.36627319E+2,1.55299115E+0,
2.64E05,7.17000000E+2,7.27556030E+2,-3.94222170E-1,
2.65E05,7.01000000E+2,7.18642700E+2,-6.66355610E-1,
2.66E05,7.25000000E+2,7.09884399E+2,5.61379313E-1,
2.67E05,6.71000000E+2,7.01278198E+2,-1.16887689E+0,
2.68E05,6.99000000E+2,6.92821045E+2,2.33709544E-1,
2.69E05,6.68000000E+2,6.84510132E+2,-6.38796210E-1,
2.7E05,6.77000000E+2,6.76342773E+2,2.52592675E-2,
2.71E05,6.91000000E+2,6.68316284E+2,8.62929225E-1,
2.72E05,6.84000000E+2,6.60427734E+2,9.01308119E-1,
2.73E05,6.48000000E+2,6.52674805E+2,-1.83643669E-1,
2.74E05,6.49000000E+2,6.45054688E+2,1.54867068E-1,
2.75E05,6.56000000E+2,6.37564941E+2,7.19768107E-1,
2.76E05,6.18000000E+2,6.30203247E+2,-4.90886599E-1,
2.77E05,6.10000000E+2,6.22966980E+2,-5.25017679E-1,
2.78E05,6.05000000E+2,6.15853882E+2,-4.41273034E-1,
2.79E05,6.52000000E+2,6.08861694E+2,1.68942642E+0,
2.8E05,6.05000000E+2,6.01988098E+2,1.22451223E-1,
2.81E05,5.82000000E+2,5.95230835E+2,-5.48435748E-1,
2.82E05,5.86000000E+2,5.88587769E+2,-1.06899731E-1,
2.83E05,5.96000000E+2,5.82056702E+2,5.71139753E-1,
2.84E05,5.92000000E+2,5.75635620E+2,6.72571898E-1,
2.85E05,5.62000000E+2,5.69322388E+2,-3.08876276E-1,
2.86E05,5.90000000E+2,5.63115051E+2,1.10683584E+0,
2.87E05,5.35000000E+2,5.57011658E+2,-9.51646984E-1,
2.88E05,5.56000000E+2,5.51010254E+2,2.11612374E-1,
2.89E05,5.75000000E+2,5.45109009E+2,1.24654055E+0,
2.9E05,5.71000000E+2,5.39305969E+2,1.32635391E+0,
2.91E05,5.42000000E+2,5.33599365E+2,3.60838175E-1,
2.92E05,5.24000000E+2,5.27987427E+2,-1.74191549E-1,
2.93E05,5.39000000E+2,5.22468445E+2,7.12064505E-1,
2.94E05,5.09000000E+2,5.17040649E+2,-3.56395513E-1,
2.95E05,5.36000000E+2,5.11702301E+2,1.04950070E+0,
2.96E05,5.18000000E+2,5.06451904E+2,5.07394195E-1,
2.97E05,5.22000000E+2,5.01287781E+2,9.06549215E-1,
2.98E05,5.15000000E+2,4.96208344E+2,8.28059316E-1,
2.99E05,4.89000000E+2,4.91212067E+2,-1.00033112E-1,
3E05,4.79000000E+2,4.86297455E+2,-3.33429217E-1,
3.01E05,5.10000000E+2,4.81462982E+2,1.26364040E+0,
3.02E05,4.76000000E+2,4.76707184E+2,-3.24137174E-2,
3.03E05,4.57000000E+2,4.72028656E+2,-7.03010857E-1,
3.04E05,4.58000000E+2,4.67426025E+2,-4.40449238E-1,
3.05E05,4.70000000E+2,4.62897888E+2,3.27595979E-1,
3.06E05,4.82000000E+2,4.58442902E+2,1.07299650E+0,
3.07E05,4.31000000E+2,4.54059723E+2,-1.11074769E+0,
3.08E05,4.76000000E+2,4.49747101E+2,1.20329964E+0,
3.09E05,4.73000000E+2,4.45503754E+2,1.26427877E+0,
3.1E05,4.31000000E+2,4.41328430E+2,-4.97502953E-1,
3.11E05,4.16000000E+2,4.37219940E+2,-1.04039323E+0,
3.12E05,4.59000000E+2,4.33177063E+2,1.20531142E+0,
3.13E05,4.06000000E+2,4.29198639E+2,-1.15132916E+0,
3.14E05,4.12000000E+2,4.25283508E+2,-6.54431462E-1,
3.15E05,4.35000000E+2,4.21430542E+2,6.50605738E-1,
3.16E05,4.46000000E+2,4.17638641E+2,1.34294927E+0,
3.17E05,4.45000000E+2,4.13906738E+2,1.47396195E+0,
3.18E05,3.76000000E+2,4.10233734E+2,-1.76547003E+0,
3.19E05,3.91000000E+2,4.06618652E+2,-7.89869189E-1,
3.2E05,4.06000000E+2,4.03060425E+2,1.45888671E-1,
3.21E05,4.08000000E+2,3.99558044E+2,4.17939097E-1,
3.22E05,4.08000000E+2,3.96110535E+2,5.88616252E-1,
3.23E05,3.64000000E+2,3.92716949E+2,-1.50517714E+0,
3.24E05,3.96000000E+2,3.89376343E+2,3.32851291E-1,
3.25E05,4.31000000E+2,3.86087769E+2,2.16334605E+0,
3.26E05,3.76000000E+2,3.82850372E+2,-3.53280962E-1,
3.27E05,4.47000000E+2,3.79663177E+2,3.18492246E+0,
3.28E05,4.12000000E+2,3.76525360E+2,1.74771011E+0,
3.29E05,4.18000000E+2,3.73436066E+2,2.17969322E+0,
3.3E05,3.81000000E+2,3.70394440E+2,5.43339312E-1,
3.31E05,3.56000000E+2,3.67399658E+2,-6.04180694E-1,
3.32E05,3.64000000E+2,3.64450928E+2,-2.36350354E-2,
3.33E05,3.53000000E+2,3.61547424E+2,-4.54933494E-1,
3.34E05,3.70000000E+2,3.58688385E+2,5.88062882E-1,
3.35E05,3.71000000E+2,3.55873047E+2,7.85352290E-1,
3.36E05,3.46000000E+2,3.53100647E+2,-3.81733149E-1,
3.37E05,3.53000000E+2,3.50370483E+2,1.39955044E-1,
3.38E05,3.69000000E+2,3.47681824E+2,1.10977995E+0,
3.39E05,3.54000000E+2,3.45033936E+2,4.76540953E-1,
3.4E05,3.29000000E+2,3.42426147E+2,-7.40207493E-1,
3.41E05,3.22000000E+2,3.39857758E+2,-9.95173931E-1,
3.42E05,3.14000000E+2,3.37328125E+2,-1.31648231E+0,
3.43E05,3.48000000E+2,3.34836578E+2,7.05633461E-1,
3.44E05,3.57000000E+2,3.32382446E+2,1.30289912E+0,
3.45E05,3.34000000E+2,3.29965149E+2,2.20777228E-1,
3.46E05,2.97000000E+2,3.27584045E+2,-1.77466631E+0,
3.47E05,3.03000000E+2,3.25238495E+2,-1.27756822E+0,
3.48E05,3.23000000E+2,3.22927948E+2,4.00908059E-3,
3.49E05,3.45000000E+2,3.20651794E+2,1.31086338E+0,
3.5E05,2.94000000E+2,3.18409485E+2,-1.42359006E+0,
3.51E05,2.78000000E+2,3.16200409E+2,-2.29110837E+0,
3.52E05,3.21000000E+2,3.14024048E+2,3.89359683E-1,
3.53E05,3.25000000E+2,3.11879822E+2,7.27776527E-1,
3.54E05,2.94000000E+2,3.09767273E+2,-9.19566035E-1,
3.55E05,3.15000000E+2,3.07685791E+2,4.12108988E-1,
3.56E05,2.85000000E+2,3.05634888E+2,-1.22230530E+0,
3.57E05,3.29000000E+2,3.03614075E+2,1.39957142E+0,
3.58E05,2.94000000E+2,3.01622864E+2,-4.44574445E-1,
3.59E05,2.91000000E+2,2.99660767E+2,-5.07703125E-1,
3.6E05,3.13000000E+2,2.97727264E+2,8.63266051E-1,
3.61E05,3.14000000E+2,2.95821930E+2,1.02584779E+0,
3.62E05,2.92000000E+2,2.93944275E+2,-1.13780081E-1,
3.63E05,2.86000000E+2,2.92093872E+2,-3.60338211E-1,
3.64E05,3.16000000E+2,2.90270264E+2,1.44741082E+0,
3.65E05,2.59000000E+2,2.88473053E+2,-1.83136642E+0,
3.66E05,2.80000000E+2,2.86701752E+2,-4.00506258E-1,
3.67E05,2.95000000E+2,2.84955963E+2,5.84786415E-1,
3.68E05,2.80000000E+2,2.83235291E+2,-1.93345591E-1,
3.69E05,2.99000000E+2,2.81539307E+2,1.00977802E+0,
3.7E05,2.77000000E+2,2.79867615E+2,-1.72298267E-1,
3.71E05,2.70000000E+2,2.78219849E+2,-5.00244081E-1,
3.72E05,2.59000000E+2,2.76595581E+2,-1.09333622E+0,
3.73E05,2.64000000E+2,2.74994507E+2,-6.76665127E-1,
3.74E05,2.93000000E+2,2.73416168E+2,1.14409959E+0,
3.75E05,2.83000000E+2,2.71860291E+2,6.62186980E-1,
3.76E05,2.57000000E+2,2.70326447E+2,-8.31280887E-1,
3.77E05,2.59000000E+2,2.68814301E+2,-6.09830976E-1,
3.78E05,2.74000000E+2,2.67323547E+2,4.03339267E-1,
3.79E05,2.72000000E+2,2.65853790E+2,3.72668713E-1,
3.8E05,2.82000000E+2,2.64404755E+2,1.04778159E+0,
3.81E05,2.67000000E+2,2.62976074E+2,2.46260256E-1,
3.82E05,2.62000000E+2,2.61567444E+2,2.67234091E-2,
3.83E05,2.59000000E+2,2.60178528E+2,-7.32301548E-2,
3.84E05,2.54000000E+2,2.58809052E+2,-3.01746726E-1,
3.85E05,2.55000000E+2,2.57458679E+2,-1.53968468E-1,
3.86E05,2.89000000E+2,2.56127167E+2,1.93369615E+0,
3.87E05,2.45000000E+2,2.54814148E+2,-6.27002895E-1,
3.88E05,2.46000000E+2,2.53519379E+2,-4.79418069E-1,
3.89E05,2.51000000E+2,2.52242554E+2,-7.84292966E-2,
3.9E05,2.59000000E+2,2.50983429E+2,4.98125494E-1,
3.91E05,2.72000000E+2,2.49741699E+2,1.34960771E+0,
3.92E05,2.36000000E+2,2.48517090E+2,-8.14793169E-1,
3.93E05,2.36000000E+2,2.47309357E+2,-7.36176431E-1,
3.94E05,2.35000000E+2,2.46118256E+2,-7.25275040E-1,
3.95E05,2.82000000E+2,2.44943481E+2,2.20668364E+0,
3.96E05,2.25000000E+2,2.43784836E+2,-1.25232244E+0,
3.97E05,2.28000000E+2,2.42642029E+2,-9.69692051E-1,
3.98E05,2.57000000E+2,2.41514862E+2,9.65936363E-1,
3.99E05,2.33000000E+2,2.40403076E+2,-4.84991640E-1,
4E05,2.32000000E+2,2.39306427E+2,-4.79690433E-1,
4.01E05,2.37000000E+2,2.38224686E+2,-7.95518830E-2,
4.02E05,2.34000000E+2,2.37157654E+2,-2.06422299E-1,
4.03E05,2.44000000E+2,2.36105072E+2,5.05420983E-1,
4.04E05,2.42000000E+2,2.35066742E+2,4.45686698E-1,
4.05E05,2.44000000E+2,2.34042450E+2,6.37466788E-1,
4.06E05,2.20000000E+2,2.33031982E+2,-8.78616035E-1,
4.07E05,2.07000000E+2,2.32035126E+2,-1.74006152E+0,
4.08E05,2.32000000E+2,2.31051666E+2,6.22611605E-2,
4.09E05,2.27000000E+2,2.30081451E+2,-2.04523116E-1,
4.1E05,2.65000000E+2,2.29124237E+2,2.20383072E+0,
4.11E05,2.37000000E+2,2.28179840E+2,5.72930932E-1,
4.12E05,2.15000000E+2,2.27248062E+2,-8.35310876E-1,
4.13E05,2.01000000E+2,2.26328735E+2,-1.78655124E+0,
4.14E05,2.02000000E+2,2.25421677E+2,-1.64794338E+0,
4.15E05,2.13000000E+2,2.24526703E+2,-7.89796650E-1,
4.16E05,2.37000000E+2,2.23643616E+2,8.67590368E-1,
4.17E05,2.67000000E+2,2.22772247E+2,2.70669460E+0,
4.18E05,2.34000000E+2,2.21912445E+2,7.90188193E-1,
4.19E05,2.16000000E+2,2.21063995E+2,-3.44561249E-1,
4.2E05,2.18000000E+2,2.20226791E+2,-1.50817335E-1,
4.21E05,2.05000000E+2,2.19400635E+2,-1.00578392E+0,
4.22E05,2.14000000E+2,2.18585358E+2,-3.13448578E-1,
4.23E05,2.23000000E+2,2.17780807E+2,3.49502981E-1,
4.24E05,2.11000000E+2,2.16986832E+2,-4.12150502E-1,
4.25E05,2.03000000E+2,2.16203278E+2,-9.26688433E-1,
4.26E05,2.01000000E+2,2.15430008E+2,-1.01781428E+0,
4.27E05,2.33000000E+2,2.14666855E+2,1.20104432E+0,
4.28E05,2.08000000E+2,2.13913666E+2,-4.10038948E-1,
4.29E05,2.17000000E+2,2.13170319E+2,2.59975702E-1,
4.3E05,2.19000000E+2,2.12436661E+2,4.43509370E-1,
4.31E05,1.95000000E+2,2.11712555E+2,-1.19681096E+0,
4.32E05,2.11000000E+2,2.10997864E+2,1.47064173E-4,
4.33E05,2.05000000E+2,2.10292450E+2,-3.69640738E-1,
4.34E05,2.08000000E+2,2.09596191E+2,-1.10675961E-1,
4.35E05,2.11000000E+2,2.08908936E+2,1.43954813E-1,
4.36E05,2.12000000E+2,2.08230576E+2,2.58885145E-1,
4.37E05,1.96000000E+2,2.07560974E+2,-8.25783849E-1,
4.38E05,1.71000000E+2,2.06900024E+2,-2.74534345E+0,
4.39E05,2.00000000E+2,2.06247574E+2,-4.41770166E-1,
4.4E05,2.31000000E+2,2.05603516E+2,1.67096603E+0,
4.41E05,2.17000000E+2,2.04967743E+2,8.16802859E-1,
4.42E05,1.76000000E+2,2.04340134E+2,-2.13621807E+0,
4.43E05,1.84000000E+2,2.03720551E+2,-1.45381832E+0,
4.44E05,1.86000000E+2,2.03108917E+2,-1.25448668E+0,
4.45E05,2.08000000E+2,2.02505096E+2,3.81003022E-1,
4.46E05,2.07000000E+2,2.01908997E+2,3.53849202E-1,
4.47E05,2.01000000E+2,2.01320496E+2,-2.26060171E-2,
4.48E05,1.86000000E+2,2.00739502E+2,-1.08075273E+0,
4.49E05,1.82000000E+2,2.00165878E+2,-1.34654450E+0,
4.5E05,1.94000000E+2,1.99599564E+2,-4.02025223E-1,
4.51E05,1.86000000E+2,1.99040436E+2,-9.56171155E-1,
4.52E05,2.24000000E+2,1.98488388E+2,1.70456636E+0,
4.53E05,1.85000000E+2,1.97943344E+2,-9.51613605E-1,
4.54E05,1.74000000E+2,1.97405182E+2,-1.77434230E+0,
4.55E05,1.92000000E+2,1.96873840E+2,-3.51739138E-1,
4.56E05,1.86000000E+2,1.96349182E+2,-7.58838832E-1,
4.57E05,2.06000000E+2,1.95831161E+2,7.08496571E-1,
4.58E05,2.13000000E+2,1.95319656E+2,1.21143723E+0,
4.59E05,1.92000000E+2,1.94814575E+2,-2.03124478E-1,
4.6E05,1.89000000E+2,1.94315857E+2,-3.86671692E-1,
4.61E05,1.84000000E+2,1.93823395E+2,-7.24190295E-1,
4.62E05,1.95000000E+2,1.93337097E+2,1.19082950E-1,
4.63E05,1.75000000E+2,1.92856888E+2,-1.34985387E+0,
4.64E05,1.99000000E+2,1.92382690E+2,4.69088644E-1,
4.65E05,1.93000000E+2,1.91914429E+2,7.81411305E-2,
4.66E05,2.13000000E+2,1.91452011E+2,1.47644389E+0,
4.67E05,1.81000000E+2,1.90995361E+2,-7.42949367E-1,
4.68E05,1.98000000E+2,1.90544388E+2,5.29847264E-1,
4.69E05,1.86000000E+2,1.90099030E+2,-3.00555438E-1,
4.7E05,1.71000000E+2,1.89659210E+2,-1.42690551E+0,
4.71E05,1.74000000E+2,1.89224869E+2,-1.15419436E+0,
4.72E05,1.84000000E+2,1.88795898E+2,-3.53558332E-1,
4.73E05,1.91000000E+2,1.88372253E+2,1.90137073E-1,
4.74E05,1.76000000E+2,1.87953857E+2,-9.01055932E-1,
4.75E05,2.04000000E+2,1.87540619E+2,1.15238714E+0,
4.76E05,1.84000000E+2,1.87132507E+2,-2.30931506E-1,
4.77E05,1.72000000E+2,1.86729431E+2,-1.12310863E+0,
4.78E05,1.90000000E+2,1.86331329E+2,2.66153336E-1,
4.79E05,1.78000000E+2,1.85938110E+2,-5.94986558E-1,
4.8E05,1.84000000E+2,1.85549744E+2,-1.14248618E-1,
4.81E05,1.99000000E+2,1.85166168E+2,9.80654359E-1,
4.82E05,1.75000000E+2,1.84787292E+2,-7.39849746E-1,
4.83E05,1.76000000E+2,1.84413071E+2,-6.34159088E-1,
4.84E05,1.93000000E+2,1.84043427E+2,6.44708276E-1,
4.85E05,1.82000000E+2,1.83678329E+2,-1.24406062E-1,
4.86E05,2.00000000E+2,1.83317688E+2,1.17961752E+0,
4.87E05,1.94000000E+2,1.82961472E+2,7.92520165E-1,
4.88E05,1.80000000E+2,1.82609604E+2,-1.94508389E-1,
4.89E05,1.87000000E+2,1.82262024E+2,3.46475124E-1,
4.9E05,1.97000000E+2,1.81918701E+2,1.07449806E+0,
4.91E05,1.85000000E+2,1.81579544E+2,2.51476914E-1,
4.92E05,1.88000000E+2,1.81244522E+2,4.92693841E-1,
4.93E05,1.71000000E+2,1.80913589E+2,-7.58111119E-1,
4.94E05,1.91000000E+2,1.80586670E+2,7.53482103E-1,
4.95E05,1.81000000E+2,1.80263718E+2,5.47274388E-2,
4.96E05,1.77000000E+2,1.79944687E+2,-2.21336216E-1,
4.97E05,1.70000000E+2,1.79629532E+2,-7.38551378E-1,
4.98E05,1.71000000E+2,1.79318176E+2,-6.36106849E-1,
4.99E05,1.72000000E+2,1.79010605E+2,-5.34553587E-1,
5E05,1.77000000E+2,1.78706757E+2,-1.28287688E-1,
5.01E05,1.82000000E+2,1.78406586E+2,2.66361594E-1,
5.02E05,1.87000000E+2,1.78110016E+2,6.50100052E-1,
5.03E05,1.75000000E+2,1.77817047E+2,-2.12948740E-1,
5.04E05,1.69000000E+2,1.77527603E+2,-6.55969501E-1,
5.05E05,1.69000000E+2,1.77241653E+2,-6.33973360E-1,
5.06E05,1.59000000E+2,1.76959137E+2,-1.42425215E+0,
5.07E05,1.59000000E+2,1.76680023E+2,-1.40211701E+0,
5.08E05,1.88000000E+2,1.76404266E+2,8.45705807E-1,
5.09E05,1.71000000E+2,1.76131821E+2,-3.92440140E-1,
5.1E05,1.48000000E+2,1.75862640E+2,-2.29029489E+0,
5.11E05,1.75000000E+2,1.75596710E+2,-4.51070517E-2,
5.12E05,1.60000000E+2,1.75333939E+2,-1.21225429E+0,
5.13E05,1.83000000E+2,1.75074341E+2,5.85881591E-1,
5.14E05,1.72000000E+2,1.74817825E+2,-2.14857161E-1,
5.15E05,1.56000000E+2,1.74564392E+2,-1.48634088E+0,
5.16E05,1.79000000E+2,1.74313980E+2,3.50249559E-1,
5.17E05,1.82000000E+2,1.74066574E+2,5.88064671E-1,
5.18E05,1.71000000E+2,1.73822113E+2,-2.15812385E-1,
5.19E05,1.96000000E+2,1.73580566E+2,1.60138810E+0,
5.2E05,1.84000000E+2,1.73341888E+2,7.85726428E-1,
5.21E05,1.84000000E+2,1.73106064E+2,8.03111613E-1,
5.22E05,1.89000000E+2,1.72873047E+2,1.17306316E+0,
5.23E05,1.90000000E+2,1.72642792E+2,1.25922430E+0,
5.24E05,1.71000000E+2,1.72415283E+2,-1.08229414E-1,
5.25E05,1.56000000E+2,1.72190491E+2,-1.29627669E+0,
5.26E05,1.87000000E+2,1.71968353E+2,1.09922290E+0,
5.27E05,1.76000000E+2,1.71748840E+2,3.20443213E-1,
5.28E05,1.95000000E+2,1.71531952E+2,1.68058181E+0,
5.29E05,1.63000000E+2,1.71317612E+2,-6.51485622E-1,
5.3E05,1.74000000E+2,1.71105820E+2,2.19407246E-1,
5.31E05,1.73000000E+2,1.70896545E+2,1.59922689E-1,
5.32E05,1.67000000E+2,1.70689728E+2,-2.85519719E-1,
5.33E05,1.73000000E+2,1.70485367E+2,1.91184014E-1,
5.34E05,1.91000000E+2,1.70283417E+2,1.49899936E+0,
5.35E05,1.64000000E+2,1.70083847E+2,-4.75068629E-1,
5.36E05,1.63000000E+2,1.69886642E+2,-5.39403439E-1,
5.37E05,1.79000000E+2,1.69691757E+2,6.95730746E-1,
5.38E05,1.62000000E+2,1.69499176E+2,-5.89190900E-1,
5.39E05,1.84000000E+2,1.69308853E+2,1.08304572E+0,
5.4E05,1.84000000E+2,1.69120773E+2,1.09691119E+0,
5.41E05,1.88000000E+2,1.68934906E+2,1.39046490E+0,
5.42E05,1.69000000E+2,1.68751221E+2,1.91368684E-2,
5.43E05,1.55000000E+2,1.68569702E+2,-1.08994472E+0,
5.44E05,1.85000000E+2,1.68390320E+2,1.22116804E+0,
5.45E05,1.62000000E+2,1.68213028E+2,-4.88141567E-1,
5.46E05,1.52000000E+2,1.68037827E+2,-1.30083954E+0,
5.47E05,1.69000000E+2,1.67864685E+2,8.73319209E-2,
5.48E05,1.60000000E+2,1.67693558E+2,-6.08229160E-1,
5.49E05,1.70000000E+2,1.67524445E+2,1.89866439E-1,
5.5E05,1.55000000E+2,1.67357315E+2,-9.92563426E-1,
5.51E05,1.57000000E+2,1.67192139E+2,-8.13421249E-1,
5.52E05,1.76000000E+2,1.67028900E+2,6.76222086E-1,
5.53E05,1.93000000E+2,1.66867554E+2,1.88105464E+0,
5.54E05,1.59000000E+2,1.66708115E+2,-6.11293256E-1,
5.55E05,1.53000000E+2,1.66550522E+2,-1.09549475E+0,
5.56E05,1.54000000E+2,1.66394775E+2,-9.98799443E-1,
5.57E05,1.52000000E+2,1.66240845E+2,-1.15508509E+0,
5.58E05,1.84000000E+2,1.66088715E+2,1.32043743E+0,
5.59E05,1.81000000E+2,1.65938354E+2,1.11952329E+0,
5.6E05,1.76000000E+2,1.65789734E+2,7.69627750E-1,
5.61E05,1.75000000E+2,1.65642853E+2,7.07333863E-1,
5.62E05,1.63000000E+2,1.65497696E+2,-1.95634648E-1,
5.63E05,1.77000000E+2,1.65354218E+2,8.75350595E-1,
5.64E05,1.72000000E+2,1.65212402E+2,5.17549455E-1,
5.65E05,1.79000000E+2,1.65072235E+2,1.04101002E+0,
5.66E05,1.56000000E+2,1.64933716E+2,-7.15269744E-1,
5.67E05,1.56000000E+2,1.64796783E+2,-7.04306364E-1,
5.68E05,1.80000000E+2,1.64661453E+2,1.14326775E+0,
5.69E05,1.41000000E+2,1.64527695E+2,-1.98138928E+0,
5.7E05,1.67000000E+2,1.64395477E+2,2.01544017E-1,
5.71E05,1.65000000E+2,1.64264801E+2,5.72351627E-2,
5.72E05,1.82000000E+2,1.64135635E+2,1.32419479E+0,
5.73E05,1.78000000E+2,1.64007965E+2,1.04874742E+0,
5.74E05,1.55000000E+2,1.63881790E+2,-7.13402569E-1,
5.75E05,1.55000000E+2,1.63757050E+2,-7.03383148E-1,
5.76E05,1.64000000E+2,1.63633774E+2,2.85974611E-2,
5.77E05,1.65000000E+2,1.63511917E+2,1.15847096E-1,
5.78E05,1.68000000E+2,1.63391464E+2,3.55556250E-1,
5.79E05,1.66000000E+2,1.63272415E+2,2.11701632E-1,
5.8E05,1.59000000E+2,1.63154739E+2,-3.29492271E-1,
5.81E05,1.64000000E+2,1.63038422E+2,7.50866532E-2,
5.82E05,1.89000000E+2,1.62923431E+2,1.89679122E+0,
5.83E05,1.45000000E+2,1.62809784E+2,-1.47902203E+0,
5.84E05,1.75000000E+2,1.62697449E+2,9.29985464E-1,
5.85E05,1.75000000E+2,1.62586411E+2,9.38379169E-1,
5.86E05,1.63000000E+2,1.62476639E+2,4.09928113E-2,
5.87E05,1.84000000E+2,1.62368149E+2,1.59472120E+0,
5.88E05,1.51000000E+2,1.62260895E+2,-9.16398644E-1,
5.89E05,1.71000000E+2,1.62154877E+2,6.76403463E-1,
5.9E05,1.68000000E+2,1.62050095E+2,4.59045172E-1,
5.91E05,1.70000000E+2,1.61946503E+2,6.17675066E-1,
5.92E05,1.74000000E+2,1.61844116E+2,9.21535194E-1,
5.93E05,1.65000000E+2,1.61742889E+2,2.53565699E-1,
5.94E05,1.72000000E+2,1.61642838E+2,7.89726257E-1,
5.95E05,1.70000000E+2,1.61543930E+2,6.48550987E-1,
5.96E05,1.51000000E+2,1.61446167E+2,-8.50097001E-1,
5.97E05,1.40000000E+2,1.61349533E+2,-1.80436492E+0,
5.98E05,1.72000000E+2,1.61253998E+2,8.19374979E-1,
5.99E05,1.63000000E+2,1.61159561E+2,1.44154295E-1,
6E05,1.50000000E+2,1.61066208E+2,-9.03552115E-1,
6.01E05,1.61000000E+2,1.60973923E+2,2.05517677E-3,
6.02E05,1.71000000E+2,1.60882690E+2,7.73689985E-1,
6.03E05,1.80000000E+2,1.60792511E+2,1.43164170E+0,
6.04E05,1.67000000E+2,1.60703369E+2,4.87247944E-1,
6.05E05,1.93000000E+2,1.60615250E+2,2.33110523E+0,
6.06E05,1.75000000E+2,1.60528137E+2,1.09396994E+0,
6.07E05,1.64000000E+2,1.60442017E+2,2.77831823E-1,
6.08E05,1.84000000E+2,1.60356888E+2,1.74299335E+0,
6.09E05,1.66000000E+2,1.60272736E+2,4.44521934E-1,
6.1E05,1.55000000E+2,1.60189545E+2,-4.16834265E-1,
6.11E05,1.75000000E+2,1.60107300E+2,1.12578225E+0,
6.12E05,1.56000000E+2,1.60026001E+2,-3.22338045E-1,
6.13E05,1.57000000E+2,1.59945633E+2,-2.35087097E-1,
6.14E05,1.52000000E+2,1.59866180E+2,-6.38031483E-1,
6.15E05,1.59000000E+2,1.59787628E+2,-6.24629743E-2,
6.16E05,1.62000000E+2,1.59709976E+2,1.79921269E-1,
6.17E05,1.52000000E+2,1.59633224E+2,-6.19136274E-1,
6.18E05,1.57000000E+2,1.59557343E+2,-2.04098150E-1,
6.19E05,1.60000000E+2,1.59482315E+2,4.09265868E-2,
6.2E05,1.59000000E+2,1.59408157E+2,-3.23689841E-2,
6.21E05,1.40000000E+2,1.59334839E+2,-1.63409209E+0,
6.22E05,1.62000000E+2,1.59262360E+2,2.15089336E-1,
6.23E05,1.52000000E+2,1.59190704E+2,-5.83243132E-1,
6.24E05,1.80000000E+2,1.59119873E+2,1.55631280E+0,
6.25E05,1.50000000E+2,1.59049835E+2,-7.38915980E-1,
6.26E05,1.56000000E+2,1.58980606E+2,-2.38639474E-1,
6.27E05,1.85000000E+2,1.58912170E+2,1.91801536E+0,
6.28E05,1.48000000E+2,1.58844498E+2,-8.91412258E-1,
6.29E05,1.65000000E+2,1.58777603E+2,4.84412938E-1,
6.3E05,1.51000000E+2,1.58711472E+2,-6.27550662E-1,
6.31E05,1.75000000E+2,1.58646103E+2,1.23623836E+0,
6.32E05,1.60000000E+2,1.58581467E+2,1.12144910E-1,
6.33E05,1.74000000E+2,1.58517563E+2,1.17372048E+0,
6.34E05,1.73000000E+2,1.58454391E+2,1.10588217E+0,
6.35E05,1.61000000E+2,1.58391937E+2,2.05544144E-1,
6.36E05,1.57000000E+2,1.58330200E+2,-1.06161535E-1,
6.37E05,1.53000000E+2,1.58269150E+2,-4.25985515E-1,
6.38E05,1.53000000E+2,1.58208801E+2,-4.21106637E-1,
6.39E05,1.71000000E+2,1.58149139E+2,9.82729852E-1,
6.4E05,1.64000000E+2,1.58090149E+2,4.61481839E-1,
6.41E05,1.59000000E+2,1.58031830E+2,7.67808855E-2,
6.42E05,1.56000000E+2,1.57974182E+2,-1.58061072E-1,
6.43E05,1.90000000E+2,1.57917191E+2,2.32753158E+0,
6.44E05,1.83000000E+2,1.57860840E+2,1.85834014E+0,
6.45E05,1.54000000E+2,1.57805115E+2,-3.06624889E-1,
6.46E05,1.39000000E+2,1.57750046E+2,-1.59035814E+0,
6.47E05,1.64000000E+2,1.57695587E+2,4.92291927E-1,
6.48E05,1.55000000E+2,1.57641754E+2,-2.12190792E-1,
6.49E05,1.54000000E+2,1.57588516E+2,-2.89170891E-1,
6.5E05,1.76000000E+2,1.57535889E+2,1.39178479E+0,
6.51E05,1.41000000E+2,1.57483871E+2,-1.38819242E+0,
6.52E05,1.47000000E+2,1.57432434E+2,-8.60452652E-1,
6.53E05,1.64000000E+2,1.57381577E+2,5.16812027E-1,
6.54E05,1.62000000E+2,1.57331299E+2,3.66807818E-1,
6.55E05,1.55000000E+2,1.57281586E+2,-1.83261365E-1,
6.56E05,1.40000000E+2,1.57232437E+2,-1.45640671E+0,
6.57E05,1.61000000E+2,1.57183853E+2,3.00754517E-1,
6.58E05,1.48000000E+2,1.57135803E+2,-7.50958383E-1,
6.59E05,1.88000000E+2,1.57088318E+2,2.25446606E+0,
6.6E05,1.32000000E+2,1.57041351E+2,-2.17956996E+0,
6.61E05,1.50000000E+2,1.56994934E+2,-5.71133971E-1,
6.62E05,1.56000000E+2,1.56949020E+2,-7.59824440E-2,
6.63E05,1.71000000E+2,1.56903641E+2,1.07797551E+0,
6.64E05,1.57000000E+2,1.56858780E+2,1.12705901E-2,
6.65E05,1.54000000E+2,1.56814407E+2,-2.26791412E-1,
6.66E05,1.46000000E+2,1.56770554E+2,-8.91377330E-1,
6.67E05,1.57000000E+2,1.56727188E+2,2.17727590E-2,
6.68E05,1.59000000E+2,1.56684311E+2,1.83646083E-1,
6.69E05,1.65000000E+2,1.56641922E+2,6.50675476E-1,
6.7E05,1.37000000E+2,1.56600006E+2,-1.67454147E+0,
6.71E05,1.58000000E+2,1.56558578E+2,1.14673339E-1,
6.72E05,1.64000000E+2,1.56517609E+2,5.84276617E-1,
6.73E05,1.57000000E+2,1.56477097E+2,4.17322367E-2,
6.74E05,1.55000000E+2,1.56437042E+2,-1.15426011E-1,
6.75E05,1.59000000E+2,1.56397446E+2,2.06395984E-1,
6.76E05,1.44000000E+2,1.56358307E+2,-1.02985895E+0,
6.77E05,1.57000000E+2,1.56319595E+2,5.43022044E-2,
6.78E05,1.80000000E+2,1.56281326E+2,1.76788557E+0,
6.79E05,1.55000000E+2,1.56243484E+2,-9.98790786E-2,
6.8E05,1.90000000E+2,1.56206070E+2,2.45166945E+0,
6.81E05,1.70000000E+2,1.56169083E+2,1.06078291E+0,
6.82E05,1.57000000E+2,1.56132507E+2,6.92334548E-2,
6.83E05,1.65000000E+2,1.56096344E+2,6.93148673E-1,
6.84E05,1.42000000E+2,1.56060593E+2,-1.17993867E+0,
6.85E05,1.63000000E+2,1.56025253E+2,5.46304345E-1,
6.86E05,1.54000000E+2,1.55990295E+2,-1.60382569E-1,
6.87E05,1.52000000E+2,1.55955734E+2,-3.20852429E-1,
6.88E05,1.45000000E+2,1.55921570E+2,-9.06987011E-1,
6.89E05,1.64000000E+2,1.55887787E+2,6.33457422E-1,
6.9E05,1.57000000E+2,1.55854385E+2,9.14300010E-2,
6.91E05,1.52000000E+2,1.55821365E+2,-3.09953660E-1,
6.92E05,1.58000000E+2,1.55788712E+2,1.75920665E-1,
6.93E05,1.32000000E+2,1.55756424E+2,-2.06773138E+0,
6.94E05,1.46000000E+2,1.55724503E+2,-8.04805577E-1,
6.95E05,1.58000000E+2,1.55692947E+2,1.83539256E-1,
6.96E05,1.62000000E+2,1.55661743E+2,4.97980475E-1,
6.97E05,1.75000000E+2,1.55630875E+2,1.46416819E+0,
6.98E05,1.57000000E+2,1.55600372E+2,1.11702450E-1,
6.99E05,1.58000000E+2,1.55570206E+2,1.93304062E-1,
7E05,1.65000000E+2,1.55540390E+2,7.36429632E-1,
7.01E05,1.54000000E+2,1.55510895E+2,-1.21751368E-1,
7.02E05,1.58000000E+2,1.55481735E+2,2.00342387E-1,
7.03E05,1.57000000E+2,1.55452911E+2,1.23471119E-1,
7.04E05,1.70000000E+2,1.55424408E+2,1.11789691E+0,
7.05E05,1.54000000E+2,1.55396225E+2,-1.12511016E-1,
7.06E05,1.51000000E+2,1.55368347E+2,-3.55491042E-1,
7.07E05,1.70000000E+2,1.55340805E+2,1.12430894E+0,
7.08E05,1.52000000E+2,1.55313553E+2,-2.68764615E-1,
7.09E05,1.53000000E+2,1.55286621E+2,-1.84862360E-1,
7.1E05,1.41000000E+2,1.55259979E+2,-1.20090687E+0,
7.11E05,1.79000000E+2,1.55233658E+2,1.77637982E+0,
7.12E05,1.47000000E+2,1.55207611E+2,-6.76952362E-1,
7.13E05,1.49000000E+2,1.55181870E+2,-5.06438494E-1,
7.14E05,1.56000000E+2,1.55156418E+2,6.75406232E-2,
7.15E05,1.59000000E+2,1.55131241E+2,3.06812555E-1,
7.16E05,1.78000000E+2,1.55106354E+2,1.71595132E+0,
7.17E05,1.52000000E+2,1.55081741E+2,-2.49962226E-1,
7.18E05,1.84000000E+2,1.55057419E+2,2.13367534E+0,
7.19E05,1.73000000E+2,1.55033356E+2,1.36597860E+0,
7.2E05,1.64000000E+2,1.55009567E+2,7.02034831E-1,
7.21E05,1.76000000E+2,1.54986053E+2,1.58398581E+0,
7.22E05,1.54000000E+2,1.54962799E+2,-7.75845572E-2,
7.23E05,1.59000000E+2,1.54939804E+2,3.21994483E-1,
7.24E05,1.58000000E+2,1.54917053E+2,2.45266080E-1,
7.25E05,1.57000000E+2,1.54894577E+2,1.68031052E-1,
7.26E05,1.66000000E+2,1.54872345E+2,8.63673508E-1,
7.27E05,1.53000000E+2,1.54850372E+2,-1.49593741E-1,
7.28E05,1.55000000E+2,1.54828644E+2,1.37636615E-2,
7.29E05,1.51000000E+2,1.54807144E+2,-3.09821010E-1,
7.3E05,1.69000000E+2,1.54785904E+2,1.09339201E+0,
7.31E05,1.43000000E+2,1.54764893E+2,-9.83829737E-1,
7.32E05,1.53000000E+2,1.54744125E+2,-1.41004175E-1,
7.33E05,1.62000000E+2,1.54723587E+2,5.71689010E-1,
7.34E05,1.40000000E+2,1.54703278E+2,-1.24265373E+0,
7.35E05,1.57000000E+2,1.54683197E+2,1.84901014E-1,
7.36E05,1.56000000E+2,1.54663330E+2,1.07019246E-1,
7.37E05,1.53000000E+2,1.54643707E+2,-1.32885858E-1,
7.38E05,1.49000000E+2,1.54624283E+2,-4.60759193E-1,
7.39E05,1.81000000E+2,1.54605087E+2,1.96191847E+0,
7.4E05,1.62000000E+2,1.54586105E+2,5.82490563E-1,
7.41E05,1.53000000E+2,1.54567352E+2,-1.26712918E-1,
7.42E05,1.71000000E+2,1.54548782E+2,1.25805604E+0,
7.43E05,1.46000000E+2,1.54530441E+2,-7.05984354E-1,
7.44E05,1.84000000E+2,1.54512299E+2,2.17386222E+0,
7.45E05,1.60000000E+2,1.54494354E+2,4.35259521E-1,
7.46E05,1.66000000E+2,1.54476624E+2,8.94387424E-1,
7.47E05,1.63000000E+2,1.54459076E+2,6.68976784E-1,
7.48E05,1.53000000E+2,1.54441742E+2,-1.16557926E-1,
7.49E05,1.59000000E+2,1.54424591E+2,3.62853527E-1,
7.5E05,1.65000000E+2,1.54407639E+2,8.24614227E-1,
7.51E05,1.55000000E+2,1.54390869E+2,4.89265658E-2,
7.52E05,1.62000000E+2,1.54374283E+2,5.99132955E-1,
7.53E05,1.54000000E+2,1.54357895E+2,-2.88399924E-2,
7.54E05,1.51000000E+2,1.54341690E+2,-2.71942884E-1,
7.55E05,1.78000000E+2,1.54325668E+2,1.77446616E+0,
7.56E05,1.59000000E+2,1.54309814E+2,3.71955901E-1,
7.57E05,1.53000000E+2,1.54294144E+2,-1.04625314E-1,
7.58E05,1.64000000E+2,1.54278656E+2,7.59109437E-1,
7.59E05,1.60000000E+2,1.54263336E+2,4.53523099E-1,
7.6E05,1.68000000E+2,1.54248184E+2,1.06097567E+0,
7.61E05,1.44000000E+2,1.54233200E+2,-8.52766693E-1,
7.62E05,1.65000000E+2,1.54218399E+2,8.39346468E-1,
7.63E05,1.26000000E+2,1.54203751E+2,-2.51258993E+0,
7.64E05,1.39000000E+2,1.54189270E+2,-1.28833711E+0,
7.65E05,1.41000000E+2,1.54174942E+2,-1.10953021E+0,
7.66E05,1.40000000E+2,1.54160782E+2,-1.19680452E+0,
7.67E05,1.55000000E+2,1.54146790E+2,6.85315132E-2,
7.68E05,1.30000000E+2,1.54132950E+2,-2.11659980E+0,
7.69E05,1.57000000E+2,1.54119263E+2,2.29907870E-1,
7.7E05,1.62000000E+2,1.54105728E+2,6.20232582E-1,
7.71E05,1.60000000E+2,1.54092331E+2,4.67042238E-1,
7.72E05,1.42000000E+2,1.54079102E+2,-1.01365566E+0,
7.73E05,1.52000000E+2,1.54066025E+2,-1.67576745E-1,
7.74E05,1.58000000E+2,1.54053085E+2,3.13999683E-1,
7.75E05,1.56000000E+2,1.54040283E+2,1.56902924E-1,
7.76E05,1.57000000E+2,1.54027634E+2,2.37220660E-1,
7.77E05,1.33000000E+2,1.54015121E+2,-1.82224214E+0,
7.78E05,1.62000000E+2,1.54002762E+2,6.28322363E-1,
7.79E05,1.56000000E+2,1.53990524E+2,1.60886824E-1,
7.8E05,1.52000000E+2,1.53978424E+2,-1.60471380E-1,
7.81E05,1.58000000E+2,1.53966476E+2,3.20889920E-1,
7.82E05,1.47000000E+2,1.53954651E+2,-5.73609948E-1,
7.83E05,1.58000000E+2,1.53942947E+2,3.22761774E-1,
7.84E05,1.40000000E+2,1.53931396E+2,-1.17741787E+0,
7.85E05,1.69000000E+2,1.53919968E+2,1.16000247E+0,
7.86E05,1.50000000E+2,1.53908661E+2,-3.19140822E-1,
7.87E05,1.45000000E+2,1.53897476E+2,-7.38895178E-1,
7.88E05,1.52000000E+2,1.53886429E+2,-1.53009579E-1,
7.89E05,1.53000000E+2,1.53875504E+2,-7.07802698E-2,
7.9E05,1.47000000E+2,1.53864685E+2,-5.66189647E-1,
7.91E05,1.69000000E+2,1.53854004E+2,1.16507661E+0,
7.92E05,1.46000000E+2,1.53843445E+2,-6.49128139E-1,
7.93E05,1.77000000E+2,1.53832993E+2,1.74133897E+0,
7.94E05,1.44000000E+2,1.53822662E+2,-8.18555176E-1,
7.95E05,1.46000000E+2,1.53812439E+2,-6.46562040E-1,
7.96E05,1.73000000E+2,1.53802338E+2,1.45957124E+0,
7.97E05,1.66000000E+2,1.53792358E+2,9.47496712E-1,
7.98E05,1.51000000E+2,1.53782471E+2,-2.26434261E-1,
7.99E05,1.34000000E+2,1.53772705E+2,-1.70810151E+0,
8E05,1.40000000E+2,1.53763046E+2,-1.16318977E+0,
8.01E05,1.49000000E+2,1.53753510E+2,-3.89422685E-1,
8.02E05,1.60000000E+2,1.53744064E+2,4.94575143E-1,
8.03E05,1.32000000E+2,1.53734726E+2,-1.89176512E+0,
8.04E05,1.49000000E+2,1.53725494E+2,-3.87127578E-1,
8.05E05,1.67000000E+2,1.53716370E+2,1.02791822E+0,
8.06E05,1.80000000E+2,1.53707336E+2,1.95973945E+0,
8.07E05,1.59000000E+2,1.53698410E+2,4.20443416E-1,
8.08E05,1.28000000E+2,1.53689590E+2,-2.27066040E+0,
8.09E05,1.54000000E+2,1.53680862E+2,2.57168394E-2,
8.1E05,1.58000000E+2,1.53672226E+2,3.44299227E-1,
8.11E05,1.61000000E+2,1.53663696E+2,5.78181744E-1,
8.12E05,1.72000000E+2,1.53655258E+2,1.39877343E+0,
8.13E05,1.30000000E+2,1.53646912E+2,-2.07397127E+0,
8.14E05,1.41000000E+2,1.53638657E+2,-1.06436694E+0,
8.15E05,1.67000000E+2,1.53630508E+2,1.03456235E+0,
8.16E05,1.63000000E+2,1.53622437E+2,7.34507442E-1,
8.17E05,1.61000000E+2,1.53614456E+2,5.82062423E-1,
8.18E05,1.65000000E+2,1.53606567E+2,8.86977494E-1,
8.19E05,1.63000000E+2,1.53598770E+2,7.36361146E-1,
8.2E05,1.56000000E+2,1.53591049E+2,1.92870423E-1,
8.21E05,1.55000000E+2,1.53583435E+2,1.13781236E-1,
8.22E05,1.46000000E+2,1.53575882E+2,-6.26984477E-1,
8.23E05,1.61000000E+2,1.53568436E+2,5.85689306E-1,
8.24E05,1.20000000E+2,1.53561066E+2,-3.06369209E+0,
8.25E05,1.49000000E+2,1.53553772E+2,-3.73059541E-1,
8.26E05,1.30000000E+2,1.53546555E+2,-2.06516933E+0,
8.27E05,1.49000000E+2,1.53539429E+2,-3.71884495E-1,
8.28E05,1.56000000E+2,1.53532379E+2,1.97567791E-1,
8.29E05,1.52000000E+2,1.53525406E+2,-1.23726755E-1,
8.3E05,1.67000000E+2,1.53518509E+2,1.04322910E+0,
8.31E05,1.59000000E+2,1.53511703E+2,4.35250223E-1,
8.32E05,1.62000000E+2,1.53504959E+2,6.67433441E-1,
8.33E05,1.47000000E+2,1.53498291E+2,-5.35970032E-1,
8.34E05,1.74000000E+2,1.53491714E+2,1.55472910E+0,
8.35E05,1.55000000E+2,1.53485184E+2,1.21672973E-1,
8.36E05,1.72000000E+2,1.53478745E+2,1.41223252E+0,
8.37E05,1.76000000E+2,1.53472382E+2,1.69808316E+0,
8.38E05,1.70000000E+2,1.53466080E+2,1.26809382E+0,
8.39E05,1.70000000E+2,1.53459839E+2,1.26857245E+0,
8.4E05,1.80000000E+2,1.53453690E+2,1.97864521E+0,
8.41E05,1.72000000E+2,1.53447601E+2,1.41460717E+0,
8.42E05,1.67000000E+2,1.53441574E+2,1.04918253E+0,
8.43E05,1.60000000E+2,1.53435608E+2,5.18960774E-1,
8.44E05,1.50000000E+2,1.53429718E+2,-2.80035317E-1,
8.45E05,1.66000000E+2,1.53423904E+2,9.76094306E-1,
8.46E05,1.43000000E+2,1.53418137E+2,-8.71208370E-1,
8.47E05,1.57000000E+2,1.53412445E+2,2.86318064E-1,
8.48E05,1.89000000E+2,1.53406815E+2,2.58902335E+0,
8.49E05,1.44000000E+2,1.53401245E+2,-7.83437073E-1,
8.5E05,1.75000000E+2,1.53395737E+2,1.63312876E+0,
8.51E05,1.46000000E+2,1.53390305E+2,-6.11625969E-1,
8.52E05,1.60000000E+2,1.53384918E+2,5.22968113E-1,
8.53E05,1.54000000E+2,1.53379593E+2,4.99938279E-2,
8.54E05,1.80000000E+2,1.53374329E+2,1.98456037E+0,
8.55E05,1.49000000E+2,1.53369125E+2,-3.57932687E-1,
8.56E05,1.53000000E+2,1.53363983E+2,-2.94262934E-2,
8.57E05,1.53000000E+2,1.53358887E+2,-2.90142726E-2,
8.58E05,1.55000000E+2,1.53353851E+2,1.32221848E-1,
8.59E05,1.51000000E+2,1.53348877E+2,-1.91148892E-1,
8.6E05,1.63000000E+2,1.53343964E+2,7.56319106E-1,
8.61E05,1.44000000E+2,1.53339096E+2,-7.78258026E-1,
8.62E05,1.64000000E+2,1.53334274E+2,8.32853258E-1,
8.63E05,1.55000000E+2,1.53329514E+2,1.34176701E-1,
8.64E05,1.76000000E+2,1.53324814E+2,1.70920646E+0,
8.65E05,1.50000000E+2,1.53320160E+2,-2.71089911E-1,
8.66E05,1.53000000E+2,1.53315567E+2,-2.55120806E-2,
8.67E05,1.55000000E+2,1.53311020E+2,1.35662138E-1,
8.68E05,1.67000000E+2,1.53306519E+2,1.05963337E+0,
8.69E05,1.64000000E+2,1.53302063E+2,8.35368514E-1,
8.7E05,1.64000000E+2,1.53297668E+2,8.35711658E-1,
8.71E05,1.44000000E+2,1.53293320E+2,-7.74443328E-1,
8.72E05,1.72000000E+2,1.53289017E+2,1.42669904E+0,
8.73E05,1.46000000E+2,1.53284760E+2,-6.02890968E-1,
8.74E05,1.53000000E+2,1.53280563E+2,-2.26822030E-2,
8.75E05,1.57000000E+2,1.53276398E+2,2.97175825E-1,
8.76E05,1.79000000E+2,1.53272293E+2,1.92297912E+0,
8.77E05,1.69000000E+2,1.53268219E+2,1.21013701E+0,
8.78E05,1.60000000E+2,1.53264206E+2,5.32511294E-1,
8.79E05,1.60000000E+2,1.53260223E+2,5.32826126E-1,
8.8E05,1.47000000E+2,1.53256302E+2,-5.16011059E-1,
8.81E05,1.41000000E+2,1.53252411E+2,-1.03183913E+0,
8.82E05,1.60000000E+2,1.53248566E+2,5.33747733E-1,
8.83E05,1.55000000E+2,1.53244766E+2,1.40983760E-1,
8.84E05,1.64000000E+2,1.53241013E+2,8.40135753E-1,
8.85E05,1.37000000E+2,1.53237289E+2,-1.38724530E+0,
8.86E05,1.61000000E+2,1.53233612E+2,6.12077117E-1,
8.87E05,1.36000000E+2,1.53229980E+2,-1.47745860E+0,
8.88E05,1.59000000E+2,1.53226379E+2,4.57877904E-1,
8.89E05,1.69000000E+2,1.53222839E+2,1.21362770E+0,
8.9E05,1.49000000E+2,1.53219315E+2,-3.45659733E-1,
8.91E05,1.74000000E+2,1.53215851E+2,1.57564223E+0,
8.92E05,1.68000000E+2,1.53212402E+2,1.14088798E+0,
8.93E05,1.59000000E+2,1.53209015E+2,4.59254980E-1,
8.94E05,1.48000000E+2,1.53205658E+2,-4.27902460E-1,
8.95E05,1.44000000E+2,1.53202332E+2,-7.66860962E-1,
8.96E05,1.52000000E+2,1.53199051E+2,-9.72558707E-2,
8.97E05,1.58000000E+2,1.53195801E+2,3.82201582E-1,
8.98E05,1.46000000E+2,1.53192581E+2,-5.95262229E-1,
8.99E05,1.69000000E+2,1.53189407E+2,1.21619940E+0,
9E05,1.37000000E+2,1.53186264E+2,-1.38288581E+0,
9.01E05,1.46000000E+2,1.53183167E+2,-5.94483078E-1,
9.02E05,1.55000000E+2,1.53180084E+2,1.46179155E-1,
9.03E05,1.40000000E+2,1.53177048E+2,-1.11366379E+0,
9.04E05,1.68000000E+2,1.53174057E+2,1.14384639E+0,
9.05E05,1.57000000E+2,1.53171082E+2,3.05580974E-1,
9.06E05,1.59000000E+2,1.53168137E+2,4.62496847E-1,
9.07E05,1.61000000E+2,1.53165237E+2,6.17465794E-1,
9.08E05,1.56000000E+2,1.53162369E+2,2.27192327E-1,
9.09E05,1.31000000E+2,1.53159531E+2,-1.93608713E+0,
9.1E05,1.30000000E+2,1.53156723E+2,-2.03097892E+0,
9.11E05,1.58000000E+2,1.53153946E+2,3.85531366E-1,
9.12E05,1.57000000E+2,1.53151199E+2,3.07167739E-1,
9.13E05,1.40000000E+2,1.53148483E+2,-1.11124969E+0,
9.14E05,1.50000000E+2,1.53145798E+2,-2.56853312E-1,
9.15E05,1.63000000E+2,1.53143143E+2,7.72048652E-1,
9.16E05,1.40000000E+2,1.53140518E+2,-1.11057651E+0,
9.17E05,1.46000000E+2,1.53137924E+2,-5.90738833E-1,
9.18E05,1.47000000E+2,1.53135361E+2,-5.06036043E-1,
9.19E05,1.45000000E+2,1.53132828E+2,-6.75394595E-1,
9.2E05,1.70000000E+2,1.53130310E+2,1.29384613E+0,
9.21E05,1.64000000E+2,1.53127838E+2,8.48973215E-1,
9.22E05,1.62000000E+2,1.53125381E+2,6.97255909E-1,
9.23E05,1.68000000E+2,1.53122955E+2,1.14778888E+0,
9.24E05,1.38000000E+2,1.53120560E+2,-1.28714752E+0,
9.25E05,1.49000000E+2,1.53118179E+2,-3.37374389E-1,
9.26E05,1.59000000E+2,1.53115829E+2,4.66645062E-1,
9.27E05,1.44000000E+2,1.53113510E+2,-7.59459198E-1,
9.28E05,1.46000000E+2,1.53111221E+2,-5.88528872E-1,
9.29E05,1.54000000E+2,1.53108948E+2,7.18030334E-2,
9.3E05,1.49000000E+2,1.53106705E+2,-3.36434364E-1,
9.31E05,1.60000000E+2,1.53104492E+2,5.45137763E-1,
9.32E05,1.43000000E+2,1.53102295E+2,-8.44796360E-1,
9.33E05,1.56000000E+2,1.53100128E+2,2.32175559E-1,
9.34E05,1.64000000E+2,1.53097977E+2,8.51305008E-1,
9.35E05,1.53000000E+2,1.53095856E+2,-7.74947507E-3,
9.36E05,1.46000000E+2,1.53093765E+2,-5.87084174E-1,
9.37E05,1.50000000E+2,1.53091690E+2,-2.52435446E-1,
9.38E05,1.61000000E+2,1.53089645E+2,6.23423278E-1,
9.39E05,1.55000000E+2,1.53087616E+2,1.53606385E-1,
9.4E05,1.71000000E+2,1.53085602E+2,1.36994827E+0,
9.41E05,1.65000000E+2,1.53083633E+2,9.27687883E-1,
9.42E05,1.56000000E+2,1.53081665E+2,2.33653799E-1,
9.43E05,1.54000000E+2,1.53079727E+2,7.41576999E-2,
9.44E05,1.49000000E+2,1.53077805E+2,-3.34066778E-1,
9.45E05,1.48000000E+2,1.53075912E+2,-4.17237431E-1,
9.46E05,1.43000000E+2,1.53074036E+2,-8.42433155E-1,
9.47E05,1.62000000E+2,1.53072189E+2,7.01435030E-1,
9.48E05,1.42000000E+2,1.53070358E+2,-9.29003835E-1,
9.49E05,1.61000000E+2,1.53068542E+2,6.25086427E-1,
9.5E05,1.51000000E+2,1.53066742E+2,-1.68189079E-1,
9.51E05,1.46000000E+2,1.53064972E+2,-5.84701240E-1,
9.52E05,1.50000000E+2,1.53063217E+2,-2.50110626E-1,
9.53E05,1.39000000E+2,1.53061493E+2,-1.19268024E+0,
9.54E05,1.61000000E+2,1.53059769E+2,6.25777900E-1,
9.55E05,1.49000000E+2,1.53058075E+2,-3.32450449E-1,
9.56E05,1.65000000E+2,1.53056412E+2,9.29807067E-1,
9.57E05,1.44000000E+2,1.53054749E+2,-7.54562378E-1,
9.58E05,1.56000000E+2,1.53053116E+2,2.35939562E-1,
9.59E05,1.53000000E+2,1.53051483E+2,-4.16216627E-3,
9.6E05,1.39000000E+2,1.53049881E+2,-1.19169533E+0,
9.61E05,1.47000000E+2,1.53048309E+2,-4.98856127E-1,
9.62E05,1.57000000E+2,1.53046738E+2,3.15504670E-1,
9.63E05,1.45000000E+2,1.53045181E+2,-6.68115914E-1,
9.64E05,1.51000000E+2,1.53043655E+2,-1.66310310E-1,
9.65E05,1.59000000E+2,1.53042145E+2,4.72488642E-1,
9.66E05,1.40000000E+2,1.53040649E+2,-1.10213602E+0,
9.67E05,1.65000000E+2,1.53039154E+2,9.31150556E-1,
9.68E05,1.51000000E+2,1.53037704E+2,-1.65826038E-1,
9.69E05,1.35000000E+2,1.53036255E+2,-1.55231369E+0,
9.7E05,1.75000000E+2,1.53034821E+2,1.66041148E+0,
9.71E05,1.64000000E+2,1.53033401E+2,8.56347442E-1,
9.72E05,1.53000000E+2,1.53031998E+2,-2.58685928E-3,
9.73E05,1.24000000E+2,1.53030609E+2,-2.60702562E+0,
9.74E05,1.57000000E+2,1.53029251E+2,3.16900253E-1,
9.75E05,1.62000000E+2,1.53027893E+2,7.04915285E-1,
9.76E05,1.60000000E+2,1.53026550E+2,5.51299632E-1,
9.77E05,1.47000000E+2,1.53025223E+2,-4.96951997E-1,
9.78E05,1.24000000E+2,1.53023926E+2,-2.60642552E+0,
9.79E05,1.82000000E+2,1.53022629E+2,2.14794564E+0,
9.8E05,1.55000000E+2,1.53021347E+2,1.58929229E-1,
9.81E05,1.57000000E+2,1.53020081E+2,3.17632139E-1,
9.82E05,1.50000000E+2,1.53018829E+2,-2.46486381E-1,
9.83E05,1.50000000E+2,1.53017593E+2,-2.46385470E-1,
9.84E05,1.51000000E+2,1.53016357E+2,-1.64088845E-1,
9.85E05,1.37000000E+2,1.53015152E+2,-1.36826682E+0,
9.86E05,1.49000000E+2,1.53013962E+2,-3.28836560E-1,
9.87E05,1.37000000E+2,1.53012772E+2,-1.36806345E+0,
9.88E05,1.36000000E+2,1.53011597E+2,-1.45873237E+0,
9.89E05,1.35000000E+2,1.53010452E+2,-1.55009294E+0,
9.9E05,1.36000000E+2,1.53009308E+2,-1.45853615E+0,
9.91E05,1.72000000E+2,1.53008163E+2,1.44811392E+0,
9.92E05,1.75000000E+2,1.53007050E+2,1.66251075E+0,
9.93E05,1.54000000E+2,1.53005951E+2,8.01027566E-2,
9.94E05,1.65000000E+2,1.53004852E+2,9.33820963E-1,
9.95E05,1.43000000E+2,1.53003769E+2,-8.36557150E-1,
9.96E05,1.61000000E+2,1.53002701E+2,6.30275488E-1,
9.97E05,1.63000000E+2,1.53001633E+2,7.83132553E-1,
9.98E05,1.46000000E+2,1.53000595E+2,-5.79373360E-1,
9.99E05,1.70000000E+2,1.52999557E+2,1.30387437E+0,
1E06,1.62000000E+2,1.52998535E+2,7.07221866E-1,
1.001E006,1.75000000E+2,1.52997528E+2,1.66323054E+0,
1.002E006,1.46000000E+2,1.52996521E+2,-5.79036176E-1,
1.003E006,1.72000000E+2,1.52995529E+2,1.44907737E+0,
1.004E006,1.56000000E+2,1.52994553E+2,2.40628377E-1,
1.005E006,1.46000000E+2,1.52993591E+2,-5.78793705E-1,
1.006E006,1.56000000E+2,1.52992630E+2,2.40782306E-1,
1.007E006,1.44000000E+2,1.52991684E+2,-7.49306977E-1,
1.008E006,1.61000000E+2,1.52990753E+2,6.31217062E-1,
1.009E006,1.40000000E+2,1.52989822E+2,-1.09784043E+0,
1.01E06,1.52000000E+2,1.52988907E+2,-8.02109390E-2,
1.011E006,1.50000000E+2,1.52988007E+2,-2.43969724E-1,
1.012E006,1.37000000E+2,1.52987122E+2,-1.36587203E+0,
1.013E006,1.20000000E+2,1.52986237E+2,-3.01121783E+0,
1.014E006,1.59000000E+2,1.52985352E+2,4.76992637E-1,
1.015E006,1.47000000E+2,1.52984497E+2,-4.93593007E-1,
1.016E006,1.67000000E+2,1.52983643E+2,1.08461833E+0,
1.017E006,1.61000000E+2,1.52982788E+2,6.31844819E-1,
1.018E006,1.67000000E+2,1.52981949E+2,1.08474934E+0,
1.019E006,1.62000000E+2,1.52981125E+2,7.08589733E-1,
1.02E06,1.50000000E+2,1.52980316E+2,-2.43341804E-1,
1.021E006,1.54000000E+2,1.52979507E+2,8.22336301E-2,
1.022E006,1.53000000E+2,1.52978699E+2,1.72210555E-3,
1.023E006,1.65000000E+2,1.52977905E+2,9.35918808E-1,
1.024E006,1.34000000E+2,1.52977127E+2,-1.63937402E+0,
1.025E006,1.28000000E+2,1.52976364E+2,-2.20761967E+0,
1.026E006,1.39000000E+2,1.52975586E+2,-1.18539369E+0,
1.027E006,1.56000000E+2,1.52974838E+2,2.42206782E-1,
1.028E006,1.68000000E+2,1.52974091E+2,1.15927410E+0,
1.029E006,1.24000000E+2,1.52973358E+2,-2.60188437E+0,
1.03E06,1.48000000E+2,1.52972626E+2,-4.08747315E-1,
1.031E006,1.31000000E+2,1.52971893E+2,-1.91969323E+0,
1.032E006,1.51000000E+2,1.52971176E+2,-1.60412043E-1,
1.033E006,1.49000000E+2,1.52970474E+2,-3.25273931E-1,
1.034E006,1.60000000E+2,1.52969772E+2,5.55788279E-1,
1.035E006,1.45000000E+2,1.52969086E+2,-6.61796570E-1,
1.036E006,1.57000000E+2,1.52968399E+2,3.21756780E-1,
1.037E006,1.63000000E+2,1.52967728E+2,7.85788178E-1,
1.038E006,1.51000000E+2,1.52967056E+2,-1.60076767E-1,
1.039E006,1.46000000E+2,1.52966400E+2,-5.76543391E-1,
1.04E06,1.70000000E+2,1.52965744E+2,1.30646777E+0,
1.041E006,1.60000000E+2,1.52965103E+2,5.56157410E-1,
1.042E006,1.42000000E+2,1.52964462E+2,-9.20117199E-1,
1.043E006,1.78000000E+2,1.52963837E+2,1.87653983E+0,
1.044E006,1.62000000E+2,1.52963211E+2,7.09997177E-1,
1.045E006,1.52000000E+2,1.52962585E+2,-7.80759901E-2,
1.046E006,1.62000000E+2,1.52961975E+2,7.10094273E-1,
1.047E006,1.40000000E+2,1.52961380E+2,-1.09543657E+0,
1.048E006,1.40000000E+2,1.52960770E+2,-1.09538496E+0,
1.049E006,1.53000000E+2,1.52960190E+2,3.21846246E-3,
1.05E06,1.70000000E+2,1.52959595E+2,1.30693948E+0,
1.051E006,1.61000000E+2,1.52959030E+2,6.33717179E-1,
1.052E006,1.41000000E+2,1.52958450E+2,-1.00708318E+0,
1.053E006,1.40000000E+2,1.52957886E+2,-1.09514117E+0,
1.054E006,1.29000000E+2,1.52957336E+2,-2.10932589E+0,
1.055E006,1.59000000E+2,1.52956772E+2,4.79259163E-1,
1.056E006,1.56000000E+2,1.52956238E+2,2.43696019E-1,
1.057E006,1.59000000E+2,1.52955688E+2,4.79345083E-1,
1.058E006,1.57000000E+2,1.52955154E+2,3.22813809E-1,
1.059E006,1.67000000E+2,1.52954636E+2,1.08686292E+0,
1.06E06,1.55000000E+2,1.52954102E+2,1.64330512E-1,
1.061E006,1.44000000E+2,1.52953598E+2,-7.46133149E-1,
1.062E006,1.43000000E+2,1.52953079E+2,-8.32318306E-1,
1.063E006,1.47000000E+2,1.52952576E+2,-4.90960151E-1,
1.064E006,1.38000000E+2,1.52952072E+2,-1.27280498E+0,
1.065E006,1.69000000E+2,1.52951584E+2,1.23449361E+0,
1.066E006,1.44000000E+2,1.52951096E+2,-7.45924652E-1,
1.067E006,1.78000000E+2,1.52950607E+2,1.87753141E+0,
1.068E006,1.85000000E+2,1.52950134E+2,2.35635304E+0,
1.069E006,1.40000000E+2,1.52949661E+2,-1.09444618E+0,
1.07E06,1.45000000E+2,1.52949203E+2,-6.60145402E-1,
1.071E006,1.62000000E+2,1.52948730E+2,7.11134911E-1,
1.072E006,1.50000000E+2,1.52948273E+2,-2.40725458E-1,
1.073E006,1.51000000E+2,1.52947830E+2,-1.58512175E-1,
1.074E006,1.44000000E+2,1.52947388E+2,-7.45615661E-1,
1.075E006,1.48000000E+2,1.52946945E+2,-4.06636387E-1,
1.076E006,1.59000000E+2,1.52946503E+2,4.80073541E-1,
1.077E006,1.62000000E+2,1.52946075E+2,7.11343527E-1,
1.078E006,1.61000000E+2,1.52945648E+2,6.34771824E-1,
1.079E006,1.58000000E+2,1.52945221E+2,4.02136624E-1,
1.08E06,1.46000000E+2,1.52944809E+2,-5.74756503E-1,
1.081E006,1.56000000E+2,1.52944397E+2,2.44644031E-1,
1.082E006,1.63000000E+2,1.52943985E+2,7.87647903E-1,
1.083E006,1.79000000E+2,1.52943588E+2,1.94754767E+0,
1.084E006,1.40000000E+2,1.52943192E+2,-1.09389937E+0,
1.085E006,1.48000000E+2,1.52942795E+2,-4.06295240E-1,
1.086E006,1.64000000E+2,1.52942398E+2,8.63453627E-1,
1.087E006,1.56000000E+2,1.52942017E+2,2.44834617E-1,
1.088E006,1.55000000E+2,1.52941635E+2,1.65331841E-1,
1.089E006,1.44000000E+2,1.52941254E+2,-7.45104492E-1,
1.09E06,1.61000000E+2,1.52940887E+2,6.35147035E-1,
1.091E006,1.37000000E+2,1.52940521E+2,-1.36189067E+0,
1.092E006,1.48000000E+2,1.52940155E+2,-4.06078249E-1,
1.093E006,1.55000000E+2,1.52939789E+2,1.65480137E-1,
1.094E006,1.51000000E+2,1.52939438E+2,-1.57829210E-1,
1.095E006,1.68000000E+2,1.52939087E+2,1.16197467E+0,
1.096E006,1.54000000E+2,1.52938736E+2,8.55190903E-2,
1.097E006,1.69000000E+2,1.52938385E+2,1.23550880E+0,
1.098E006,1.65000000E+2,1.52938049E+2,9.39021587E-1,
1.099E006,1.41000000E+2,1.52937714E+2,-1.00533688E+0,
1.1E06,1.58000000E+2,1.52937378E+2,4.02760595E-1,
1.101E006,1.53000000E+2,1.52937042E+2,5.08983340E-3,
1.102E006,1.56000000E+2,1.52936722E+2,2.45258540E-1,
1.103E006,1.69000000E+2,1.52936401E+2,1.23566139E+0,
1.104E006,1.66000000E+2,1.52936081E+2,1.01395679E+0,
1.105E006,1.63000000E+2,1.52935760E+2,7.88292050E-1,
1.106E006,1.64000000E+2,1.52935455E+2,8.63995790E-1,
1.107E006,1.56000000E+2,1.52935150E+2,2.45384380E-1,
1.108E006,1.44000000E+2,1.52934845E+2,-7.44570434E-1,
1.109E006,1.70000000E+2,1.52934540E+2,1.30886102E+0,
1.11E06,1.59000000E+2,1.52934235E+2,4.81046468E-1,
1.111E006,1.52000000E+2,1.52933945E+2,-7.57529214E-2,
1.112E006,1.63000000E+2,1.52933655E+2,7.88456976E-1,
1.113E006,1.30000000E+2,1.52933365E+2,-2.01138926E+0,
1.114E006,1.49000000E+2,1.52933075E+2,-3.22210044E-1,
1.115E006,1.58000000E+2,1.52932800E+2,4.03124779E-1,
1.116E006,1.58000000E+2,1.52932526E+2,4.03146625E-1,
1.117E006,1.47000000E+2,1.52932251E+2,-4.89283800E-1,
1.118E006,1.31000000E+2,1.52931976E+2,-1.91620564E+0,
1.119E006,1.65000000E+2,1.52931702E+2,9.39515710E-1,
1.12E06,1.60000000E+2,1.52931442E+2,5.58818579E-1,
1.121E006,1.66000000E+2,1.52931168E+2,1.01433814E+0,
1.122E006,1.43000000E+2,1.52930908E+2,-8.30464244E-1,
1.123E006,1.58000000E+2,1.52930649E+2,4.03295934E-1,
1.124E006,1.35000000E+2,1.52930405E+2,-1.54320347E+0,
1.125E006,1.74000000E+2,1.52930145E+2,1.59730160E+0,
1.126E006,1.42000000E+2,1.52929901E+2,-9.17216897E-1,
1.127E006,1.45000000E+2,1.52929657E+2,-6.58522189E-1,
1.128E006,1.31000000E+2,1.52929413E+2,-1.91598165E+0,
1.129E006,1.45000000E+2,1.52929169E+2,-6.58481598E-1,
1.13E06,1.64000000E+2,1.52928925E+2,8.64505708E-1,
1.131E006,1.39000000E+2,1.52928696E+2,-1.18141651E+0,
1.132E006,1.67000000E+2,1.52928467E+2,1.08888793E+0,
1.133E006,1.38000000E+2,1.52928238E+2,-1.27077603E+0,
1.134E006,1.46000000E+2,1.52928009E+2,-5.73366106E-1,
1.135E006,1.42000000E+2,1.52927780E+2,-9.17038918E-1,
1.136E006,1.42000000E+2,1.52927551E+2,-9.17019725E-1,
1.137E006,1.57000000E+2,1.52927338E+2,3.25033844E-1,
1.138E006,1.41000000E+2,1.52927124E+2,-1.00444508E+0,
1.139E006,1.43000000E+2,1.52926910E+2,-8.30129921E-1,
1.14E06,1.57000000E+2,1.52926697E+2,3.25084984E-1,
1.141E006,1.36000000E+2,1.52926483E+2,-1.45143402E+0,
1.142E006,1.75000000E+2,1.52926270E+2,1.66861713E+0,
1.143E006,1.63000000E+2,1.52926071E+2,7.89050996E-1,
1.144E006,1.45000000E+2,1.52925858E+2,-6.58206642E-1,
1.145E006,1.49000000E+2,1.52925659E+2,-3.21602523E-1,
1.146E006,1.50000000E+2,1.52925461E+2,-2.38862872E-1,
1.147E006,1.60000000E+2,1.52925262E+2,5.59307098E-1,
1.148E006,1.49000000E+2,1.52925064E+2,-3.21553767E-1,
1.149E006,1.72000000E+2,1.52924881E+2,1.45446420E+0,
1.15E06,1.47000000E+2,1.52924683E+2,-4.88659590E-1,
1.151E006,1.30000000E+2,1.52924500E+2,-2.01061153E+0,
1.152E006,1.57000000E+2,1.52924316E+2,3.25274974E-1,
1.153E006,1.73000000E+2,1.52924133E+2,1.52633989E+0,
1.154E006,1.81000000E+2,1.52923950E+2,2.08687639E+0,
1.155E006,1.53000000E+2,1.52923767E+2,6.16306532E-3,
1.156E006,1.36000000E+2,1.52923584E+2,-1.45118535E+0,
1.157E006,1.49000000E+2,1.52923416E+2,-3.21418762E-1,
1.158E006,1.69000000E+2,1.52923233E+2,1.23667443E+0,
1.159E006,1.60000000E+2,1.52923065E+2,5.59480846E-1,
1.16E06,1.40000000E+2,1.52922897E+2,-1.09218419E+0,
1.161E006,1.69000000E+2,1.52922729E+2,1.23671317E+0,
1.162E006,1.60000000E+2,1.52922562E+2,5.59520662E-1,
1.163E006,1.55000000E+2,1.52922394E+2,1.66877344E-1,
1.164E006,1.43000000E+2,1.52922241E+2,-8.29739511E-1,
1.165E006,1.53000000E+2,1.52922073E+2,6.29999535E-3,
1.166E006,1.41000000E+2,1.52921921E+2,-1.00400686E+0,
1.167E006,1.69000000E+2,1.52921753E+2,1.23678827E+0,
1.168E006,1.28000000E+2,1.52921600E+2,-2.20277905E+0,
1.169E006,1.67000000E+2,1.52921448E+2,1.08943105E+0,
1.17E06,1.75000000E+2,1.52921295E+2,1.66899323E+0,
1.171E006,1.28000000E+2,1.52921143E+2,-2.20273852E+0,
1.172E006,1.86000000E+2,1.52921005E+2,2.42546964E+0,
1.173E006,1.47000000E+2,1.52920853E+2,-4.88343686E-1,
1.174E006,1.61000000E+2,1.52920700E+2,6.36738062E-1,
1.175E006,1.76000000E+2,1.52920563E+2,1.73967803E+0,
1.176E006,1.49000000E+2,1.52920425E+2,-3.21173757E-1,
1.177E006,1.65000000E+2,1.52920273E+2,9.40405488E-1,
1.178E006,1.51000000E+2,1.52920135E+2,-1.56258404E-1,
1.179E006,1.70000000E+2,1.52919998E+2,1.30997634E+0,
1.18E06,1.50000000E+2,1.52919861E+2,-2.38405645E-1,
1.181E006,1.60000000E+2,1.52919739E+2,5.59743822E-1,
1.182E006,1.85000000E+2,1.52919601E+2,2.35859776E+0,
1.183E006,1.47000000E+2,1.52919464E+2,-4.88229156E-1,
1.184E006,1.51000000E+2,1.52919342E+2,-1.56193838E-1,
1.185E006,1.55000000E+2,1.52919205E+2,1.67133495E-1,
1.186E006,1.42000000E+2,1.52919083E+2,-9.16309059E-1,
1.187E006,1.47000000E+2,1.52918961E+2,-4.88187641E-1,
1.188E006,1.49000000E+2,1.52918839E+2,-3.21043760E-1,
1.189E006,1.41000000E+2,1.52918701E+2,-1.00373566E+0,
1.19E06,1.40000000E+2,1.52918594E+2,-1.09182048E+0,
1.191E006,1.76000000E+2,1.52918472E+2,1.73983562E+0,
1.192E006,1.33000000E+2,1.52918350E+2,-1.72714007E+0,
1.193E006,1.59000000E+2,1.52918228E+2,4.82315868E-1,
1.194E006,1.55000000E+2,1.52918121E+2,1.67220518E-1,
1.195E006,1.42000000E+2,1.52917999E+2,-9.16218162E-1,
1.196E006,1.36000000E+2,1.52917892E+2,-1.45069730E+0,
1.197E006,1.55000000E+2,1.52917770E+2,1.67248711E-1,
1.198E006,1.75000000E+2,1.52917664E+2,1.66926777E+0,
1.199E006,1.56000000E+2,1.52917557E+2,2.46792972E-1,
1.2E06,1.40000000E+2,1.52917450E+2,-1.09172380E+0,
1.201E006,1.42000000E+2,1.52917343E+2,-9.16163087E-1,
1.202E006,1.55000000E+2,1.52917236E+2,1.67291597E-1,
1.203E006,1.52000000E+2,1.52917130E+2,-7.43890256E-2,
1.204E006,1.76000000E+2,1.52917023E+2,1.73994493E+0,
1.205E006,1.40000000E+2,1.52916916E+2,-1.09167862E+0,
1.206E006,1.46000000E+2,1.52916824E+2,-5.72440445E-1,
1.207E006,1.48000000E+2,1.52916718E+2,-4.04151708E-1,
1.208E006,1.44000000E+2,1.52916611E+2,-7.43050873E-1,
1.209E006,1.55000000E+2,1.52916519E+2,1.67349204E-1,
1.21E06,1.42000000E+2,1.52916428E+2,-9.16086257E-1,
1.211E006,1.40000000E+2,1.52916321E+2,-1.09162831E+0,
1.212E006,1.51000000E+2,1.52916229E+2,-1.55940518E-1,
1.213E006,1.47000000E+2,1.52916138E+2,-4.87954795E-1,
1.214E006,1.44000000E+2,1.52916046E+2,-7.43003845E-1,
1.215E006,1.48000000E+2,1.52915955E+2,-4.04088974E-1,
1.216E006,1.58000000E+2,1.52915863E+2,4.04472232E-1,
1.217E006,1.51000000E+2,1.52915771E+2,-1.55903265E-1,
1.218E006,1.38000000E+2,1.52915680E+2,-1.26970696E+0,
1.219E006,1.75000000E+2,1.52915588E+2,1.66942453E+0,
1.22E06,1.20000000E+2,1.52915512E+2,-3.00476146E+0,
1.221E006,1.68000000E+2,1.52915421E+2,1.16380060E+0,
1.222E006,1.78000000E+2,1.52915344E+2,1.88017440E+0,
1.223E006,1.53000000E+2,1.52915253E+2,6.85141422E-3,
1.224E006,1.63000000E+2,1.52915176E+2,7.89904356E-1,
1.225E006,1.42000000E+2,1.52915085E+2,-9.15973544E-1,
1.226E006,1.35000000E+2,1.52915009E+2,-1.54187846E+0,
1.227E006,1.35000000E+2,1.52914932E+2,-1.54187191E+0,
1.228E006,1.57000000E+2,1.52914841E+2,3.26031208E-1,
1.229E006,1.36000000E+2,1.52914764E+2,-1.45042908E+0,
1.23E06,1.60000000E+2,1.52914688E+2,5.60143113E-1,
1.231E006,1.62000000E+2,1.52914612E+2,7.13815510E-1,
1.232E006,1.51000000E+2,1.52914536E+2,-1.55802697E-1,
1.233E006,1.54000000E+2,1.52914459E+2,8.74753669E-2,
1.234E006,1.86000000E+2,1.52914383E+2,2.42595506E+0,
1.235E006,1.56000000E+2,1.52914322E+2,2.47051969E-1,
1.236E006,1.73000000E+2,1.52914246E+2,1.52709162E+0,
1.237E006,1.68000000E+2,1.52914169E+2,1.16389716E+0,
1.238E006,1.49000000E+2,1.52914108E+2,-3.20656240E-1,
1.239E006,1.62000000E+2,1.52914032E+2,7.13861048E-1,
1.24E06,1.46000000E+2,1.52913956E+2,-5.72203040E-1,
1.241E006,1.51000000E+2,1.52913895E+2,-1.55750543E-1,
1.242E006,1.69000000E+2,1.52913818E+2,1.23739862E+0,
1.243E006,1.55000000E+2,1.52913757E+2,1.67571038E-1,
1.244E006,1.81000000E+2,1.52913696E+2,2.08763862E+0,
1.245E006,1.45000000E+2,1.52913620E+2,-6.57190382E-1,
1.246E006,1.48000000E+2,1.52913559E+2,-4.03892070E-1,
1.247E006,1.60000000E+2,1.52913498E+2,5.60237169E-1,
1.248E006,1.44000000E+2,1.52913437E+2,-7.42786407E-1,
1.249E006,1.64000000E+2,1.52913376E+2,8.65719855E-1,
1.25E06,1.40000000E+2,1.52913315E+2,-1.09137428E+0,
1.251E006,1.70000000E+2,1.52913254E+2,1.31049359E+0,
1.252E006,1.75000000E+2,1.52913193E+2,1.66960573E+0,
1.253E006,1.32000000E+2,1.52913132E+2,-1.82025445E+0,
1.254E006,1.55000000E+2,1.52913071E+2,1.67626202E-1,
1.255E006,1.76000000E+2,1.52913010E+2,1.74024737E+0,
1.256E006,1.57000000E+2,1.52912949E+2,3.26182216E-1,
1.257E006,1.63000000E+2,1.52912888E+2,7.90083587E-1,
1.258E006,1.45000000E+2,1.52912842E+2,-6.57125771E-1,
1.259E006,1.62000000E+2,1.52912781E+2,7.13959396E-1,
1.26E06,1.48000000E+2,1.52912720E+2,-4.03823078E-1,
1.261E006,1.46000000E+2,1.52912674E+2,-5.72096944E-1,
1.262E006,1.33000000E+2,1.52912613E+2,-1.72664249E+0,
1.263E006,1.74000000E+2,1.52912567E+2,1.59863412E+0,
1.264E006,1.61000000E+2,1.52912506E+2,6.37383819E-1,
1.265E006,1.73000000E+2,1.52912460E+2,1.52722740E+0,
1.266E006,1.67000000E+2,1.52912399E+2,1.09013128E+0,
1.267E006,1.37000000E+2,1.52912354E+2,-1.35948408E+0,
1.268E006,1.74000000E+2,1.52912308E+2,1.59865379E+0,
1.269E006,1.58000000E+2,1.52912247E+2,4.04759914E-1,
1.27E06,1.54000000E+2,1.52912201E+2,8.76573473E-2,
1.271E006,1.37000000E+2,1.52912155E+2,-1.35946715E+0,
1.272E006,1.59000000E+2,1.52912109E+2,4.82801110E-1,
1.273E006,1.36000000E+2,1.52912064E+2,-1.45019746E+0,
1.274E006,1.49000000E+2,1.52912018E+2,-3.20484996E-1,
1.275E006,1.67000000E+2,1.52911957E+2,1.09016550E+0,
1.276E006,1.72000000E+2,1.52911911E+2,1.45545316E+0,
1.277E006,1.43000000E+2,1.52911865E+2,-8.28871787E-1,
1.278E006,1.52000000E+2,1.52911819E+2,-7.39583224E-2,
1.279E006,1.53000000E+2,1.52911789E+2,7.13144150E-3,
1.28E06,1.52000000E+2,1.52911743E+2,-7.39521384E-2,
1.281E006,1.84000000E+2,1.52911697E+2,2.29186010E+0,
1.282E006,1.59000000E+2,1.52911652E+2,4.82837439E-1,
1.283E006,1.62000000E+2,1.52911606E+2,7.14051664E-1,
1.284E006,1.58000000E+2,1.52911560E+2,4.04814541E-1,
1.285E006,1.45000000E+2,1.52911530E+2,-6.57016754E-1,
1.286E006,1.49000000E+2,1.52911484E+2,-3.20441246E-1,
1.287E006,1.50000000E+2,1.52911438E+2,-2.37717927E-1,
1.288E006,1.55000000E+2,1.52911407E+2,1.67759791E-1,
1.289E006,1.54000000E+2,1.52911362E+2,8.77249762E-2,
1.29E06,1.38000000E+2,1.52911316E+2,-1.26933551E+0,
1.291E006,1.52000000E+2,1.52911285E+2,-7.39150047E-2,
1.292E006,1.60000000E+2,1.52911240E+2,5.60415745E-1,
1.293E006,1.44000000E+2,1.52911209E+2,-7.42600739E-1,
1.294E006,1.58000000E+2,1.52911163E+2,4.04846102E-1,
1.295E006,1.57000000E+2,1.52911133E+2,3.26327115E-1,
1.296E006,1.69000000E+2,1.52911087E+2,1.23760867E+0,
1.297E006,1.60000000E+2,1.52911057E+2,5.60430169E-1,
1.298E006,1.75000000E+2,1.52911026E+2,1.66976953E+0,
1.299E006,1.75000000E+2,1.52910980E+2,1.66977298E+0,
1.3E06,1.41000000E+2,1.52910950E+2,-1.00308287E+0,
1.301E006,1.68000000E+2,1.52910919E+2,1.16414785E+0,
1.302E006,1.51000000E+2,1.52910873E+2,-1.55504674E-1,
1.303E006,1.54000000E+2,1.52910843E+2,8.77667814E-2,
1.304E006,1.40000000E+2,1.52910812E+2,-1.09116280E+0,
1.305E006,1.71000000E+2,1.52910782E+2,1.38331711E+0,
1.306E006,1.37000000E+2,1.52910736E+2,-1.35934591E+0,
1.307E006,1.52000000E+2,1.52910706E+2,-7.38679767E-2,
1.308E006,1.58000000E+2,1.52910675E+2,4.04884964E-1,
1.309E006,1.51000000E+2,1.52910645E+2,-1.55486047E-1,
1.31E06,1.48000000E+2,1.52910614E+2,-4.03649986E-1,
1.311E006,1.58000000E+2,1.52910583E+2,4.04892236E-1,
1.312E006,1.51000000E+2,1.52910553E+2,-1.55478597E-1,
1.313E006,1.19000000E+2,1.52910522E+2,-3.10857248E+0,
1.314E006,1.17000000E+2,1.52910492E+2,-3.31992626E+0,
1.315E006,1.58000000E+2,1.52910461E+2,4.04901952E-1,
1.316E006,1.60000000E+2,1.52910431E+2,5.60479641E-1,
1.317E006,1.56000000E+2,1.52910400E+2,2.47365937E-1,
1.318E006,1.56000000E+2,1.52910370E+2,2.47368380E-1,
1.319E006,1.60000000E+2,1.52910339E+2,5.60486913E-1,
1.32E06,1.61000000E+2,1.52910324E+2,6.37555778E-1,
1.321E006,1.36000000E+2,1.52910294E+2,-1.45004570E+0,
1.322E006,1.67000000E+2,1.52910263E+2,1.09029663E+0,
1.323E006,1.59000000E+2,1.52910233E+2,4.82949972E-1,
1.324E006,1.47000000E+2,1.52910202E+2,-4.87465233E-1,
1.325E006,1.76000000E+2,1.52910187E+2,1.74046016E+0,
1.326E006,1.47000000E+2,1.52910156E+2,-4.87461478E-1,
1.327E006,1.47000000E+2,1.52910126E+2,-4.87458944E-1,
1.328E006,1.60000000E+2,1.52910095E+2,5.60506165E-1,
1.329E006,1.71000000E+2,1.52910080E+2,1.38337076E+0,
1.33E06,1.30000000E+2,1.52910049E+2,-2.00934434E+0,
1.331E006,1.53000000E+2,1.52910019E+2,7.27453921E-3,
1.332E006,1.61000000E+2,1.52910004E+2,6.37581050E-1,
1.333E006,1.67000000E+2,1.52909973E+2,1.09031904E+0,
1.334E006,1.50000000E+2,1.52909958E+2,-2.37597063E-1,
1.335E006,1.71000000E+2,1.52909927E+2,1.38338244E+0,
1.336E006,1.49000000E+2,1.52909912E+2,-3.20312470E-1,
1.337E006,1.59000000E+2,1.52909882E+2,4.82977808E-1,
1.338E006,1.29000000E+2,1.52909851E+2,-2.10514498E+0,
1.339E006,1.76000000E+2,1.52909836E+2,1.74048662E+0,
1.34E06,1.52000000E+2,1.52909805E+2,-7.37949535E-2,
1.341E006,1.50000000E+2,1.52909790E+2,-2.37583369E-1,
1.342E006,1.71000000E+2,1.52909775E+2,1.38339412E+0,
1.343E006,1.65000000E+2,1.52909744E+2,9.41225111E-1,
1.344E006,1.55000000E+2,1.52909729E+2,1.67894602E-1,
1.345E006,1.49000000E+2,1.52909698E+2,-3.20294976E-1,
1.346E006,1.77000000E+2,1.52909683E+2,1.81073904E+0,
1.347E006,1.48000000E+2,1.52909668E+2,-4.03572232E-1,
1.348E006,1.84000000E+2,1.52909637E+2,2.29201198E+0,
1.349E006,1.32000000E+2,1.52909622E+2,-1.81994903E+0,
1.35E06,1.54000000E+2,1.52909607E+2,8.78663808E-2,
1.351E006,1.45000000E+2,1.52909576E+2,-6.56854570E-1,
1.352E006,1.51000000E+2,1.52909561E+2,-1.55397877E-1,
1.353E006,1.67000000E+2,1.52909546E+2,1.09035206E+0,
1.354E006,1.61000000E+2,1.52909515E+2,6.37619495E-1,
1.355E006,1.50000000E+2,1.52909500E+2,-2.37559691E-1,
1.356E006,1.60000000E+2,1.52909485E+2,5.60554445E-1,
1.357E006,1.42000000E+2,1.52909470E+2,-9.15502369E-1,
1.358E006,1.50000000E+2,1.52909439E+2,-2.37554714E-1,
1.359E006,1.27000000E+2,1.52909424E+2,-2.29908967E+0,
1.36E06,1.67000000E+2,1.52909409E+2,1.09036267E+0,
1.361E006,1.74000000E+2,1.52909393E+2,1.59887481E+0,
1.362E006,1.40000000E+2,1.52909378E+2,-1.09104156E+0,
1.363E006,1.61000000E+2,1.52909363E+2,6.37631536E-1,
1.364E006,1.43000000E+2,1.52909332E+2,-8.28660011E-1,
1.365E006,1.41000000E+2,1.52909317E+2,-1.00294542E+0,
1.366E006,1.59000000E+2,1.52909302E+2,4.83023793E-1,
1.367E006,1.55000000E+2,1.52909286E+2,1.67930141E-1,
1.368E006,1.78000000E+2,1.52909271E+2,1.88062966E+0,
1.369E006,1.24000000E+2,1.52909256E+2,-2.59612775E+0,
1.37E06,1.63000000E+2,1.52909241E+2,7.90369272E-1,
1.371E006,1.51000000E+2,1.52909225E+2,-1.55370563E-1,
1.372E006,1.48000000E+2,1.52909210E+2,-4.03534591E-1,
1.373E006,1.44000000E+2,1.52909195E+2,-7.42432892E-1,
1.374E006,1.60000000E+2,1.52909180E+2,5.60578585E-1,
1.375E006,1.49000000E+2,1.52909164E+2,-3.20251226E-1,
1.376E006,1.43000000E+2,1.52909149E+2,-8.28644693E-1,
1.377E006,1.77000000E+2,1.52909134E+2,1.81078041E+0,
1.378E006,1.62000000E+2,1.52909119E+2,7.14247108E-1,
1.379E006,1.63000000E+2,1.52909103E+2,7.90380001E-1,
1.38E06,1.43000000E+2,1.52909088E+2,-8.28639567E-1,
1.381E006,1.51000000E+2,1.52909073E+2,-1.55358151E-1,
1.382E006,1.40000000E+2,1.52909058E+2,-1.09101450E+0,
1.383E006,1.51000000E+2,1.52909042E+2,-1.55355662E-1,
1.384E006,1.52000000E+2,1.52909027E+2,-7.37318322E-2,
1.385E006,1.53000000E+2,1.52909012E+2,7.35595683E-3,
1.386E006,1.31000000E+2,1.52909012E+2,-1.91419923E+0,
1.387E006,1.30000000E+2,1.52908997E+2,-2.00925183E+0,
1.388E006,1.57000000E+2,1.52908981E+2,3.26498836E-1,
1.389E006,1.61000000E+2,1.52908966E+2,6.37662828E-1,
1.39E06,1.54000000E+2,1.52908951E+2,8.79192501E-2,
1.391E006,1.46000000E+2,1.52908936E+2,-5.71787596E-1,
1.392E006,1.55000000E+2,1.52908920E+2,1.67959556E-1,
1.393E006,1.52000000E+2,1.52908920E+2,-7.37231672E-2,
1.394E006,1.46000000E+2,1.52908905E+2,-5.71785033E-1,
1.395E006,1.60000000E+2,1.52908890E+2,5.60601473E-1,
1.396E006,1.48000000E+2,1.52908875E+2,-4.03506994E-1,
1.397E006,1.47000000E+2,1.52908859E+2,-4.87354487E-1,
1.398E006,1.79000000E+2,1.52908859E+2,1.95014334E+0,
1.399E006,1.34000000E+2,1.52908844E+2,-1.63347530E+0,
1.4E06,1.41000000E+2,1.52908829E+2,-1.00290430E+0,
1.401E006,1.84000000E+2,1.52908813E+2,2.29207277E+0,
1.402E006,1.49000000E+2,1.52908813E+2,-3.20222467E-1,
1.403E006,1.72000000E+2,1.52908798E+2,1.45569050E+0,
1.404E006,1.60000000E+2,1.52908783E+2,5.60609937E-1,
1.405E006,1.49000000E+2,1.52908768E+2,-3.20218742E-1,
1.406E006,1.57000000E+2,1.52908768E+2,3.26515883E-1,
1.407E006,1.54000000E+2,1.52908752E+2,8.79352316E-2,
1.408E006,1.32000000E+2,1.52908737E+2,-1.81987202E+0,
1.409E006,1.67000000E+2,1.52908737E+2,1.09041464E+0,
1.41E06,1.51000000E+2,1.52908722E+2,-1.55329585E-1,
1.411E006,1.34000000E+2,1.52908707E+2,-1.63346350E+0,
1.412E006,1.55000000E+2,1.52908707E+2,1.67976722E-1,
1.413E006,1.59000000E+2,1.52908691E+2,4.83072191E-1,
1.414E006,1.43000000E+2,1.52908676E+2,-8.28605115E-1,
1.415E006,1.38000000E+2,1.52908676E+2,-1.26911080E+0,
1.416E006,1.56000000E+2,1.52908661E+2,2.47505218E-1,
1.417E006,1.61000000E+2,1.52908646E+2,6.37688041E-1,
1.418E006,1.70000000E+2,1.52908646E+2,1.31084704E+0,
1.419E006,1.63000000E+2,1.52908630E+2,7.90417075E-1,
1.42E06,1.74000000E+2,1.52908630E+2,1.59893262E+0,
1.421E006,1.62000000E+2,1.52908615E+2,7.14286685E-1,
1.422E006,1.41000000E+2,1.52908600E+2,-1.00288498E+0,
1.423E006,1.47000000E+2,1.52908600E+2,-4.87333089E-1,
1.424E006,1.50000000E+2,1.52908585E+2,-2.37484947E-1,
1.425E006,1.64000000E+2,1.52908585E+2,8.66093993E-1,
1.426E006,1.57000000E+2,1.52908569E+2,3.26531708E-1,
1.427E006,1.49000000E+2,1.52908569E+2,-3.20202470E-1,
1.428E006,1.38000000E+2,1.52908554E+2,-1.26910043E+0,
1.429E006,1.29000000E+2,1.52908539E+2,-2.10502934E+0,
1.43E06,1.68000000E+2,1.52908539E+2,1.16433156E+0,
1.431E006,1.61000000E+2,1.52908524E+2,6.37697697E-1,
1.432E006,1.55000000E+2,1.52908524E+2,1.67991430E-1,
1.433E006,1.77000000E+2,1.52908508E+2,1.81082737E+0,
1.434E006,1.60000000E+2,1.52908508E+2,5.60631633E-1,
1.435E006,1.33000000E+2,1.52908493E+2,-1.72628534E+0,
1.436E006,1.50000000E+2,1.52908493E+2,-2.37477466E-1,
1.437E006,1.57000000E+2,1.52908478E+2,3.26539010E-1,
1.438E006,1.62000000E+2,1.52908478E+2,7.14297473E-1,
1.439E006,1.51000000E+2,1.52908463E+2,-1.55308470E-1,
1.44E06,1.46000000E+2,1.52908463E+2,-5.71748435E-1,
1.441E006,1.52000000E+2,1.52908447E+2,-7.36848041E-2,
1.442E006,1.26000000E+2,1.52908447E+2,-2.39719510E+0,
1.443E006,1.58000000E+2,1.52908432E+2,4.05063391E-1,
1.444E006,1.54000000E+2,1.52908432E+2,8.79610553E-2,
1.445E006,1.36000000E+2,1.52908432E+2,-1.44988608E+0,
1.446E006,1.61000000E+2,1.52908417E+2,6.37706101E-1,
1.447E006,1.53000000E+2,1.52908417E+2,7.40406709E-3,
1.448E006,1.30000000E+2,1.52908401E+2,-2.00919962E+0,
1.449E006,1.51000000E+2,1.52908401E+2,-1.55303508E-1,
1.45E06,1.26000000E+2,1.52908386E+2,-2.39718962E+0,
1.451E006,1.27000000E+2,1.52908386E+2,-2.29899740E+0,
1.452E006,1.40000000E+2,1.52908371E+2,-1.09095645E+0,
1.453E006,1.52000000E+2,1.52908371E+2,-7.36786127E-2,
1.454E006,1.41000000E+2,1.52908371E+2,-1.00286579E+0,
1.455E006,1.49000000E+2,1.52908356E+2,-3.20184976E-1,
1.456E006,1.36000000E+2,1.52908356E+2,-1.44987953E+0,
1.457E006,1.49000000E+2,1.52908340E+2,-3.20183724E-1,
1.458E006,1.57000000E+2,1.52908340E+2,3.26549977E-1,
1.459E006,1.70000000E+2,1.52908340E+2,1.31087041E+0,
1.46E06,1.52000000E+2,1.52908325E+2,-7.36749023E-2,
1.461E006,1.33000000E+2,1.52908325E+2,-1.72627079E+0,
1.462E006,1.60000000E+2,1.52908310E+2,5.60647309E-1,
1.463E006,1.72000000E+2,1.52908310E+2,1.45572770E+0,
1.464E006,1.62000000E+2,1.52908310E+2,7.14310646E-1,
1.465E006,1.46000000E+2,1.52908295E+2,-5.71734548E-1,
1.466E006,1.50000000E+2,1.52908295E+2,-2.37461269E-1,
1.467E006,1.81000000E+2,1.52908295E+2,2.08804011E+0,
1.468E006,1.69000000E+2,1.52908279E+2,1.23782468E+0,
1.469E006,1.72000000E+2,1.52908279E+2,1.45573008E+0,
1.47E06,1.65000000E+2,1.52908279E+2,9.41339135E-1,
1.471E006,1.59000000E+2,1.52908264E+2,4.83106077E-1,
1.472E006,1.40000000E+2,1.52908264E+2,-1.09094739E+0,
1.473E006,1.36000000E+2,1.52908264E+2,-1.44987166E+0,
1.474E006,1.53000000E+2,1.52908249E+2,7.41763692E-3,
1.475E006,1.63000000E+2,1.52908249E+2,7.90446937E-1,
1.476E006,1.64000000E+2,1.52908249E+2,8.66120219E-1,
1.477E006,1.53000000E+2,1.52908234E+2,7.41887046E-3,
1.478E006,1.62000000E+2,1.52908234E+2,7.14316607E-1,
1.479E006,1.48000000E+2,1.52908234E+2,-4.03454334E-1,
1.48E06,1.42000000E+2,1.52908218E+2,-9.15397346E-1,
1.481E006,1.42000000E+2,1.52908218E+2,-9.15397346E-1,
1.482E006,1.58000000E+2,1.52908218E+2,4.05080408E-1,
1.483E006,1.60000000E+2,1.52908203E+2,5.60655773E-1,
1.484E006,1.30000000E+2,1.52908203E+2,-2.00918221E+0,
1.485E006,1.46000000E+2,1.52908203E+2,-5.71726978E-1,
1.486E006,1.73000000E+2,1.52908203E+2,1.52755105E+0,
1.487E006,1.39000000E+2,1.52908188E+2,-1.17967713E+0,
1.488E006,1.63000000E+2,1.52908188E+2,7.90451705E-1,
1.489E006,1.44000000E+2,1.52908188E+2,-7.42348969E-1,
1.49E06,1.54000000E+2,1.52908173E+2,8.79819617E-2,
1.491E006,1.70000000E+2,1.52908173E+2,1.31088328E+0,
1.492E006,1.58000000E+2,1.52908173E+2,4.05084044E-1,
1.493E006,1.65000000E+2,1.52908173E+2,9.41347480E-1,
1.494E006,1.47000000E+2,1.52908157E+2,-4.87296611E-1,
1.495E006,1.34000000E+2,1.52908157E+2,-1.63341594E+0,
1.496E006,1.53000000E+2,1.52908157E+2,7.42503814E-3,
1.497E006,1.65000000E+2,1.52908157E+2,9.41348672E-1,
1.498E006,1.47000000E+2,1.52908142E+2,-4.87295330E-1,
1.499E006,1.45000000E+2,1.52908142E+2,-6.56735480E-1,
1.5E06,1.48000000E+2,1.52908142E+2,-4.03446794E-1,
1.501E006,1.58000000E+2,1.52908142E+2,4.05086458E-1,
1.502E006,1.74000000E+2,1.52908127E+2,1.59897077E+0,
1.503E006,1.43000000E+2,1.52908127E+2,-8.28559160E-1,
1.504E006,1.48000000E+2,1.52908127E+2,-4.03445542E-1,
1.505E006,1.59000000E+2,1.52908127E+2,4.83116955E-1,
1.506E006,1.47000000E+2,1.52908112E+2,-4.87292826E-1,
1.507E006,1.75000000E+2,1.52908112E+2,1.66998982E+0,
1.508E006,1.46000000E+2,1.52908112E+2,-5.71719408E-1,
1.509E006,1.44000000E+2,1.52908112E+2,-7.42342651E-1,
1.51E06,1.28000000E+2,1.52908112E+2,-2.20158672E+0,
1.511E006,1.42000000E+2,1.52908096E+2,-9.15387094E-1,
1.512E006,1.78000000E+2,1.52908096E+2,1.88071775E+0,
1.513E006,1.71000000E+2,1.52908096E+2,1.38352251E+0,
1.514E006,1.71000000E+2,1.52908096E+2,1.38352251E+0,
1.515E006,1.52000000E+2,1.52908081E+2,-7.36550987E-2,
1.516E006,1.37000000E+2,1.52908081E+2,-1.35911906E+0,
1.517E006,1.42000000E+2,1.52908081E+2,-9.15385842E-1,
1.518E006,1.39000000E+2,1.52908081E+2,-1.17966807E+0,
1.519E006,1.66000000E+2,1.52908081E+2,1.01612997E+0,
1.52E06,1.51000000E+2,1.52908066E+2,-1.55276194E-1,
1.521E006,1.47000000E+2,1.52908066E+2,-4.87289041E-1,
1.522E006,1.61000000E+2,1.52908066E+2,6.37733757E-1,
1.523E006,1.50000000E+2,1.52908066E+2,-2.37442583E-1,
1.524E006,1.50000000E+2,1.52908066E+2,-2.37442583E-1,
1.525E006,1.64000000E+2,1.52908066E+2,8.66134524E-1,
1.526E006,1.59000000E+2,1.52908051E+2,4.83123004E-1,
1.527E006,1.66000000E+2,1.52908051E+2,1.01613235E+0,
1.528E006,1.38000000E+2,1.52908051E+2,-1.26905751E+0,
1.529E006,1.72000000E+2,1.52908051E+2,1.45574749E+0,
1.53E06,1.46000000E+2,1.52908051E+2,-5.71714342E-1,
1.531E006,1.47000000E+2,1.52908035E+2,-4.87286538E-1,
1.532E006,1.73000000E+2,1.52908035E+2,1.52756381E+0,
1.533E006,1.65000000E+2,1.52908035E+2,9.41358149E-1,
1.534E006,1.48000000E+2,1.52908035E+2,-4.03438032E-1,
1.535E006,1.45000000E+2,1.52908035E+2,-6.56726599E-1,
1.536E006,1.60000000E+2,1.52908035E+2,5.60669065E-1,
1.537E006,1.59000000E+2,1.52908020E+2,4.83125418E-1,
1.538E006,1.44000000E+2,1.52908020E+2,-7.42335021E-1,
1.539E006,1.63000000E+2,1.52908020E+2,7.90464878E-1,
1.54E06,1.50000000E+2,1.52908020E+2,-2.37438843E-1,
1.541E006,1.71000000E+2,1.52908020E+2,1.38352835E+0,
1.542E006,1.67000000E+2,1.52908020E+2,1.09047019E+0,
1.543E006,1.46000000E+2,1.52908020E+2,-5.71711779E-1,
1.544E006,1.48000000E+2,1.52908005E+2,-4.03435498E-1,
1.545E006,1.36000000E+2,1.52908005E+2,-1.44984949E+0,
1.546E006,1.51000000E+2,1.52908005E+2,-1.55271232E-1,
1.547E006,1.61000000E+2,1.52908005E+2,6.37738585E-1,
1.548E006,1.64000000E+2,1.52908005E+2,8.66139293E-1,
1.549E006,1.55000000E+2,1.52908005E+2,1.68033093E-1,
1.55E06,1.57000000E+2,1.52907990E+2,3.26577991E-1,
1.551E006,1.40000000E+2,1.52907990E+2,-1.09092426E+0,
1.552E006,1.58000000E+2,1.52907990E+2,4.05098617E-1,
1.553E006,1.51000000E+2,1.52907990E+2,-1.55269980E-1,
1.554E006,1.74000000E+2,1.52907990E+2,1.59898114E+0,
1.555E006,1.45000000E+2,1.52907990E+2,-6.56722784E-1,
1.556E006,1.61000000E+2,1.52907990E+2,6.37739778E-1,
1.557E006,1.60000000E+2,1.52907990E+2,5.60672641E-1,
1.558E006,1.62000000E+2,1.52907974E+2,7.14336991E-1,
1.559E006,1.40000000E+2,1.52907974E+2,-1.09092295E+0,
1.56E06,1.63000000E+2,1.52907974E+2,7.90468454E-1,
1.561E006,1.55000000E+2,1.52907974E+2,1.68035552E-1,
1.562E006,1.43000000E+2,1.52907974E+2,-8.28546405E-1,
1.563E006,1.56000000E+2,1.52907974E+2,2.47560188E-1,
1.564E006,1.38000000E+2,1.52907974E+2,-1.26905107E+0,
1.565E006,1.39000000E+2,1.52907974E+2,-1.17965901E+0,
1.566E006,1.66000000E+2,1.52907959E+2,1.01613939E+0,
1.567E006,1.24000000E+2,1.52907959E+2,-2.59601140E+0,
1.568E006,1.57000000E+2,1.52907959E+2,3.26580435E-1,
1.569E006,1.48000000E+2,1.52907959E+2,-4.03431743E-1,
1.57E06,1.58000000E+2,1.52907959E+2,4.05101031E-1,
1.571E006,1.52000000E+2,1.52907959E+2,-7.36451969E-2,
1.572E006,1.46000000E+2,1.52907959E+2,-5.71706772E-1,
1.573E006,1.68000000E+2,1.52907959E+2,1.16437626E+0,
1.574E006,1.92000000E+2,1.52907959E+2,2.82122517E+0,
1.575E006,1.45000000E+2,1.52907944E+2,-6.56718969E-1,
1.576E006,1.74000000E+2,1.52907944E+2,1.59898460E+0,
1.577E006,1.61000000E+2,1.52907944E+2,6.37743354E-1,
1.578E006,1.61000000E+2,1.52907944E+2,6.37743354E-1,
1.579E006,1.48000000E+2,1.52907944E+2,-4.03430492E-1,
1.58E06,1.53000000E+2,1.52907944E+2,7.44230859E-3,
1.581E006,1.63000000E+2,1.52907944E+2,7.90470839E-1,
1.582E006,1.72000000E+2,1.52907944E+2,1.45575559E+0,
1.583E006,1.51000000E+2,1.52907944E+2,-1.55266255E-1,
1.584E006,1.53000000E+2,1.52907944E+2,7.44230859E-3,
1.585E006,1.63000000E+2,1.52907928E+2,7.90472031E-1,
1.586E006,1.31000000E+2,1.52907928E+2,-1.91410458E+0,
1.587E006,1.63000000E+2,1.52907928E+2,7.90472031E-1,
1.588E006,1.62000000E+2,1.52907928E+2,7.14340627E-1,
1.589E006,1.68000000E+2,1.52907928E+2,1.16437864E+0,
1.59E06,1.21000000E+2,1.52907928E+2,-2.90072060E+0,
1.591E006,1.70000000E+2,1.52907928E+2,1.31090200E+0,
1.592E006,1.65000000E+2,1.52907928E+2,9.41366494E-1,
1.593E006,1.48000000E+2,1.52907928E+2,-4.03429240E-1,
1.594E006,1.34000000E+2,1.52907928E+2,-1.63339627E+0,
1.595E006,1.24000000E+2,1.52907928E+2,-2.59600854E+0,
1.596E006,1.66000000E+2,1.52907913E+2,1.01614296E+0,
1.597E006,1.54000000E+2,1.52907913E+2,8.80028605E-2,
1.598E006,1.60000000E+2,1.52907913E+2,5.60678720E-1,
1.599E006,1.47000000E+2,1.52907913E+2,-4.87276465E-1,
1.6E06,1.53000000E+2,1.52907913E+2,7.44477613E-3,
1.601E006,1.52000000E+2,1.52907913E+2,-7.36414865E-2,
1.602E006,1.64000000E+2,1.52907913E+2,8.66146445E-1,
1.603E006,1.51000000E+2,1.52907913E+2,-1.55263782E-1,
1.604E006,1.46000000E+2,1.52907913E+2,-5.71702957E-1,
1.605E006,1.61000000E+2,1.52907913E+2,6.37745798E-1,
1.606E006,1.24000000E+2,1.52907913E+2,-2.59600711E+0,
1.607E006,1.30000000E+2,1.52907913E+2,-2.00915694E+0,
1.608E006,1.88000000E+2,1.52907913E+2,2.55935335E+0,
1.609E006,1.67000000E+2,1.52907898E+2,1.09047961E+0,
1.61E06,1.43000000E+2,1.52907898E+2,-8.28540027E-1,
1.611E006,1.55000000E+2,1.52907898E+2,1.68041676E-1,
1.612E006,1.37000000E+2,1.52907898E+2,-1.35910344E+0,
1.613E006,1.51000000E+2,1.52907898E+2,-1.55262530E-1,
1.614E006,1.59000000E+2,1.52907898E+2,4.83135104E-1,
1.615E006,1.35000000E+2,1.52907898E+2,-1.54126644E+0,
1.616E006,1.79000000E+2,1.52907898E+2,1.95021522E+0,
1.617E006,1.52000000E+2,1.52907898E+2,-7.36402497E-2,
1.618E006,1.48000000E+2,1.52907898E+2,-4.03426737E-1,
1.619E006,1.44000000E+2,1.52907898E+2,-7.42324829E-1,
1.62E06,1.61000000E+2,1.52907898E+2,6.37746990E-1,
1.621E006,1.35000000E+2,1.52907898E+2,-1.54126644E+0,
1.622E006,1.43000000E+2,1.52907898E+2,-8.28540027E-1,
1.623E006,1.74000000E+2,1.52907898E+2,1.59898818E+0,
1.624E006,1.48000000E+2,1.52907883E+2,-4.03425485E-1,
1.625E006,1.64000000E+2,1.52907883E+2,8.66148829E-1,
1.626E006,1.36000000E+2,1.52907883E+2,-1.44983900E+0,
1.627E006,1.56000000E+2,1.52907883E+2,2.47567520E-1,
1.628E006,1.46000000E+2,1.52907883E+2,-5.71700454E-1,
1.629E006,1.68000000E+2,1.52907883E+2,1.16438210E+0,
1.63E06,1.47000000E+2,1.52907883E+2,-4.87273961E-1,
1.631E006,1.41000000E+2,1.52907883E+2,-1.00282466E+0,
1.632E006,1.39000000E+2,1.52907883E+2,-1.17965126E+0,
1.633E006,1.51000000E+2,1.52907883E+2,-1.55261293E-1,
1.634E006,1.72000000E+2,1.52907883E+2,1.45576024E+0,
1.635E006,1.38000000E+2,1.52907883E+2,-1.26904321E+0,
1.636E006,1.52000000E+2,1.52907883E+2,-7.36390129E-2,
1.637E006,1.58000000E+2,1.52907883E+2,4.05107111E-1,
1.638E006,1.47000000E+2,1.52907883E+2,-4.87273961E-1,
1.639E006,1.52000000E+2,1.52907883E+2,-7.36390129E-2,
1.64E06,1.76000000E+2,1.52907883E+2,1.74063385E+0,
1.641E006,1.61000000E+2,1.52907883E+2,6.37748182E-1,
1.642E006,1.58000000E+2,1.52907867E+2,4.05108333E-1,
1.643E006,1.53000000E+2,1.52907867E+2,7.44847674E-3,
1.644E006,1.53000000E+2,1.52907867E+2,7.44847674E-3,
1.645E006,1.41000000E+2,1.52907867E+2,-1.00282335E+0,
1.646E006,1.49000000E+2,1.52907867E+2,-3.20144981E-1,
1.647E006,1.59000000E+2,1.52907867E+2,4.83137518E-1,
1.648E006,1.66000000E+2,1.52907867E+2,1.01614654E+0,
1.649E006,1.58000000E+2,1.52907867E+2,4.05108333E-1,
1.65E06,1.40000000E+2,1.52907867E+2,-1.09091389E+0,
1.651E006,1.31000000E+2,1.52907867E+2,-1.91409922E+0,
1.652E006,1.45000000E+2,1.52907867E+2,-6.56712651E-1,
1.653E006,1.30000000E+2,1.52907867E+2,-2.00915289E+0,
1.654E006,1.60000000E+2,1.52907867E+2,5.60682297E-1,
1.655E006,1.60000000E+2,1.52907867E+2,5.60682297E-1,
1.656E006,1.38000000E+2,1.52907867E+2,-1.26904202E+0,
1.657E006,1.39000000E+2,1.52907867E+2,-1.17964995E+0,
1.658E006,1.60000000E+2,1.52907867E+2,5.60682297E-1,
1.659E006,1.57000000E+2,1.52907867E+2,3.26587737E-1,
1.66E06,1.38000000E+2,1.52907867E+2,-1.26904202E+0,
1.661E006,1.42000000E+2,1.52907867E+2,-9.15367901E-1,
1.662E006,1.85000000E+2,1.52907867E+2,2.35946059E+0,
1.663E006,1.57000000E+2,1.52907867E+2,3.26587737E-1,
1.664E006,1.56000000E+2,1.52907852E+2,2.47569963E-1,
1.665E006,1.70000000E+2,1.52907852E+2,1.31090796E+0,
1.666E006,1.51000000E+2,1.52907852E+2,-1.55258805E-1,
1.667E006,1.45000000E+2,1.52907852E+2,-6.56711400E-1,
1.668E006,1.68000000E+2,1.52907852E+2,1.16438448E+0,
1.669E006,1.53000000E+2,1.52907852E+2,7.44971028E-3,
1.67E06,1.58000000E+2,1.52907852E+2,4.05109525E-1,
1.671E006,1.74000000E+2,1.52907852E+2,1.59899163E+0,
1.672E006,1.62000000E+2,1.52907852E+2,7.14346588E-1,
1.673E006,1.56000000E+2,1.52907852E+2,2.47569963E-1,
1.674E006,1.53000000E+2,1.52907852E+2,7.44971028E-3,
1.675E006,1.56000000E+2,1.52907852E+2,2.47569963E-1,
1.676E006,1.39000000E+2,1.52907852E+2,-1.17964864E+0,
1.677E006,1.44000000E+2,1.52907852E+2,-7.42321014E-1,
1.678E006,1.46000000E+2,1.52907852E+2,-5.71697891E-1,
1.679E006,1.73000000E+2,1.52907852E+2,1.52757764E+0,
1.68E06,1.36000000E+2,1.52907852E+2,-1.44983637E+0,
1.681E006,1.56000000E+2,1.52907852E+2,2.47569963E-1,
1.682E006,1.85000000E+2,1.52907852E+2,2.35946155E+0,
1.683E006,1.33000000E+2,1.52907852E+2,-1.72622979E+0,
1.684E006,1.58000000E+2,1.52907852E+2,4.05109525E-1,
1.685E006,1.56000000E+2,1.52907852E+2,2.47569963E-1,
1.686E006,1.77000000E+2,1.52907852E+2,1.81087673E+0,
1.687E006,1.40000000E+2,1.52907852E+2,-1.09091258E+0,
1.688E006,1.56000000E+2,1.52907852E+2,2.47569963E-1,
1.689E006,1.63000000E+2,1.52907852E+2,7.90477991E-1,
1.69E06,1.51000000E+2,1.52907852E+2,-1.55258805E-1,
1.691E006,1.52000000E+2,1.52907852E+2,-7.36365318E-2,
1.692E006,1.65000000E+2,1.52907852E+2,9.41372395E-1,
1.693E006,1.40000000E+2,1.52907852E+2,-1.09091258E+0,
1.694E006,1.54000000E+2,1.52907837E+2,8.80090073E-2,
1.695E006,1.66000000E+2,1.52907837E+2,1.01614892E+0,
1.696E006,1.41000000E+2,1.52907837E+2,-1.00282073E+0,
1.697E006,1.35000000E+2,1.52907837E+2,-1.54126120E+0,
1.698E006,1.53000000E+2,1.52907837E+2,7.45094381E-3,
1.699E006,1.59000000E+2,1.52907837E+2,4.83139962E-1,
1.7E06,1.43000000E+2,1.52907837E+2,-8.28534961E-1,
1.701E006,1.56000000E+2,1.52907837E+2,2.47571185E-1,
1.702E006,1.74000000E+2,1.52907837E+2,1.59899271E+0,
1.703E006,1.55000000E+2,1.52907837E+2,1.68046579E-1,
1.704E006,1.68000000E+2,1.52907837E+2,1.16438568E+0,
1.705E006,1.62000000E+2,1.52907837E+2,7.14347780E-1,
1.706E006,1.41000000E+2,1.52907837E+2,-1.00282073E+0,
1.707E006,1.51000000E+2,1.52907837E+2,-1.55257568E-1,
1.708E006,1.41000000E+2,1.52907837E+2,-1.00282073E+0,
1.709E006,1.52000000E+2,1.52907837E+2,-7.36352950E-2,
1.71E06,1.59000000E+2,1.52907837E+2,4.83139962E-1,
1.711E006,1.65000000E+2,1.52907837E+2,9.41373587E-1,
1.712E006,1.69000000E+2,1.52907837E+2,1.23785865E+0,
1.713E006,1.54000000E+2,1.52907837E+2,8.80090073E-2,
1.714E006,1.40000000E+2,1.52907837E+2,-1.09091139E+0,
1.715E006,1.32000000E+2,1.52907837E+2,-1.81979370E+0,
1.716E006,1.54000000E+2,1.52907837E+2,8.80090073E-2,
1.717E006,1.33000000E+2,1.52907837E+2,-1.72622836E+0,
1.718E006,1.53000000E+2,1.52907837E+2,7.45094381E-3,
1.719E006,1.43000000E+2,1.52907837E+2,-8.28534961E-1,
1.72E06,1.59000000E+2,1.52907837E+2,4.83139962E-1,
1.721E006,1.41000000E+2,1.52907837E+2,-1.00282073E+0,
1.722E006,1.69000000E+2,1.52907837E+2,1.23785865E+0,
1.723E006,1.49000000E+2,1.52907837E+2,-3.20142478E-1,
1.724E006,1.52000000E+2,1.52907837E+2,-7.36352950E-2,
1.725E006,1.69000000E+2,1.52907837E+2,1.23785865E+0,
1.726E006,1.57000000E+2,1.52907837E+2,3.26590180E-1,
1.727E006,1.46000000E+2,1.52907837E+2,-5.71696639E-1,
1.728E006,1.62000000E+2,1.52907837E+2,7.14347780E-1,
1.729E006,1.26000000E+2,1.52907837E+2,-2.39714074E+0,
1.73E06,1.42000000E+2,1.52907837E+2,-9.15365338E-1,
1.731E006,1.58000000E+2,1.52907837E+2,4.05110747E-1,
1.732E006,1.70000000E+2,1.52907837E+2,1.31090903E+0,
1.733E006,1.63000000E+2,1.52907837E+2,7.90479183E-1,
1.734E006,1.58000000E+2,1.52907837E+2,4.05110747E-1,
1.735E006,1.30000000E+2,1.52907837E+2,-2.00915027E+0,
1.736E006,1.62000000E+2,1.52907837E+2,7.14347780E-1,
1.737E006,1.56000000E+2,1.52907837E+2,2.47571185E-1,
1.738E006,1.43000000E+2,1.52907837E+2,-8.28534961E-1,
1.739E006,1.65000000E+2,1.52907837E+2,9.41373587E-1,
1.74E06,1.63000000E+2,1.52907822E+2,7.90480435E-1,
1.741E006,1.64000000E+2,1.52907822E+2,8.66153598E-1,
1.742E006,1.64000000E+2,1.52907822E+2,8.66153598E-1,
1.743E006,1.45000000E+2,1.52907822E+2,-6.56708837E-1,
1.744E006,1.28000000E+2,1.52907822E+2,-2.20156121E+0,
1.745E006,1.66000000E+2,1.52907822E+2,1.01615012E+0,
1.746E006,1.72000000E+2,1.52907822E+2,1.45576489E+0,
1.747E006,1.47000000E+2,1.52907822E+2,-4.87268925E-1,
1.748E006,1.53000000E+2,1.52907822E+2,7.45217735E-3,
1.749E006,1.57000000E+2,1.52907822E+2,3.26591402E-1,
1.75E06,1.39000000E+2,1.52907822E+2,-1.17964602E+0,
1.751E006,1.51000000E+2,1.52907822E+2,-1.55256331E-1,
1.752E006,1.49000000E+2,1.52907822E+2,-3.20141226E-1,
1.753E006,1.45000000E+2,1.52907822E+2,-6.56708837E-1,
1.754E006,1.71000000E+2,1.52907822E+2,1.38354349E+0,
1.755E006,1.56000000E+2,1.52907822E+2,2.47572407E-1,
1.756E006,1.39000000E+2,1.52907822E+2,-1.17964602E+0,
1.757E006,1.54000000E+2,1.52907822E+2,8.80102366E-2,
1.758E006,1.59000000E+2,1.52907822E+2,4.83141154E-1,
1.759E006,1.58000000E+2,1.52907822E+2,4.05111969E-1,
1.76E06,1.40000000E+2,1.52907822E+2,-1.09091008E+0,
1.761E006,1.40000000E+2,1.52907822E+2,-1.09091008E+0,
1.762E006,1.63000000E+2,1.52907822E+2,7.90480435E-1,
1.763E006,1.39000000E+2,1.52907822E+2,-1.17964602E+0,
1.764E006,1.68000000E+2,1.52907822E+2,1.16438687E+0,
1.765E006,1.28000000E+2,1.52907822E+2,-2.20156121E+0,
1.766E006,1.39000000E+2,1.52907822E+2,-1.17964602E+0,
1.767E006,1.52000000E+2,1.52907822E+2,-7.36340582E-2,
1.768E006,1.79000000E+2,1.52907822E+2,1.95022094E+0,
1.769E006,1.61000000E+2,1.52907822E+2,6.37753010E-1,
1.77E06,1.72000000E+2,1.52907822E+2,1.45576489E+0,
1.771E006,1.42000000E+2,1.52907822E+2,-9.15364027E-1,
1.772E006,1.39000000E+2,1.52907822E+2,-1.17964602E+0,
1.773E006,1.63000000E+2,1.52907822E+2,7.90480435E-1,
1.774E006,1.50000000E+2,1.52907822E+2,-2.37422645E-1,
1.775E006,1.38000000E+2,1.52907822E+2,-1.26903808E+0,
1.776E006,1.34000000E+2,1.52907822E+2,-1.63338697E+0,
1.777E006,1.43000000E+2,1.52907822E+2,-8.28533649E-1,
1.778E006,1.59000000E+2,1.52907822E+2,4.83141154E-1,
1.779E006,1.49000000E+2,1.52907822E+2,-3.20141226E-1,
1.78E06,1.48000000E+2,1.52907822E+2,-4.03420448E-1,
1.781E006,1.49000000E+2,1.52907822E+2,-3.20141226E-1,
1.782E006,1.78000000E+2,1.52907822E+2,1.88073826E+0,
1.783E006,1.45000000E+2,1.52907822E+2,-6.56708837E-1,
1.784E006,1.68000000E+2,1.52907822E+2,1.16438687E+0,
1.785E006,1.42000000E+2,1.52907822E+2,-9.15364027E-1,
1.786E006,1.63000000E+2,1.52907822E+2,7.90480435E-1,
1.787E006,1.67000000E+2,1.52907822E+2,1.09048557E+0,
1.788E006,1.75000000E+2,1.52907822E+2,1.67001176E+0,
1.789E006,1.53000000E+2,1.52907822E+2,7.45217735E-3,
1.79E06,1.76000000E+2,1.52907822E+2,1.74063849E+0,
1.791E006,1.65000000E+2,1.52907822E+2,9.41374779E-1,
1.792E006,1.74000000E+2,1.52907822E+2,1.59899390E+0,
1.793E006,1.67000000E+2,1.52907822E+2,1.09048557E+0,
1.794E006,1.52000000E+2,1.52907822E+2,-7.36340582E-2,
1.795E006,1.36000000E+2,1.52907822E+2,-1.44983375E+0,
1.796E006,1.71000000E+2,1.52907822E+2,1.38354349E+0,
1.797E006,1.48000000E+2,1.52907822E+2,-4.03420448E-1,
1.798E006,1.40000000E+2,1.52907822E+2,-1.09091008E+0,
1.799E006,1.54000000E+2,1.52907822E+2,8.80102366E-2,
1.8E06,1.53000000E+2,1.52907822E+2,7.45217735E-3,
1.801E006,1.61000000E+2,1.52907822E+2,6.37753010E-1,
1.802E006,1.41000000E+2,1.52907822E+2,-1.00281942E+0,
1.803E006,1.70000000E+2,1.52907822E+2,1.31091022E+0,
1.804E006,1.55000000E+2,1.52907822E+2,1.68047801E-1,
1.805E006,1.64000000E+2,1.52907822E+2,8.66153598E-1,
1.806E006,1.74000000E+2,1.52907822E+2,1.59899390E+0,
1.807E006,1.42000000E+2,1.52907822E+2,-9.15364027E-1,
1.808E006,1.45000000E+2,1.52907822E+2,-6.56708837E-1,
1.809E006,1.47000000E+2,1.52907822E+2,-4.87268925E-1,
1.81E06,1.40000000E+2,1.52907822E+2,-1.09091008E+0,
1.811E006,1.61000000E+2,1.52907822E+2,6.37753010E-1,
1.812E006,1.82000000E+2,1.52907822E+2,2.15645576E+0,
1.813E006,1.57000000E+2,1.52907822E+2,3.26591402E-1,
1.814E006,1.43000000E+2,1.52907822E+2,-8.28533649E-1,
1.815E006,1.70000000E+2,1.52907822E+2,1.31091022E+0,
1.816E006,1.52000000E+2,1.52907822E+2,-7.36340582E-2,
1.817E006,1.42000000E+2,1.52907822E+2,-9.15364027E-1,
1.818E006,1.46000000E+2,1.52907822E+2,-5.71695387E-1,
1.819E006,1.50000000E+2,1.52907822E+2,-2.37422645E-1,
1.82E06,1.40000000E+2,1.52907822E+2,-1.09091008E+0,
1.821E006,1.71000000E+2,1.52907822E+2,1.38354349E+0,
1.822E006,1.67000000E+2,1.52907822E+2,1.09048557E+0,
1.823E006,1.66000000E+2,1.52907822E+2,1.01615012E+0,
1.824E006,1.52000000E+2,1.52907822E+2,-7.36340582E-2,
1.825E006,1.65000000E+2,1.52907822E+2,9.41374779E-1,
1.826E006,1.48000000E+2,1.52907822E+2,-4.03420448E-1,
1.827E006,1.48000000E+2,1.52907822E+2,-4.03420448E-1,
1.828E006,1.50000000E+2,1.52907822E+2,-2.37422645E-1,
1.829E006,1.74000000E+2,1.52907822E+2,1.59899390E+0,
1.83E06,1.50000000E+2,1.52907822E+2,-2.37422645E-1,
1.831E006,1.51000000E+2,1.52907822E+2,-1.55256331E-1,
1.832E006,1.65000000E+2,1.52907822E+2,9.41374779E-1,
1.833E006,1.55000000E+2,1.52907822E+2,1.68047801E-1,
1.834E006,1.41000000E+2,1.52907822E+2,-1.00281942E+0,
1.835E006,1.51000000E+2,1.52907822E+2,-1.55256331E-1,
1.836E006,1.67000000E+2,1.52907822E+2,1.09048557E+0,
1.837E006,1.50000000E+2,1.52907822E+2,-2.37422645E-1,
1.838E006,1.50000000E+2,1.52907806E+2,-2.37421408E-1,
1.839E006,1.50000000E+2,1.52907806E+2,-2.37421408E-1,
1.84E06,1.63000000E+2,1.52907806E+2,7.90481627E-1,
1.841E006,1.58000000E+2,1.52907806E+2,4.05113190E-1,
1.842E006,1.51000000E+2,1.52907806E+2,-1.55255079E-1,
1.843E006,1.54000000E+2,1.52907806E+2,8.80114660E-2,
1.844E006,1.33000000E+2,1.52907806E+2,-1.72622573E+0,
1.845E006,1.51000000E+2,1.52907806E+2,-1.55255079E-1,
1.846E006,1.54000000E+2,1.52907806E+2,8.80114660E-2,
1.847E006,1.47000000E+2,1.52907806E+2,-4.87267643E-1,
1.848E006,1.71000000E+2,1.52907806E+2,1.38354468E+0,
1.849E006,1.42000000E+2,1.52907806E+2,-9.15362775E-1,
1.85E06,1.72000000E+2,1.52907806E+2,1.45576608E+0,
1.851E006,1.71000000E+2,1.52907806E+2,1.38354468E+0,
1.852E006,1.60000000E+2,1.52907806E+2,5.60687125E-1,
1.853E006,1.47000000E+2,1.52907806E+2,-4.87267643E-1,
1.854E006,1.54000000E+2,1.52907806E+2,8.80114660E-2,
1.855E006,1.25000000E+2,1.52907806E+2,-2.49615026E+0,
1.856E006,1.38000000E+2,1.52907806E+2,-1.26903677E+0,
1.857E006,1.59000000E+2,1.52907806E+2,4.83142376E-1,
1.858E006,1.62000000E+2,1.52907806E+2,7.14350224E-1,
1.859E006,1.60000000E+2,1.52907806E+2,5.60687125E-1,
1.86E06,1.53000000E+2,1.52907806E+2,7.45341135E-3,
1.861E006,1.82000000E+2,1.52907806E+2,2.15645695E+0,
1.862E006,1.68000000E+2,1.52907806E+2,1.16438806E+0,
1.863E006,1.32000000E+2,1.52907806E+2,-1.81979096E+0,
1.864E006,1.12000000E+2,1.52907806E+2,-3.86542439E+0,
1.865E006,1.51000000E+2,1.52907806E+2,-1.55255079E-1,
1.866E006,1.61000000E+2,1.52907806E+2,6.37754202E-1,
1.867E006,1.40000000E+2,1.52907806E+2,-1.09090877E+0,
1.868E006,1.57000000E+2,1.52907806E+2,3.26592594E-1,
1.869E006,1.57000000E+2,1.52907806E+2,3.26592594E-1,
1.87E06,1.63000000E+2,1.52907806E+2,7.90481627E-1,
1.871E006,1.43000000E+2,1.52907806E+2,-8.28532398E-1,
1.872E006,1.45000000E+2,1.52907806E+2,-6.56707585E-1,
1.873E006,1.43000000E+2,1.52907806E+2,-8.28532398E-1,
1.874E006,1.89000000E+2,1.52907806E+2,2.62532067E+0,
1.875E006,1.36000000E+2,1.52907806E+2,-1.44983244E+0,
1.876E006,1.76000000E+2,1.52907806E+2,1.74063957E+0,
1.877E006,1.65000000E+2,1.52907806E+2,9.41375971E-1,
1.878E006,1.69000000E+2,1.52907806E+2,1.23786104E+0,
1.879E006,1.64000000E+2,1.52907806E+2,8.66154790E-1,
1.88E06,1.70000000E+2,1.52907806E+2,1.31091142E+0,
1.881E006,1.49000000E+2,1.52907806E+2,-3.20139974E-1,
1.882E006,1.56000000E+2,1.52907806E+2,2.47573629E-1,
1.883E006,1.65000000E+2,1.52907806E+2,9.41375971E-1,
1.884E006,1.49000000E+2,1.52907806E+2,-3.20139974E-1,
1.885E006,1.71000000E+2,1.52907806E+2,1.38354468E+0,
1.886E006,1.61000000E+2,1.52907806E+2,6.37754202E-1,
1.887E006,1.52000000E+2,1.52907806E+2,-7.36328214E-2,
1.888E006,1.38000000E+2,1.52907806E+2,-1.26903677E+0,
1.889E006,1.29000000E+2,1.52907806E+2,-2.10496497E+0,
1.89E06,1.69000000E+2,1.52907806E+2,1.23786104E+0,
1.891E006,1.62000000E+2,1.52907806E+2,7.14350224E-1,
1.892E006,1.53000000E+2,1.52907806E+2,7.45341135E-3,
1.893E006,1.67000000E+2,1.52907806E+2,1.09048665E+0,
1.894E006,1.49000000E+2,1.52907806E+2,-3.20139974E-1,
1.895E006,1.61000000E+2,1.52907806E+2,6.37754202E-1,
1.896E006,1.61000000E+2,1.52907806E+2,6.37754202E-1,
1.897E006,1.58000000E+2,1.52907806E+2,4.05113190E-1,
1.898E006,1.60000000E+2,1.52907806E+2,5.60687125E-1,
1.899E006,1.60000000E+2,1.52907806E+2,5.60687125E-1,
1.9E06,1.59000000E+2,1.52907806E+2,4.83142376E-1,
1.901E006,1.51000000E+2,1.52907806E+2,-1.55255079E-1,
1.902E006,1.67000000E+2,1.52907806E+2,1.09048665E+0,
1.903E006,1.60000000E+2,1.52907806E+2,5.60687125E-1,
1.904E006,1.36000000E+2,1.52907806E+2,-1.44983244E+0,
1.905E006,1.51000000E+2,1.52907806E+2,-1.55255079E-1,
1.906E006,1.64000000E+2,1.52907806E+2,8.66154790E-1,
1.907E006,1.47000000E+2,1.52907806E+2,-4.87267643E-1,
1.908E006,1.85000000E+2,1.52907806E+2,2.35946512E+0,
1.909E006,1.42000000E+2,1.52907806E+2,-9.15362775E-1,
1.91E06,1.65000000E+2,1.52907806E+2,9.41375971E-1,
1.911E006,1.74000000E+2,1.52907806E+2,1.59899509E+0,
1.912E006,1.41000000E+2,1.52907806E+2,-1.00281823E+0,
1.913E006,1.56000000E+2,1.52907806E+2,2.47573629E-1,
1.914E006,1.58000000E+2,1.52907806E+2,4.05113190E-1,
1.915E006,1.64000000E+2,1.52907806E+2,8.66154790E-1,
1.916E006,1.39000000E+2,1.52907806E+2,-1.17964470E+0,
1.917E006,1.53000000E+2,1.52907806E+2,7.45341135E-3,
1.918E006,1.61000000E+2,1.52907806E+2,6.37754202E-1,
1.919E006,1.59000000E+2,1.52907806E+2,4.83142376E-1,
1.92E06,1.70000000E+2,1.52907806E+2,1.31091142E+0,
1.921E006,1.68000000E+2,1.52907806E+2,1.16438806E+0,
1.922E006,1.59000000E+2,1.52907806E+2,4.83142376E-1,
1.923E006,1.36000000E+2,1.52907806E+2,-1.44983244E+0,
1.924E006,1.61000000E+2,1.52907806E+2,6.37754202E-1,
1.925E006,1.31000000E+2,1.52907806E+2,-1.91409397E+0,
1.926E006,1.41000000E+2,1.52907806E+2,-1.00281823E+0,
1.927E006,1.55000000E+2,1.52907806E+2,1.68049037E-1,
1.928E006,1.52000000E+2,1.52907806E+2,-7.36328214E-2,
1.929E006,1.70000000E+2,1.52907806E+2,1.31091142E+0,
1.93E06,1.31000000E+2,1.52907806E+2,-1.91409397E+0,
1.931E006,1.63000000E+2,1.52907806E+2,7.90481627E-1,
1.932E006,1.46000000E+2,1.52907806E+2,-5.71694136E-1,
1.933E006,1.26000000E+2,1.52907806E+2,-2.39713788E+0,
1.934E006,1.59000000E+2,1.52907806E+2,4.83142376E-1,
1.935E006,1.53000000E+2,1.52907806E+2,7.45341135E-3,
1.936E006,1.53000000E+2,1.52907806E+2,7.45341135E-3,
1.937E006,1.57000000E+2,1.52907806E+2,3.26592594E-1,
1.938E006,1.68000000E+2,1.52907806E+2,1.16438806E+0,
1.939E006,1.45000000E+2,1.52907806E+2,-6.56707585E-1,
1.94E06,1.54000000E+2,1.52907806E+2,8.80114660E-2,
1.941E006,1.76000000E+2,1.52907806E+2,1.74063957E+0,
1.942E006,1.37000000E+2,1.52907806E+2,-1.35909557E+0,
1.943E006,1.80000000E+2,1.52907806E+2,2.01933289E+0,
1.944E006,1.57000000E+2,1.52907806E+2,3.26592594E-1,
1.945E006,1.51000000E+2,1.52907806E+2,-1.55255079E-1,
1.946E006,1.59000000E+2,1.52907806E+2,4.83142376E-1,
1.947E006,1.60000000E+2,1.52907806E+2,5.60687125E-1,
1.948E006,1.51000000E+2,1.52907806E+2,-1.55255079E-1,
1.949E006,1.89000000E+2,1.52907806E+2,2.62532067E+0,
1.95E06,1.50000000E+2,1.52907806E+2,-2.37421408E-1,
1.951E006,1.53000000E+2,1.52907806E+2,7.45341135E-3,
1.952E006,1.69000000E+2,1.52907806E+2,1.23786104E+0,
1.953E006,1.37000000E+2,1.52907806E+2,-1.35909557E+0,
1.954E006,1.41000000E+2,1.52907806E+2,-1.00281823E+0,
1.955E006,1.36000000E+2,1.52907806E+2,-1.44983244E+0,
1.956E006,1.36000000E+2,1.52907806E+2,-1.44983244E+0,
1.957E006,1.46000000E+2,1.52907806E+2,-5.71694136E-1,
1.958E006,1.55000000E+2,1.52907806E+2,1.68049037E-1,
1.959E006,1.34000000E+2,1.52907806E+2,-1.63338566E+0,
1.96E06,1.60000000E+2,1.52907806E+2,5.60687125E-1,
1.961E006,1.55000000E+2,1.52907806E+2,1.68049037E-1,
1.962E006,1.67000000E+2,1.52907806E+2,1.09048665E+0,
1.963E006,1.65000000E+2,1.52907806E+2,9.41375971E-1,
1.964E006,1.65000000E+2,1.52907806E+2,9.41375971E-1,
1.965E006,1.58000000E+2,1.52907806E+2,4.05113190E-1,
1.966E006,1.54000000E+2,1.52907806E+2,8.80114660E-2,
1.967E006,1.62000000E+2,1.52907806E+2,7.14350224E-1,
1.968E006,1.40000000E+2,1.52907806E+2,-1.09090877E+0,
1.969E006,1.43000000E+2,1.52907806E+2,-8.28532398E-1,
1.97E06,1.44000000E+2,1.52907806E+2,-7.42317200E-1,
1.971E006,1.43000000E+2,1.52907806E+2,-8.28532398E-1,
1.972E006,1.52000000E+2,1.52907806E+2,-7.36328214E-2,
1.973E006,1.43000000E+2,1.52907806E+2,-8.28532398E-1,
1.974E006,1.49000000E+2,1.52907806E+2,-3.20139974E-1,
1.975E006,1.66000000E+2,1.52907806E+2,1.01615131E+0,
1.976E006,1.49000000E+2,1.52907806E+2,-3.20139974E-1,
1.977E006,1.48000000E+2,1.52907806E+2,-4.03419197E-1,
1.978E006,1.50000000E+2,1.52907806E+2,-2.37421408E-1,
1.979E006,1.66000000E+2,1.52907806E+2,1.01615131E+0,
1.98E06,1.52000000E+2,1.52907806E+2,-7.36328214E-2,
1.981E006,1.60000000E+2,1.52907806E+2,5.60687125E-1,
1.982E006,1.56000000E+2,1.52907806E+2,2.47573629E-1,
1.983E006,1.47000000E+2,1.52907806E+2,-4.87267643E-1,
1.984E006,1.62000000E+2,1.52907806E+2,7.14350224E-1,
1.985E006,1.46000000E+2,1.52907806E+2,-5.71694136E-1,
1.986E006,1.34000000E+2,1.52907806E+2,-1.63338566E+0,
1.987E006,1.45000000E+2,1.52907806E+2,-6.56707585E-1,
1.988E006,1.68000000E+2,1.52907806E+2,1.16438806E+0,
1.989E006,1.53000000E+2,1.52907806E+2,7.45341135E-3,
1.99E06,1.51000000E+2,1.52907806E+2,-1.55255079E-1,
1.991E006,1.62000000E+2,1.52907806E+2,7.14350224E-1,
1.992E006,1.30000000E+2,1.52907806E+2,-2.00914764E+0,
1.993E006,1.60000000E+2,1.52907806E+2,5.60687125E-1,
1.994E006,1.36000000E+2,1.52907806E+2,-1.44983244E+0,
1.995E006,1.71000000E+2,1.52907806E+2,1.38354468E+0,
1.996E006,1.45000000E+2,1.52907806E+2,-6.56707585E-1,
1.997E006,1.53000000E+2,1.52907806E+2,7.45341135E-3,
1.998E006,1.21000000E+2,1.52907806E+2,-2.90070963E+0,
1.999E006,1.56000000E+2,1.52907806E+2,2.47573629E-1,
