0.03CR-FITTED

Labels,Decay9 on Em1,Decay9 on Em1F2,Decay9 on Em1F2R,
Type,Time Scan,Exponential Fit Time Scan,Weighted Residuals Time Scan,
Comment,,,,
Start,0.00,1.16E05,1.16E05,
Stop,1.999E006,1.999E006,1.999E006,
Step,1000.00,1000.00,1000.00,
Fixed/Offset, , , ,
XAxis,Time(ns),Time,Time,
YAxis,Counts,Counts,Counts,
Chi2,,1.0145968,,
dt,,,,
dtErr,,,,
A,,139.62500,,
Tau1,,38.778133,,
Tau2,,71.294220,,
Tau3,,,,
Tau4,,,,
B1,,6231.708500,,
B2,,2000.714000,,
B3,,,,
B4,,,,
Tau1Err,,0.99053973,,
Tau2Err,,3.058170,,
Tau3Err,,,,
Tau4Err,,,,
B1Err,,335.706760,,
B2Err,,349.616120,,
B3Err,,,,
B4Err,,,,
TauAvInt,,50.847229,,
TauAvAmp,,46.680466,,
TauAvIntErr,,2.0599909,,
TauAvAmpErr,,1.5202281,,

0.00,1.21000000E+2, , ,
1000.00,1.33000000E+2, , ,
2000.00,1.35000000E+2, , ,
3000.00,1.26000000E+2, , ,
4000.00,1.52000000E+2, , ,
5000.00,1.37000000E+2, , ,
6000.00,1.30000000E+2, , ,
7000.00,1.43000000E+2, , ,
8000.00,1.42000000E+2, , ,
9000.00,1.44000000E+2, , ,
1E04,1.53000000E+2, , ,
1.1E04,1.30000000E+2, , ,
1.2E04,1.32000000E+2, , ,
1.3E04,1.30000000E+2, , ,
1.4E04,1.36000000E+2, , ,
1.5E04,1.36000000E+2, , ,
1.6E04,1.46000000E+2, , ,
1.7E04,1.27000000E+2, , ,
1.8E04,1.19000000E+2, , ,
1.9E04,1.36000000E+2, , ,
2E04,1.36000000E+2, , ,
2.1E04,1.57000000E+2, , ,
2.2E04,1.38000000E+2, , ,
2.3E04,1.24000000E+2, , ,
2.4E04,1.40000000E+2, , ,
2.5E04,1.31000000E+2, , ,
2.6E04,1.27000000E+2, , ,
2.7E04,1.53000000E+2, , ,
2.8E04,1.53000000E+2, , ,
2.9E04,1.60000000E+2, , ,
3E04,1.26000000E+2, , ,
3.1E04,1.31000000E+2, , ,
3.2E04,1.33000000E+2, , ,
3.3E04,1.35000000E+2, , ,
3.4E04,1.44000000E+2, , ,
3.5E04,1.28000000E+2, , ,
3.6E04,1.40000000E+2, , ,
3.7E04,1.38000000E+2, , ,
3.8E04,1.46000000E+2, , ,
3.9E04,1.48000000E+2, , ,
4E04,1.45000000E+2, , ,
4.1E04,1.39000000E+2, , ,
4.2E04,1.46000000E+2, , ,
4.3E04,1.31000000E+2, , ,
4.4E04,1.54000000E+2, , ,
4.5E04,1.33000000E+2, , ,
4.6E04,1.46000000E+2, , ,
4.7E04,1.33000000E+2, , ,
4.8E04,1.45000000E+2, , ,
4.9E04,1.39000000E+2, , ,
5E04,1.67000000E+2, , ,
5.1E04,1.36000000E+2, , ,
5.2E04,1.39000000E+2, , ,
5.3E04,1.45000000E+2, , ,
5.4E04,1.32000000E+2, , ,
5.5E04,1.49000000E+2, , ,
5.6E04,1.39000000E+2, , ,
5.7E04,1.47000000E+2, , ,
5.8E04,1.58000000E+2, , ,
5.9E04,1.38000000E+2, , ,
6E04,1.33000000E+2, , ,
6.1E04,1.45000000E+2, , ,
6.2E04,1.46000000E+2, , ,
6.3E04,1.60000000E+2, , ,
6.4E04,1.46000000E+2, , ,
6.5E04,1.38000000E+2, , ,
6.6E04,1.41000000E+2, , ,
6.7E04,1.62000000E+2, , ,
6.8E04,1.49000000E+2, , ,
6.9E04,1.41000000E+2, , ,
7E04,1.49000000E+2, , ,
7.1E04,1.59000000E+2, , ,
7.2E04,1.55000000E+2, , ,
7.3E04,1.51000000E+2, , ,
7.4E04,1.56000000E+2, , ,
7.5E04,1.45000000E+2, , ,
7.6E04,1.51000000E+2, , ,
7.7E04,1.52000000E+2, , ,
7.8E04,1.58000000E+2, , ,
7.9E04,1.60000000E+2, , ,
8E04,1.57000000E+2, , ,
8.1E04,1.45000000E+2, , ,
8.2E04,1.41000000E+2, , ,
8.3E04,1.46000000E+2, , ,
8.4E04,1.38000000E+2, , ,
8.5E04,1.40000000E+2, , ,
8.6E04,1.35000000E+2, , ,
8.7E04,1.44000000E+2, , ,
8.8E04,1.23000000E+2, , ,
8.9E04,1.46000000E+2, , ,
9E04,1.51000000E+2, , ,
9.1E04,1.37000000E+2, , ,
9.2E04,1.50000000E+2, , ,
9.3E04,1.27000000E+2, , ,
9.4E04,1.39000000E+2, , ,
9.5E04,1.27000000E+2, , ,
9.6E04,1.50000000E+2, , ,
9.7E04,1.56000000E+2, , ,
9.8E04,1.25000000E+2, , ,
9.9E04,1.53000000E+2, , ,
1E05,1.26000000E+2, , ,
1.01E05,1.45000000E+2, , ,
1.02E05,1.52000000E+2, , ,
1.03E05,1.28000000E+2, , ,
1.04E05,1.33000000E+2, , ,
1.05E05,2.21000000E+2, , ,
1.06E05,1.13900000E+3, , ,
1.07E05,1.39000000E+2, , ,
1.08E05,1.35000000E+2, , ,
1.09E05,2.97000000E+2, , ,
1.1E05,2.01700000E+3, , ,
1.11E05,5.21400000E+3, , ,
1.12E05,7.22700000E+3, , ,
1.13E05,7.93000000E+3, , ,
1.14E05,8.00100000E+3, , ,
1.15E05,7.85500000E+3, , ,
1.16E05,7.83000000E+3,8.18553369E+3,-4.01790714E+0,
1.17E05,7.79000000E+3,8.00344678E+3,-2.41835952E+0,
1.18E05,7.65900000E+3,7.82567822E+3,-1.90455186E+0,
1.19E05,7.55300000E+3,7.65212354E+3,-1.14055705E+0,
1.2E05,7.36800000E+3,7.48267871E+3,-1.33600473E+0,
1.21E05,7.36300000E+3,7.31724414E+3,5.33235788E-1,
1.22E05,7.01300000E+3,7.15572168E+3,-1.70426857E+0,
1.23E05,7.11200000E+3,6.99801563E+3,1.35160398E+0,
1.24E05,6.94500000E+3,6.84403369E+3,1.21154726E+0,
1.25E05,6.67300000E+3,6.69368408E+3,-2.53206998E-1,
1.26E05,6.62000000E+3,6.54687891E+3,8.98697853E-1,
1.27E05,6.36200000E+3,6.40353223E+3,-5.20700932E-1,
1.28E05,6.41800000E+3,6.26355957E+3,1.92779636E+0,
1.29E05,6.31500000E+3,6.12687842E+3,2.36729264E+0,
1.3E05,6.03200000E+3,5.99340918E+3,4.96882081E-1,
1.31E05,5.96200000E+3,5.86307422E+3,1.28118992E+0,
1.32E05,5.74800000E+3,5.73579639E+3,1.60964489E-1,
1.33E05,5.69100000E+3,5.61150293E+3,1.05379677E+0,
1.34E05,5.58200000E+3,5.49011963E+3,1.22978115E+0,
1.35E05,5.38100000E+3,5.37157764E+3,1.28448293E-1,
1.36E05,5.27000000E+3,5.25580713E+3,1.95508182E-1,
1.37E05,5.33000000E+3,5.14274121E+3,2.56494832E+0,
1.38E05,5.02000000E+3,5.03231396E+3,-1.73798516E-1,
1.39E05,5.12000000E+3,4.92446289E+3,2.73271418E+0,
1.4E05,4.91800000E+3,4.81912402E+3,1.40992665E+0,
1.41E05,4.82500000E+3,4.71623779E+3,1.56577504E+0,
1.42E05,4.59000000E+3,4.61574414E+3,-3.79989922E-1,
1.43E05,4.41900000E+3,4.51758643E+3,-1.48304772E+0,
1.44E05,4.54600000E+3,4.42170752E+3,1.84344482E+0,
1.45E05,4.37000000E+3,4.32805225E+3,6.34553134E-1,
1.46E05,4.35400000E+3,4.23656738E+3,1.77969074E+0,
1.47E05,4.20000000E+3,4.14720068E+3,8.14711154E-1,
1.48E05,3.98600000E+3,4.05990112E+3,-1.17052960E+0,
1.49E05,4.05800000E+3,3.97461890E+3,1.30891550E+0,
1.5E05,3.83500000E+3,3.89130542E+3,-9.09216940E-1,
1.51E05,3.88500000E+3,3.80991382E+3,1.20466006E+0,
1.52E05,3.75900000E+3,3.73039746E+3,4.66518015E-1,
1.53E05,3.63100000E+3,3.65271143E+3,-3.60309094E-1,
1.54E05,3.54800000E+3,3.57681226E+3,-4.83710438E-1,
1.55E05,3.53400000E+3,3.50265649E+3,5.27247250E-1,
1.56E05,3.46800000E+3,3.43020239E+3,6.41837001E-1,
1.57E05,3.32800000E+3,3.35940967E+3,-5.44467151E-1,
1.58E05,3.23500000E+3,3.29023853E+3,-9.71191645E-1,
1.59E05,3.26200000E+3,3.22265015E+3,6.88971341E-1,
1.6E05,3.20700000E+3,3.15660669E+3,8.89863491E-1,
1.61E05,3.01800000E+3,3.09207129E+3,-1.34831166E+0,
1.62E05,3.11700000E+3,3.02900781E+3,1.57607079E+0,
1.63E05,3.05500000E+3,2.96738110E+3,1.58522964E+0,
1.64E05,2.82800000E+3,2.90715723E+3,-1.48850691E+0,
1.65E05,2.77400000E+3,2.84830273E+3,-1.41075492E+0,
1.66E05,2.81400000E+3,2.79078491E+3,4.37631220E-1,
1.67E05,2.68800000E+3,2.73457202E+3,-8.98277402E-1,
1.68E05,2.69500000E+3,2.67963330E+3,2.96006471E-1,
1.69E05,2.56900000E+3,2.62593823E+3,-1.12336767E+0,
1.7E05,2.51200000E+3,2.57345703E+3,-1.22620130E+0,
1.71E05,2.51400000E+3,2.52216162E+3,-1.62777275E-1,
1.72E05,2.41800000E+3,2.47202319E+3,-1.09863162E+0,
1.73E05,2.34700000E+3,2.42301489E+3,-1.56906939E+0,
1.74E05,2.41600000E+3,2.37511011E+3,8.31893086E-1,
1.75E05,2.32000000E+3,2.32828198E+3,-1.71945304E-1,
1.76E05,2.28800000E+3,2.28250586E+3,1.14860781E-1,
1.77E05,2.20600000E+3,2.23775635E+3,-6.76126242E-1,
1.78E05,2.19300000E+3,2.19400977E+3,-2.15626061E-2,
1.79E05,2.16000000E+3,2.15124219E+3,1.88438118E-1,
1.8E05,2.04400000E+3,2.10943042E+3,-1.44723570E+0,
1.81E05,1.99300000E+3,2.06855249E+3,-1.69236934E+0,
1.82E05,1.91500000E+3,2.02858582E+3,-2.59561157E+0,
1.83E05,1.96600000E+3,1.98950952E+3,-5.30215025E-1,
1.84E05,1.95900000E+3,1.95130237E+3,1.73916161E-1,
1.85E05,1.94500000E+3,1.91394409E+3,7.04181194E-1,
1.86E05,1.85300000E+3,1.87741492E+3,-5.67175627E-1,
1.87E05,1.74800000E+3,1.84169531E+3,-2.24102736E+0,
1.88E05,1.87000000E+3,1.80676624E+3,1.46227229E+0,
1.89E05,1.75300000E+3,1.77260962E+3,-4.68358278E-1,
1.9E05,1.76100000E+3,1.73920703E+3,5.19321978E-1,
1.91E05,1.72100000E+3,1.70654089E+3,3.48538697E-1,
1.92E05,1.66100000E+3,1.67459436E+3,-3.33559990E-1,
1.93E05,1.55000000E+3,1.64335034E+3,-2.37110114E+0,
1.94E05,1.54900000E+3,1.61279272E+3,-1.62085974E+0,
1.95E05,1.64900000E+3,1.58290540E+3,1.62763000E+0,
1.96E05,1.57300000E+3,1.55367285E+3,4.87307847E-1,
1.97E05,1.57400000E+3,1.52507996E+3,1.23306072E+0,
1.98E05,1.49800000E+3,1.49711182E+3,2.29481068E-2,
1.99E05,1.45300000E+3,1.46975391E+3,-4.39524680E-1,
2E05,1.48600000E+3,1.44299219E+3,1.11567557E+0,
2.01E05,1.45000000E+3,1.41681299E+3,8.71533632E-1,
2.02E05,1.38900000E+3,1.39120251E+3,-5.90973049E-2,
2.03E05,1.31600000E+3,1.36614807E+3,-1.38237631E+0,
2.04E05,1.28400000E+3,1.34163647E+3,-1.60847712E+0,
2.05E05,1.34100000E+3,1.31765552E+3,6.37484848E-1,
2.06E05,1.29600000E+3,1.29419275E+3,5.02014160E-2,
2.07E05,1.30900000E+3,1.27123645E+3,1.04376566E+0,
2.08E05,1.19900000E+3,1.24877490E+3,-1.43747675E+0,
2.09E05,1.14700000E+3,1.22679675E+3,-2.35615301E+0,
2.1E05,1.20200000E+3,1.20529102E+3,-9.49243680E-2,
2.11E05,1.23500000E+3,1.18424670E+3,1.44421136E+0,
2.12E05,1.20500000E+3,1.16365344E+3,1.19109344E+0,
2.13E05,1.11000000E+3,1.14350085E+3,-1.00552857E+0,
2.14E05,1.10500000E+3,1.12377893E+3,-5.64923584E-1,
2.15E05,1.07600000E+3,1.10447778E+3,-8.68160546E-1,
2.16E05,1.11400000E+3,1.08558789E+3,8.51257384E-1,
2.17E05,1.10500000E+3,1.06709985E+3,1.14014411E+0,
2.18E05,1.02900000E+3,1.04900452E+3,-6.23620510E-1,
2.19E05,1.01400000E+3,1.03129321E+3,-5.43071151E-1,
2.2E05,9.85000000E+2,1.01395691E+3,-9.22643840E-1,
2.21E05,9.81000000E+2,9.96987183E+2,-5.10431468E-1,
2.22E05,9.78000000E+2,9.80375854E+2,-7.59714469E-2,
2.23E05,9.47000000E+2,9.64114746E+2,-5.56154549E-1,
2.24E05,9.35000000E+2,9.48196045E+2,-4.31556821E-1,
2.25E05,9.15000000E+2,9.32611938E+2,-5.82232714E-1,
2.26E05,9.02000000E+2,9.17354980E+2,-5.11264920E-1,
2.27E05,8.57000000E+2,9.02417603E+2,-1.55143571E+0,
2.28E05,8.93000000E+2,8.87792969E+2,1.74246654E-1,
2.29E05,8.95000000E+2,8.73473755E+2,7.19542980E-1,
2.3E05,8.66000000E+2,8.59453247E+2,2.22467721E-1,
2.31E05,8.82000000E+2,8.45724731E+2,1.22145188E+0,
2.32E05,8.14000000E+2,8.32281738E+2,-6.40774608E-1,
2.33E05,8.36000000E+2,8.19117798E+2,5.83883166E-1,
2.34E05,8.00000000E+2,8.06226685E+2,-2.20146537E-1,
2.35E05,7.99000000E+2,7.93602417E+2,1.90952763E-1,
2.36E05,7.22000000E+2,7.81239014E+2,-2.20464778E+0,
2.37E05,8.10000000E+2,7.69130615E+2,1.43600380E+0,
2.38E05,7.64000000E+2,7.57271729E+2,2.43420318E-1,
2.39E05,7.59000000E+2,7.45656616E+2,4.84334141E-1,
2.4E05,6.92000000E+2,7.34280029E+2,-1.60724556E+0,
2.41E05,7.15000000E+2,7.23136475E+2,-3.04286897E-1,
2.42E05,7.42000000E+2,7.12221069E+2,1.09321892E+0,
2.43E05,7.21000000E+2,7.01528687E+2,7.25149632E-1,
2.44E05,7.06000000E+2,6.91054443E+2,5.62483430E-1,
2.45E05,7.12000000E+2,6.80793457E+2,1.16951466E+0,
2.46E05,7.34000000E+2,6.70741089E+2,2.33492899E+0,
2.47E05,6.83000000E+2,6.60892700E+2,8.45912337E-1,
2.48E05,6.38000000E+2,6.51243958E+2,-5.24333298E-1,
2.49E05,6.89000000E+2,6.41790405E+2,1.79854226E+0,
2.5E05,6.35000000E+2,6.32527710E+2,9.81098339E-2,
2.51E05,6.05000000E+2,6.23451782E+2,-7.50171602E-1,
2.52E05,6.02000000E+2,6.14558594E+2,-5.11850059E-1,
2.53E05,5.98000000E+2,6.05844116E+2,-3.20769757E-1,
2.54E05,5.97000000E+2,5.97304443E+2,-1.24600371E-2,
2.55E05,5.80000000E+2,5.88935791E+2,-3.71038526E-1,
2.56E05,5.88000000E+2,5.80734436E+2,2.99626797E-1,
2.57E05,5.34000000E+2,5.72696838E+2,-1.67457592E+0,
2.58E05,6.07000000E+2,5.64819397E+2,1.71205783E+0,
2.59E05,5.48000000E+2,5.57098633E+2,-3.88674319E-1,
2.6E05,5.65000000E+2,5.49531250E+2,6.50775194E-1,
2.61E05,5.62000000E+2,5.42113770E+2,8.38850021E-1,
2.62E05,5.95000000E+2,5.34843140E+2,2.46619081E+0,
2.63E05,4.83000000E+2,5.27716187E+2,-2.03465700E+0,
2.64E05,5.37000000E+2,5.20729797E+2,7.02111065E-1,
2.65E05,5.60000000E+2,5.13880981E+2,1.94888425E+0,
2.66E05,5.28000000E+2,5.07166718E+2,9.06652272E-1,
2.67E05,5.18000000E+2,5.00584229E+2,7.65205085E-1,
2.68E05,4.84000000E+2,4.94130646E+2,-4.60483879E-1,
2.69E05,5.21000000E+2,4.87803284E+2,1.45437455E+0,
2.7E05,4.61000000E+2,4.81599426E+2,-9.59410965E-1,
2.71E05,4.74000000E+2,4.75516449E+2,-6.96528032E-2,
2.72E05,4.73000000E+2,4.69551819E+2,1.58547536E-1,
2.73E05,4.70000000E+2,4.63703003E+2,2.90458798E-1,
2.74E05,4.40000000E+2,4.57967560E+2,-8.56569767E-1,
2.75E05,4.32000000E+2,4.52343079E+2,-9.78756845E-1,
2.76E05,4.36000000E+2,4.46827271E+2,-5.18532217E-1,
2.77E05,4.38000000E+2,4.41417816E+2,-1.63309574E-1,
2.78E05,4.39000000E+2,4.36112488E+2,1.37813434E-1,
2.79E05,4.25000000E+2,4.30909088E+2,-2.86632866E-1,
2.8E05,4.20000000E+2,4.25805511E+2,-2.83279955E-1,
2.81E05,4.10000000E+2,4.20799683E+2,-5.33358335E-1,
2.82E05,4.12000000E+2,4.15889496E+2,-1.91621706E-1,
2.83E05,4.07000000E+2,4.11073059E+2,-2.01894045E-1,
2.84E05,4.26000000E+2,4.06348328E+2,9.52126622E-1,
2.85E05,4.15000000E+2,4.01713440E+2,6.52211607E-1,
2.86E05,3.95000000E+2,3.97166534E+2,-1.09010175E-1,
2.87E05,4.06000000E+2,3.92705780E+2,6.59781039E-1,
2.88E05,3.60000000E+2,3.88329407E+2,-1.49309087E+0,
2.89E05,3.69000000E+2,3.84035645E+2,-7.82724380E-1,
2.9E05,3.68000000E+2,3.79822815E+2,-6.16306841E-1,
2.91E05,3.80000000E+2,3.75689209E+2,2.21138924E-1,
2.92E05,3.68000000E+2,3.71633301E+2,-1.89398900E-1,
2.93E05,3.73000000E+2,3.67653412E+2,2.76835859E-1,
2.94E05,3.70000000E+2,3.63747986E+2,3.25026751E-1,
2.95E05,3.47000000E+2,3.59915558E+2,-6.93343461E-1,
2.96E05,3.60000000E+2,3.56154602E+2,2.02670276E-1,
2.97E05,3.88000000E+2,3.52463623E+2,1.80408621E+0,
2.98E05,3.33000000E+2,3.48841278E+2,-8.68096709E-1,
2.99E05,3.39000000E+2,3.45286133E+2,-3.41415882E-1,
3E05,3.45000000E+2,3.41796814E+2,1.72453746E-1,
3.01E05,3.56000000E+2,3.38372009E+2,9.34281647E-1,
3.02E05,3.42000000E+2,3.35010376E+2,3.77955586E-1,
3.03E05,3.70000000E+2,3.31710693E+2,1.99056625E+0,
3.04E05,3.24000000E+2,3.28471710E+2,-2.48428345E-1,
3.05E05,3.15000000E+2,3.25292175E+2,-5.79898357E-1,
3.06E05,3.18000000E+2,3.22170898E+2,-2.33892366E-1,
3.07E05,3.20000000E+2,3.19106750E+2,4.99341674E-2,
3.08E05,3.12000000E+2,3.16098511E+2,-2.32032478E-1,
3.09E05,3.17000000E+2,3.13145142E+2,2.16510415E-1,
3.1E05,3.25000000E+2,3.10245544E+2,8.18429947E-1,
3.11E05,3.23000000E+2,3.07398590E+2,8.68085682E-1,
3.12E05,3.09000000E+2,3.04603271E+2,2.50121146E-1,
3.13E05,2.77000000E+2,3.01858551E+2,-1.49360561E+0,
3.14E05,3.09000000E+2,2.99163452E+2,5.59581637E-1,
3.15E05,2.96000000E+2,2.96516968E+2,-3.00481413E-2,
3.16E05,3.21000000E+2,2.93918152E+2,1.51156139E+0,
3.17E05,2.80000000E+2,2.91366058E+2,-6.79251909E-1,
3.18E05,3.12000000E+2,2.88859802E+2,1.31005573E+0,
3.19E05,2.97000000E+2,2.86398407E+2,6.15166843E-1,
3.2E05,2.90000000E+2,2.83981049E+2,3.53444993E-1,
3.21E05,3.10000000E+2,2.81606873E+2,1.61262131E+0,
3.22E05,2.91000000E+2,2.79275024E+2,6.87330246E-1,
3.23E05,2.68000000E+2,2.76984650E+2,-5.48824847E-1,
3.24E05,2.83000000E+2,2.74734985E+2,4.91304129E-1,
3.25E05,2.77000000E+2,2.72525208E+2,2.68864214E-1,
3.26E05,2.92000000E+2,2.70354553E+2,1.26670396E+0,
3.27E05,2.84000000E+2,2.68222290E+2,9.36234832E-1,
3.28E05,2.65000000E+2,2.66127655E+2,-6.92712963E-2,
3.29E05,2.47000000E+2,2.64069916E+2,-1.08613276E+0,
3.3E05,2.95000000E+2,2.62048340E+2,1.91851985E+0,
3.31E05,2.75000000E+2,2.60062286E+2,9.00778055E-1,
3.32E05,2.72000000E+2,2.58111053E+2,8.42141092E-1,
3.33E05,2.68000000E+2,2.56193939E+2,7.21169949E-1,
3.34E05,2.91000000E+2,2.54310333E+2,2.15078640E+0,
3.35E05,2.48000000E+2,2.52459595E+2,-2.83184558E-1,
3.36E05,2.67000000E+2,2.50641052E+2,1.00115132E+0,
3.37E05,2.33000000E+2,2.48854156E+2,-1.03864038E+0,
3.38E05,2.45000000E+2,2.47098251E+2,-1.34052351E-1,
3.39E05,2.58000000E+2,2.45372787E+2,7.86135912E-1,
3.4E05,2.08000000E+2,2.43677170E+2,-2.47376657E+0,
3.41E05,2.33000000E+2,2.42010834E+2,-5.90319335E-1,
3.42E05,2.49000000E+2,2.40373245E+2,5.46698332E-1,
3.43E05,2.49000000E+2,2.38763855E+2,6.48689330E-1,
3.44E05,2.21000000E+2,2.37182114E+2,-1.08852673E+0,
3.45E05,2.20000000E+2,2.35627518E+2,-1.05360699E+0,
3.46E05,2.48000000E+2,2.34099564E+2,8.82678568E-1,
3.47E05,2.13000000E+2,2.32597748E+2,-1.34281552E+0,
3.48E05,2.28000000E+2,2.31121582E+2,-2.06731826E-1,
3.49E05,2.48000000E+2,2.29670593E+2,1.16391850E+0,
3.5E05,2.64000000E+2,2.28244293E+2,2.20061159E+0,
3.51E05,2.02000000E+2,2.26842255E+2,-1.74789488E+0,
3.52E05,2.58000000E+2,2.25464020E+2,2.02560163E+0,
3.53E05,2.14000000E+2,2.24109131E+2,-6.91045940E-1,
3.54E05,2.28000000E+2,2.22777191E+2,3.45888972E-1,
3.55E05,1.96000000E+2,2.21467743E+2,-1.81912446E+0,
3.56E05,2.14000000E+2,2.20180359E+2,-4.22480643E-1,
3.57E05,2.12000000E+2,2.18914703E+2,-4.74903792E-1,
3.58E05,2.15000000E+2,2.17670303E+2,-1.82113171E-1,
3.59E05,2.16000000E+2,2.16446808E+2,-3.04014236E-2,
3.6E05,2.01000000E+2,2.15243820E+2,-1.00468159E+0,
3.61E05,2.16000000E+2,2.14060974E+2,1.31934002E-1,
3.62E05,2.11000000E+2,2.12897919E+2,-1.30658120E-1,
3.63E05,2.25000000E+2,2.11754272E+2,8.83048534E-1,
3.64E05,2.04000000E+2,2.10629669E+2,-4.64169681E-1,
3.65E05,1.93000000E+2,2.09523804E+2,-1.18940938E+0,
3.66E05,2.04000000E+2,2.08436310E+2,-3.10603827E-1,
3.67E05,1.90000000E+2,2.07366867E+2,-1.25992501E+0,
3.68E05,2.14000000E+2,2.06315155E+2,5.25325179E-1,
3.69E05,2.11000000E+2,2.05280823E+2,3.93724412E-1,
3.7E05,1.95000000E+2,2.04263580E+2,-6.63378775E-1,
3.71E05,2.02000000E+2,2.03263153E+2,-8.88751373E-2,
3.72E05,2.17000000E+2,2.02279175E+2,9.99314725E-1,
3.73E05,1.83000000E+2,2.01311401E+2,-1.35361767E+0,
3.74E05,2.30000000E+2,2.00359528E+2,1.95443487E+0,
3.75E05,1.93000000E+2,1.99423279E+2,-4.62357730E-1,
3.76E05,2.13000000E+2,1.98502365E+2,9.93361592E-1,
3.77E05,1.92000000E+2,1.97596512E+2,-4.03893471E-1,
3.78E05,1.81000000E+2,1.96705475E+2,-1.16737878E+0,
3.79E05,1.69000000E+2,1.95828964E+2,-2.06376648E+0,
3.8E05,2.11000000E+2,1.94966736E+2,1.10377550E+0,
3.81E05,1.95000000E+2,1.94118546E+2,6.31222650E-2,
3.82E05,1.95000000E+2,1.93284134E+2,1.22875728E-1,
3.83E05,1.74000000E+2,1.92463257E+2,-1.39969587E+0,
3.84E05,1.71000000E+2,1.91655701E+2,-1.57958090E+0,
3.85E05,1.91000000E+2,1.90861206E+2,1.00427773E-2,
3.86E05,2.00000000E+2,1.90079544E+2,7.01482177E-1,
3.87E05,1.92000000E+2,1.89310516E+2,1.94096759E-1,
3.88E05,2.04000000E+2,1.88553879E+2,1.08144486E+0,
3.89E05,1.87000000E+2,1.87809433E+2,-5.91916032E-2,
3.9E05,1.75000000E+2,1.87076950E+2,-9.12931621E-1,
3.91E05,1.93000000E+2,1.86356232E+2,4.78228897E-1,
3.92E05,1.69000000E+2,1.85647079E+2,-1.28054464E+0,
3.93E05,1.72000000E+2,1.84949280E+2,-9.87373352E-1,
3.94E05,2.04000000E+2,1.84262650E+2,1.38189101E+0,
3.95E05,1.76000000E+2,1.83586990E+2,-5.71890950E-1,
3.96E05,1.61000000E+2,1.82922119E+2,-1.72770500E+0,
3.97E05,1.81000000E+2,1.82267853E+2,-9.42387581E-2,
3.98E05,1.91000000E+2,1.81623993E+2,6.78424060E-1,
3.99E05,1.85000000E+2,1.80990372E+2,2.94793725E-1,
4E05,1.90000000E+2,1.80366806E+2,6.98865354E-1,
4.01E05,2.02000000E+2,1.79753143E+2,1.56528342E+0,
4.02E05,1.73000000E+2,1.79149200E+2,-4.67515051E-1,
4.03E05,1.61000000E+2,1.78554825E+2,-1.38351405E+0,
4.04E05,1.86000000E+2,1.77969833E+2,5.88800371E-1,
4.05E05,1.90000000E+2,1.77394073E+2,9.14530039E-1,
4.06E05,1.71000000E+2,1.76827408E+2,-4.45633024E-1,
4.07E05,1.95000000E+2,1.76269669E+2,1.34130692E+0,
4.08E05,1.73000000E+2,1.75720703E+2,-2.06851229E-1,
4.09E05,1.81000000E+2,1.75180359E+2,4.32570517E-1,
4.1E05,1.60000000E+2,1.74648499E+2,-1.15806556E+0,
4.11E05,1.68000000E+2,1.74124985E+2,-4.72552836E-1,
4.12E05,1.71000000E+2,1.73609665E+2,-1.99566066E-1,
4.13E05,1.70000000E+2,1.73102417E+2,-2.37944528E-1,
4.14E05,1.85000000E+2,1.72603088E+2,9.11439061E-1,
4.15E05,1.72000000E+2,1.72111557E+2,-8.50614160E-3,
4.16E05,1.75000000E+2,1.71627701E+2,2.54921854E-1,
4.17E05,1.79000000E+2,1.71151367E+2,5.86634338E-1,
4.18E05,1.78000000E+2,1.70682465E+2,5.48472464E-1,
4.19E05,1.94000000E+2,1.70220840E+2,1.70724416E+0,
4.2E05,1.66000000E+2,1.69766388E+2,-2.92328387E-1,
4.21E05,1.70000000E+2,1.69318970E+2,5.22326380E-2,
4.22E05,1.50000000E+2,1.68878510E+2,-1.54142392E+0,
4.23E05,1.63000000E+2,1.68444855E+2,-4.26473945E-1,
4.24E05,1.91000000E+2,1.68017914E+2,1.66292536E+0,
4.25E05,2.00000000E+2,1.67597565E+2,2.29119825E+0,
4.26E05,1.74000000E+2,1.67183716E+2,5.16741157E-1,
4.27E05,1.73000000E+2,1.66776230E+2,4.73184466E-1,
4.28E05,1.82000000E+2,1.66375031E+2,1.15819979E+0,
4.29E05,1.68000000E+2,1.65980011E+2,1.55845538E-1,
4.3E05,1.60000000E+2,1.65591049E+2,-4.42011267E-1,
4.31E05,1.48000000E+2,1.65208069E+2,-1.41449451E+0,
4.32E05,1.68000000E+2,1.64830963E+2,2.44496509E-1,
4.33E05,1.66000000E+2,1.64459656E+2,1.19553894E-1,
4.34E05,1.72000000E+2,1.64094025E+2,6.02824986E-1,
4.35E05,1.64000000E+2,1.63733978E+2,2.07728073E-2,
4.36E05,1.61000000E+2,1.63379440E+2,-1.87526166E-1,
4.37E05,1.77000000E+2,1.63030319E+2,1.05002546E+0,
4.38E05,1.65000000E+2,1.62686523E+2,1.80103898E-1,
4.39E05,1.51000000E+2,1.62347977E+2,-9.23485219E-1,
4.4E05,1.33000000E+2,1.62014587E+2,-2.51588392E+0,
4.41E05,1.68000000E+2,1.61686264E+2,4.87115324E-1,
4.42E05,1.49000000E+2,1.61362946E+2,-1.01281202E+0,
4.43E05,1.75000000E+2,1.61044525E+2,1.05493474E+0,
4.44E05,1.65000000E+2,1.60730942E+2,3.32345724E-1,
4.45E05,1.58000000E+2,1.60422119E+2,-1.92693457E-1,
4.46E05,1.66000000E+2,1.60117966E+2,4.56534386E-1,
4.47E05,1.61000000E+2,1.59818420E+2,9.31215212E-2,
4.48E05,1.46000000E+2,1.59523407E+2,-1.11920512E+0,
4.49E05,1.86000000E+2,1.59232864E+2,1.96266162E+0,
4.5E05,1.60000000E+2,1.58946701E+2,8.32705945E-2,
4.51E05,1.42000000E+2,1.58664856E+2,-1.39848363E+0,
4.52E05,1.56000000E+2,1.58387253E+2,-1.91133186E-1,
4.53E05,1.23000000E+2,1.58113846E+2,-3.16610885E+0,
4.54E05,1.84000000E+2,1.57844543E+2,1.92820585E+0,
4.55E05,1.72000000E+2,1.57579300E+2,1.09956813E+0,
4.56E05,1.51000000E+2,1.57318039E+2,-5.14154732E-1,
4.57E05,1.37000000E+2,1.57060699E+2,-1.71390116E+0,
4.58E05,1.65000000E+2,1.56807220E+2,6.37807012E-1,
4.59E05,1.37000000E+2,1.56557556E+2,-1.67091477E+0,
4.6E05,1.61000000E+2,1.56311615E+2,3.69496495E-1,
4.61E05,1.78000000E+2,1.56069366E+2,1.64377046E+0,
4.62E05,1.55000000E+2,1.55830750E+2,-6.67274073E-2,
4.63E05,1.41000000E+2,1.55595688E+2,-1.22917867E+0,
4.64E05,1.70000000E+2,1.55364136E+2,1.12251961E+0,
4.65E05,1.62000000E+2,1.55136047E+2,5.39283037E-1,
4.66E05,1.37000000E+2,1.54911362E+2,-1.53027093E+0,
4.67E05,1.46000000E+2,1.54690018E+2,-7.19190955E-1,
4.68E05,1.56000000E+2,1.54471985E+2,1.22339122E-1,
4.69E05,1.53000000E+2,1.54257187E+2,-1.01637535E-1,
4.7E05,1.56000000E+2,1.54045593E+2,1.56477779E-1,
4.71E05,1.66000000E+2,1.53837128E+2,9.44021940E-1,
4.72E05,1.45000000E+2,1.53631775E+2,-7.16829896E-1,
4.73E05,1.62000000E+2,1.53429474E+2,6.73364103E-1,
4.74E05,1.68000000E+2,1.53230164E+2,1.13951766E+0,
4.75E05,1.55000000E+2,1.53033813E+2,1.57927901E-1,
4.76E05,1.51000000E+2,1.52840363E+2,-1.49766579E-1,
4.77E05,1.35000000E+2,1.52649796E+2,-1.51905251E+0,
4.78E05,1.52000000E+2,1.52462036E+2,-3.74760777E-2,
4.79E05,1.64000000E+2,1.52277054E+2,9.15408313E-1,
4.8E05,1.63000000E+2,1.52094803E+2,8.54160964E-1,
4.81E05,1.43000000E+2,1.51915253E+2,-7.45530903E-1,
4.82E05,1.59000000E+2,1.51738342E+2,5.75886905E-1,
4.83E05,1.46000000E+2,1.51564041E+2,-4.60483313E-1,
4.84E05,1.41000000E+2,1.51392319E+2,-8.75191092E-1,
4.85E05,1.50000000E+2,1.51223129E+2,-9.98680890E-2,
4.86E05,1.35000000E+2,1.51056427E+2,-1.38191724E+0,
4.87E05,1.34000000E+2,1.50892166E+2,-1.45926082E+0,
4.88E05,1.33000000E+2,1.50730331E+2,-1.53741479E+0,
4.89E05,1.68000000E+2,1.50570877E+2,1.34468603E+0,
4.9E05,1.30000000E+2,1.50413757E+2,-1.79040492E+0,
4.91E05,1.43000000E+2,1.50258957E+2,-6.07024491E-1,
4.92E05,1.80000000E+2,1.50106415E+2,2.22813630E+0,
4.93E05,1.36000000E+2,1.49956116E+2,-1.19672704E+0,
4.94E05,1.29000000E+2,1.49808029E+2,-1.83204484E+0,
4.95E05,1.31000000E+2,1.49662109E+2,-1.63051605E+0,
4.96E05,1.68000000E+2,1.49518311E+2,1.42589331E+0,
4.97E05,1.47000000E+2,1.49376633E+2,-1.96021363E-1,
4.98E05,1.71000000E+2,1.49237015E+2,1.66425705E+0,
4.99E05,1.44000000E+2,1.49099442E+2,-4.24953461E-1,
5E05,1.68000000E+2,1.48963882E+2,1.46866834E+0,
5.01E05,1.68000000E+2,1.48830307E+2,1.47897398E+0,
5.02E05,1.29000000E+2,1.48698669E+2,-1.73437119E+0,
5.03E05,1.42000000E+2,1.48568954E+2,-5.51254392E-1,
5.04E05,1.46000000E+2,1.48441147E+2,-2.02030748E-1,
5.05E05,1.44000000E+2,1.48315186E+2,-3.59598786E-1,
5.06E05,1.39000000E+2,1.48191055E+2,-7.79575169E-1,
5.07E05,1.20000000E+2,1.48068741E+2,-2.56231380E+0,
5.08E05,1.54000000E+2,1.47948212E+2,4.87666994E-1,
5.09E05,1.50000000E+2,1.47829437E+2,1.77225709E-1,
5.1E05,1.27000000E+2,1.47712372E+2,-1.83792579E+0,
5.11E05,1.71000000E+2,1.47597031E+2,1.78966975E+0,
5.12E05,1.43000000E+2,1.47483353E+2,-3.74916792E-1,
5.13E05,1.50000000E+2,1.47371323E+2,2.14630604E-1,
5.14E05,1.63000000E+2,1.47260925E+2,1.23277950E+0,
5.15E05,1.40000000E+2,1.47152115E+2,-6.04464054E-1,
5.16E05,1.42000000E+2,1.47044891E+2,-4.23357874E-1,
5.17E05,1.37000000E+2,1.46939224E+2,-8.49165261E-1,
5.18E05,1.44000000E+2,1.46835098E+2,-2.36258194E-1,
5.19E05,1.47000000E+2,1.46732468E+2,2.20656954E-2,
5.2E05,1.51000000E+2,1.46631317E+2,3.55518371E-1,
5.21E05,1.43000000E+2,1.46531631E+2,-2.95329869E-1,
5.22E05,1.36000000E+2,1.46433395E+2,-8.94656301E-1,
5.23E05,1.42000000E+2,1.46336578E+2,-3.63917559E-1,
5.24E05,1.43000000E+2,1.46241165E+2,-2.71039844E-1,
5.25E05,1.48000000E+2,1.46147125E+2,1.52305365E-1,
5.26E05,1.47000000E+2,1.46054443E+2,7.79881999E-2,
5.27E05,1.60000000E+2,1.45963089E+2,1.10971522E+0,
5.28E05,1.59000000E+2,1.45873062E+2,1.04103386E+0,
5.29E05,1.32000000E+2,1.45784332E+2,-1.19977212E+0,
5.3E05,1.40000000E+2,1.45696884E+2,-4.81474578E-1,
5.31E05,1.32000000E+2,1.45610703E+2,-1.18465960E+0,
5.32E05,1.68000000E+2,1.45525757E+2,1.73392546E+0,
5.33E05,1.36000000E+2,1.45442032E+2,-8.09647560E-1,
5.34E05,1.50000000E+2,1.45359512E+2,3.78894240E-1,
5.35E05,1.49000000E+2,1.45278183E+2,3.04903120E-1,
5.36E05,1.43000000E+2,1.45198013E+2,-1.83807105E-1,
5.37E05,1.37000000E+2,1.45119003E+2,-6.93653286E-1,
5.38E05,1.54000000E+2,1.45041138E+2,7.21925676E-1,
5.39E05,1.47000000E+2,1.44964371E+2,1.67895868E-1,
5.4E05,1.35000000E+2,1.44888733E+2,-8.51086617E-1,
5.41E05,1.57000000E+2,1.44814163E+2,9.72535670E-1,
5.42E05,1.23000000E+2,1.44740662E+2,-1.96028936E+0,
5.43E05,1.54000000E+2,1.44668228E+2,7.51975596E-1,
5.44E05,1.53000000E+2,1.44596817E+2,6.79357111E-1,
5.45E05,1.36000000E+2,1.44526443E+2,-7.31136501E-1,
5.46E05,1.16000000E+2,1.44457077E+2,-2.64217329E+0,
5.47E05,1.47000000E+2,1.44388702E+2,2.15376198E-1,
5.48E05,1.58000000E+2,1.44321304E+2,1.08821857E+0,
5.49E05,1.38000000E+2,1.44254883E+2,-5.32450974E-1,
5.5E05,1.53000000E+2,1.44189407E+2,7.12294221E-1,
5.51E05,1.53000000E+2,1.44124863E+2,7.17512310E-1,
5.52E05,1.61000000E+2,1.44061249E+2,1.33496058E+0,
5.53E05,1.48000000E+2,1.43998535E+2,3.28918397E-1,
5.54E05,1.39000000E+2,1.43936722E+2,-4.18727279E-1,
5.55E05,1.36000000E+2,1.43875793E+2,-6.75343692E-1,
5.56E05,1.32000000E+2,1.43815750E+2,-1.02842903E+0,
5.57E05,1.31000000E+2,1.43756546E+2,-1.11454463E+0,
5.58E05,1.42000000E+2,1.43698196E+2,-1.42509475E-1,
5.59E05,1.49000000E+2,1.43640671E+2,4.39053357E-1,
5.6E05,1.27000000E+2,1.43583969E+2,-1.47158933E+0,
5.61E05,1.31000000E+2,1.43528091E+2,-1.09458447E+0,
5.62E05,1.42000000E+2,1.43472992E+2,-1.23610735E-1,
5.63E05,1.46000000E+2,1.43418686E+2,2.13631079E-1,
5.64E05,1.33000000E+2,1.43365158E+2,-8.98773193E-1,
5.65E05,1.35000000E+2,1.43312393E+2,-7.15416908E-1,
5.66E05,1.61000000E+2,1.43260376E+2,1.39807820E+0,
5.67E05,1.45000000E+2,1.43209106E+2,1.48725614E-1,
5.68E05,1.55000000E+2,1.43158554E+2,9.51127827E-1,
5.69E05,1.32000000E+2,1.43108734E+2,-9.66891229E-1,
5.7E05,1.35000000E+2,1.43059616E+2,-6.93661332E-1,
5.71E05,1.52000000E+2,1.43011200E+2,7.29087949E-1,
5.72E05,1.60000000E+2,1.42963470E+2,1.34685588E+0,
5.73E05,1.44000000E+2,1.42916428E+2,9.02976990E-2,
5.74E05,1.49000000E+2,1.42870056E+2,5.02184570E-1,
5.75E05,1.50000000E+2,1.42824326E+2,5.85891366E-1,
5.76E05,1.44000000E+2,1.42779266E+2,1.01727806E-1,
5.77E05,1.46000000E+2,1.42734833E+2,2.70227164E-1,
5.78E05,1.52000000E+2,1.42691040E+2,7.55056381E-1,
5.79E05,1.53000000E+2,1.42647858E+2,8.36921096E-1,
5.8E05,1.30000000E+2,1.42605301E+2,-1.10555804E+0,
5.81E05,1.41000000E+2,1.42563339E+2,-1.31656915E-1,
5.82E05,1.20000000E+2,1.42521988E+2,-2.05596685E+0,
5.83E05,1.51000000E+2,1.42481201E+2,6.93250000E-1,
5.84E05,1.21000000E+2,1.42441010E+2,-1.94918263E+0,
5.85E05,1.43000000E+2,1.42401382E+2,5.00589162E-2,
5.86E05,1.28000000E+2,1.42362320E+2,-1.26946175E+0,
5.87E05,1.49000000E+2,1.42323822E+2,5.46933830E-1,
5.88E05,1.38000000E+2,1.42285858E+2,-3.64836484E-1,
5.89E05,1.32000000E+2,1.42248428E+2,-8.92011225E-1,
5.9E05,1.25000000E+2,1.42211533E+2,-1.53944635E+0,
5.91E05,1.41000000E+2,1.42175171E+2,-9.89672393E-2,
5.92E05,1.44000000E+2,1.42139313E+2,1.55057266E-1,
5.93E05,1.72000000E+2,1.42103958E+2,2.27955174E+0,
5.94E05,1.41000000E+2,1.42069122E+2,-9.00363401E-2,
5.95E05,1.42000000E+2,1.42034760E+2,-2.91695422E-3,
5.96E05,1.34000000E+2,1.42000900E+2,-6.91172481E-1,
5.97E05,1.46000000E+2,1.41967499E+2,3.33732188E-1,
5.98E05,1.41000000E+2,1.41934586E+2,-7.87063017E-2,
5.99E05,1.35000000E+2,1.41902145E+2,-5.94042063E-1,
6E05,1.45000000E+2,1.41870148E+2,2.59920090E-1,
6.01E05,1.35000000E+2,1.41838608E+2,-5.88573635E-1,
6.02E05,1.62000000E+2,1.41807526E+2,1.58647060E+0,
6.03E05,1.30000000E+2,1.41776871E+2,-1.03289986E+0,
6.04E05,1.65000000E+2,1.41746643E+2,1.81027138E+0,
6.05E05,1.50000000E+2,1.41716858E+2,6.76315725E-1,
6.06E05,1.66000000E+2,1.41687485E+2,1.88701713E+0,
6.07E05,1.53000000E+2,1.41658539E+2,9.16902781E-1,
6.08E05,1.16000000E+2,1.41629990E+2,-2.37968469E+0,
6.09E05,1.33000000E+2,1.41601837E+2,-7.45873868E-1,
6.1E05,1.42000000E+2,1.41574097E+2,3.57410125E-2,
6.11E05,1.47000000E+2,1.41546738E+2,4.49777484E-1,
6.12E05,1.39000000E+2,1.41519775E+2,-2.13724568E-1,
6.13E05,1.40000000E+2,1.41493195E+2,-1.26197979E-1,
6.14E05,1.55000000E+2,1.41466980E+2,1.08699834E+0,
6.15E05,1.57000000E+2,1.41441132E+2,1.24173284E+0,
6.16E05,1.47000000E+2,1.41415665E+2,4.60588217E-1,
6.17E05,1.53000000E+2,1.41390549E+2,9.38568532E-1,
6.18E05,1.44000000E+2,1.41365784E+2,2.19518021E-1,
6.19E05,1.67000000E+2,1.41341370E+2,1.98552442E+0,
6.2E05,1.61000000E+2,1.41317291E+2,1.55121481E+0,
6.21E05,1.46000000E+2,1.41293564E+2,3.89507413E-1,
6.22E05,1.24000000E+2,1.41270172E+2,-1.55090725E+0,
6.23E05,1.29000000E+2,1.41247101E+2,-1.07829714E+0,
6.24E05,1.41000000E+2,1.41224365E+2,-1.88949611E-2,
6.25E05,1.40000000E+2,1.41201935E+2,-1.01582035E-1,
6.26E05,1.38000000E+2,1.41179840E+2,-2.70685971E-1,
6.27E05,1.43000000E+2,1.41158051E+2,1.54031545E-1,
6.28E05,1.49000000E+2,1.41136566E+2,6.44197583E-1,
6.29E05,1.66000000E+2,1.41115372E+2,1.93142176E+0,
6.3E05,1.73000000E+2,1.41094498E+2,2.42573047E+0,
6.31E05,1.55000000E+2,1.41073898E+2,1.11857140E+0,
6.32E05,1.62000000E+2,1.41053604E+2,1.64570427E+0,
6.33E05,1.38000000E+2,1.41033585E+2,-2.58235872E-1,
6.34E05,1.46000000E+2,1.41013855E+2,4.12656307E-1,
6.35E05,1.30000000E+2,1.40994400E+2,-9.64272678E-1,
6.36E05,1.36000000E+2,1.40975220E+2,-4.26621586E-1,
6.37E05,1.46000000E+2,1.40956299E+2,4.17419672E-1,
6.38E05,1.40000000E+2,1.40937653E+2,-7.92461112E-2,
6.39E05,1.46000000E+2,1.40919266E+2,4.20484543E-1,
6.4E05,1.50000000E+2,1.40901154E+2,7.42917717E-1,
6.41E05,1.38000000E+2,1.40883270E+2,-2.45440260E-1,
6.42E05,1.49000000E+2,1.40865662E+2,6.66390955E-1,
6.43E05,1.54000000E+2,1.40848282E+2,1.05979562E+0,
6.44E05,1.34000000E+2,1.40831161E+2,-5.90122461E-1,
6.45E05,1.48000000E+2,1.40814270E+2,5.90663373E-1,
6.46E05,1.78000000E+2,1.40797623E+2,2.78843617E+0,
6.47E05,1.43000000E+2,1.40781204E+2,1.85545027E-1,
6.48E05,1.46000000E+2,1.40765030E+2,4.33249205E-1,
6.49E05,1.45000000E+2,1.40749069E+2,3.53020579E-1,
6.5E05,1.40000000E+2,1.40733337E+2,-6.19783215E-2,
6.51E05,1.58000000E+2,1.40717834E+2,1.37489533E+0,
6.52E05,1.61000000E+2,1.40702530E+2,1.59966481E+0,
6.53E05,1.51000000E+2,1.40687454E+2,8.39223087E-1,
6.54E05,1.39000000E+2,1.40672592E+2,-1.41867414E-1,
6.55E05,1.65000000E+2,1.40657928E+2,1.89502764E+0,
6.56E05,1.45000000E+2,1.40643478E+2,3.61789435E-1,
6.57E05,1.55000000E+2,1.40629227E+2,1.15428829E+0,
6.58E05,1.24000000E+2,1.40615189E+2,-1.49208796E+0,
6.59E05,1.36000000E+2,1.40601334E+2,-3.94561112E-1,
6.6E05,1.59000000E+2,1.40587677E+2,1.46019220E+0,
6.61E05,1.36000000E+2,1.40574203E+2,-3.92234713E-1,
6.62E05,1.25000000E+2,1.40560928E+2,-1.39181173E+0,
6.63E05,1.47000000E+2,1.40547836E+2,5.32165468E-1,
6.64E05,1.24000000E+2,1.40534927E+2,-1.48488033E+0,
6.65E05,1.44000000E+2,1.40522202E+2,2.89816529E-1,
6.66E05,1.39000000E+2,1.40509659E+2,-1.28047585E-1,
6.67E05,1.40000000E+2,1.40497284E+2,-4.20281626E-2,
6.68E05,1.56000000E+2,1.40485092E+2,1.24218678E+0,
6.69E05,1.14000000E+2,1.40473068E+2,-2.47942996E+0,
6.7E05,1.61000000E+2,1.40461212E+2,1.61868322E+0,
6.71E05,1.56000000E+2,1.40449524E+2,1.24503458E+0,
6.72E05,1.26000000E+2,1.40437988E+2,-1.28623831E+0,
6.73E05,1.52000000E+2,1.40426620E+2,9.38725054E-1,
6.74E05,1.43000000E+2,1.40415421E+2,2.16133386E-1,
6.75E05,1.30000000E+2,1.40404373E+2,-9.12523866E-1,
6.76E05,1.41000000E+2,1.40393478E+2,5.10783345E-2,
6.77E05,1.26000000E+2,1.40382736E+2,-1.28131604E+0,
6.78E05,1.34000000E+2,1.40372147E+2,-5.50469637E-1,
6.79E05,1.24000000E+2,1.40361694E+2,-1.46932352E+0,
6.8E05,1.37000000E+2,1.40351410E+2,-2.86330283E-1,
6.81E05,1.61000000E+2,1.40341248E+2,1.62813783E+0,
6.82E05,1.27000000E+2,1.40331238E+2,-1.18295610E+0,
6.83E05,1.57000000E+2,1.40321381E+2,1.33109879E+0,
6.84E05,1.60000000E+2,1.40311646E+2,1.55650115E+0,
6.85E05,1.49000000E+2,1.40302048E+2,7.12563992E-1,
6.86E05,1.44000000E+2,1.40292587E+2,3.08951050E-1,
6.87E05,1.51000000E+2,1.40283264E+2,8.72115612E-1,
6.88E05,1.46000000E+2,1.40274063E+2,4.73881900E-1,
6.89E05,1.44000000E+2,1.40264999E+2,3.11250061E-1,
6.9E05,1.22000000E+2,1.40256058E+2,-1.65282571E+0,
6.91E05,1.74000000E+2,1.40247238E+2,2.55879021E+0,
6.92E05,1.47000000E+2,1.40238541E+2,5.57675779E-1,
6.93E05,1.43000000E+2,1.40229965E+2,2.31641948E-1,
6.94E05,1.58000000E+2,1.40221527E+2,1.41437936E+0,
6.95E05,1.28000000E+2,1.40213196E+2,-1.07950425E+0,
6.96E05,1.33000000E+2,1.40204971E+2,-6.24750257E-1,
6.97E05,1.44000000E+2,1.40196869E+2,3.16927582E-1,
6.98E05,1.53000000E+2,1.40188889E+2,1.03571701E+0,
6.99E05,1.35000000E+2,1.40181015E+2,-4.45910782E-1,
7E05,1.29000000E+2,1.40173248E+2,-9.83749628E-1,
7.01E05,1.34000000E+2,1.40165588E+2,-5.32625735E-1,
7.02E05,1.55000000E+2,1.40158035E+2,1.19213533E+0,
7.03E05,1.44000000E+2,1.40150589E+2,3.20784241E-1,
7.04E05,1.43000000E+2,1.40143250E+2,2.38893479E-1,
7.05E05,1.45000000E+2,1.40136017E+2,4.03931826E-1,
7.06E05,1.50000000E+2,1.40128876E+2,8.05973947E-1,
7.07E05,1.24000000E+2,1.40121841E+2,-1.44778407E+0,
7.08E05,1.31000000E+2,1.40114914E+2,-7.96373725E-1,
7.09E05,1.44000000E+2,1.40108063E+2,3.24328095E-1,
7.1E05,1.25000000E+2,1.40101318E+2,-1.35070300E+0,
7.11E05,1.39000000E+2,1.40094666E+2,-9.28483158E-2,
7.12E05,1.58000000E+2,1.40088120E+2,1.42499268E+0,
7.13E05,1.28000000E+2,1.40081650E+2,-1.06787705E+0,
7.14E05,1.62000000E+2,1.40075272E+2,1.72256935E+0,
7.15E05,1.43000000E+2,1.40068985E+2,2.45103791E-1,
7.16E05,1.44000000E+2,1.40062790E+2,3.28100830E-1,
7.17E05,1.34000000E+2,1.40056671E+2,-5.23216665E-1,
7.18E05,1.21000000E+2,1.40050644E+2,-1.73187673E+0,
7.19E05,1.39000000E+2,1.40044708E+2,-8.86109993E-2,
7.2E05,1.33000000E+2,1.40038849E+2,-6.10345602E-1,
7.21E05,1.50000000E+2,1.40033081E+2,8.13795507E-1,
7.22E05,1.48000000E+2,1.40027374E+2,6.55345798E-1,
7.23E05,1.46000000E+2,1.40021759E+2,4.94762748E-1,
7.24E05,1.40000000E+2,1.40016220E+2,-1.37084804E-3,
7.25E05,1.32000000E+2,1.40010757E+2,-6.97246969E-1,
7.26E05,1.37000000E+2,1.40005386E+2,-2.56767482E-1,
7.27E05,1.24000000E+2,1.40000076E+2,-1.43684924E+0,
7.28E05,1.37000000E+2,1.39994843E+2,-2.55866677E-1,
7.29E05,1.36000000E+2,1.39989670E+2,-3.42111349E-1,
7.3E05,1.34000000E+2,1.39984589E+2,-5.16989708E-1,
7.31E05,1.56000000E+2,1.39979568E+2,1.28266108E+0,
7.32E05,1.40000000E+2,1.39974625E+2,2.14460981E-3,
7.33E05,1.27000000E+2,1.39969742E+2,-1.15087843E+0,
7.34E05,1.41000000E+2,1.39964935E+2,8.71681720E-2,
7.35E05,1.50000000E+2,1.39960190E+2,8.19747090E-1,
7.36E05,1.57000000E+2,1.39955505E+2,1.36029875E+0,
7.37E05,1.39000000E+2,1.39950897E+2,-8.06540474E-2,
7.38E05,1.38000000E+2,1.39946350E+2,-1.65684327E-1,
7.39E05,1.35000000E+2,1.39941864E+2,-4.25327927E-1,
7.4E05,1.32000000E+2,1.39937439E+2,-6.90865397E-1,
7.41E05,1.37000000E+2,1.39933090E+2,-2.50590801E-1,
7.42E05,1.33000000E+2,1.39928787E+2,-6.00802064E-1,
7.43E05,1.47000000E+2,1.39924545E+2,5.83573639E-1,
7.44E05,1.37000000E+2,1.39920364E+2,-2.49503568E-1,
7.45E05,1.53000000E+2,1.39916245E+2,1.05775893E+0,
7.46E05,1.23000000E+2,1.39912186E+2,-1.52492034E+0,
7.47E05,1.36000000E+2,1.39908173E+2,-3.35123032E-1,
7.48E05,1.41000000E+2,1.39904221E+2,9.22812745E-2,
7.49E05,1.55000000E+2,1.39900330E+2,1.21283472E+0,
7.5E05,1.66000000E+2,1.39896484E+2,2.02602577E+0,
7.51E05,1.54000000E+2,1.39892700E+2,1.13679862E+0,
7.52E05,1.52000000E+2,1.39888962E+2,9.82334912E-1,
7.53E05,1.34000000E+2,1.39885284E+2,-5.08411109E-1,
7.54E05,1.53000000E+2,1.39881653E+2,1.06055546E+0,
7.55E05,1.37000000E+2,1.39878067E+2,-2.45889857E-1,
7.56E05,1.46000000E+2,1.39874542E+2,5.06946504E-1,
7.57E05,1.24000000E+2,1.39871063E+2,-1.42526352E+0,
7.58E05,1.37000000E+2,1.39867630E+2,-2.44998157E-1,
7.59E05,1.26000000E+2,1.39864243E+2,-1.23512495E+0,
7.6E05,1.48000000E+2,1.39860916E+2,6.69028580E-1,
7.61E05,1.37000000E+2,1.39857620E+2,-2.44142979E-1,
7.62E05,1.30000000E+2,1.39854370E+2,-8.64285409E-1,
7.63E05,1.47000000E+2,1.39851181E+2,5.89624643E-1,
7.64E05,1.29000000E+2,1.39848022E+2,-9.55115139E-1,
7.65E05,1.41000000E+2,1.39844910E+2,9.72761512E-2,
7.66E05,1.45000000E+2,1.39841843E+2,4.28361654E-1,
7.67E05,1.58000000E+2,1.39838821E+2,1.44482577E+0,
7.68E05,1.48000000E+2,1.39835831E+2,6.71090603E-1,
7.69E05,1.65000000E+2,1.39832901E+2,1.95925593E+0,
7.7E05,1.42000000E+2,1.39830002E+2,1.82102203E-1,
7.71E05,1.55000000E+2,1.39827133E+2,1.21871400E+0,
7.72E05,1.36000000E+2,1.39824310E+2,-3.27931911E-1,
7.73E05,1.42000000E+2,1.39821533E+2,1.82812870E-1,
7.74E05,1.39000000E+2,1.39818802E+2,-6.94498718E-2,
7.75E05,1.44000000E+2,1.39816101E+2,3.48658234E-1,
7.76E05,1.33000000E+2,1.39813431E+2,-5.90799391E-1,
7.77E05,1.41000000E+2,1.39810806E+2,1.00148179E-1,
7.78E05,1.42000000E+2,1.39808212E+2,1.83930740E-1,
7.79E05,1.38000000E+2,1.39805649E+2,-1.53707042E-1,
7.8E05,1.47000000E+2,1.39803131E+2,5.93587756E-1,
7.81E05,1.41000000E+2,1.39800644E+2,1.01004004E-1,
7.82E05,1.51000000E+2,1.39798203E+2,9.11589324E-1,
7.83E05,1.50000000E+2,1.39795792E+2,8.33170116E-1,
7.84E05,1.46000000E+2,1.39793411E+2,5.13660908E-1,
7.85E05,1.53000000E+2,1.39791061E+2,1.06787944E+0,
7.86E05,1.20000000E+2,1.39788742E+2,-1.80645680E+0,
7.87E05,1.35000000E+2,1.39786453E+2,-4.11952287E-1,
7.88E05,1.40000000E+2,1.39784210E+2,1.82375666E-2,
7.89E05,1.25000000E+2,1.39781982E+2,-1.32214069E+0,
7.9E05,1.34000000E+2,1.39779800E+2,-4.99298692E-1,
7.91E05,1.50000000E+2,1.39777634E+2,8.34652722E-1,
7.92E05,1.38000000E+2,1.39775513E+2,-1.51141673E-1,
7.93E05,1.26000000E+2,1.39773407E+2,-1.22703266E+0,
7.94E05,1.46000000E+2,1.39771347E+2,5.15486956E-1,
7.95E05,1.33000000E+2,1.39769302E+2,-5.86972952E-1,
7.96E05,1.45000000E+2,1.39767288E+2,4.34553057E-1,
7.97E05,1.35000000E+2,1.39765305E+2,-4.10132110E-1,
7.98E05,1.21000000E+2,1.39763351E+2,-1.70575917E+0,
7.99E05,1.41000000E+2,1.39761414E+2,1.04307793E-1,
8E05,1.46000000E+2,1.39759521E+2,5.16465664E-1,
8.01E05,1.41000000E+2,1.39757645E+2,1.04625195E-1,
8.02E05,1.39000000E+2,1.39755798E+2,-6.41059801E-2,
8.03E05,1.44000000E+2,1.39753967E+2,3.53836060E-1,
8.04E05,1.39000000E+2,1.39752167E+2,-6.37979507E-2,
8.05E05,1.72000000E+2,1.39750397E+2,2.45900917E+0,
8.06E05,1.29000000E+2,1.39748657E+2,-9.46366489E-1,
8.07E05,1.27000000E+2,1.39746933E+2,-1.13110745E+0,
8.08E05,1.55000000E+2,1.39745224E+2,1.22529304E+0,
8.09E05,1.42000000E+2,1.39743546E+2,1.89357445E-1,
8.1E05,1.41000000E+2,1.39741898E+2,1.05951332E-1,
8.11E05,1.41000000E+2,1.39740265E+2,1.06088832E-1,
8.12E05,1.29000000E+2,1.39738663E+2,-9.45486546E-1,
8.13E05,1.57000000E+2,1.39737076E+2,1.37773132E+0,
8.14E05,1.43000000E+2,1.39735519E+2,2.72989571E-1,
8.15E05,1.43000000E+2,1.39733978E+2,2.73118466E-1,
8.16E05,1.67000000E+2,1.39732452E+2,2.11002612E+0,
8.17E05,1.43000000E+2,1.39730957E+2,2.73371100E-1,
8.18E05,1.36000000E+2,1.39729477E+2,-3.19800019E-1,
8.19E05,1.63000000E+2,1.39728027E+2,1.82280159E+0,
8.2E05,1.41000000E+2,1.39726578E+2,1.07241496E-1,
8.21E05,1.42000000E+2,1.39725174E+2,1.90899163E-1,
8.22E05,1.41000000E+2,1.39723770E+2,1.07477941E-1,
8.23E05,1.42000000E+2,1.39722397E+2,1.91132203E-1,
8.24E05,1.43000000E+2,1.39721039E+2,2.74200499E-1,
8.25E05,1.67000000E+2,1.39719696E+2,2.11101341E+0,
8.26E05,1.71000000E+2,1.39718384E+2,2.39216495E+0,
8.27E05,1.38000000E+2,1.39717072E+2,-1.46166831E-1,
8.28E05,1.35000000E+2,1.39715790E+2,-4.05870557E-1,
8.29E05,1.46000000E+2,1.39714523E+2,5.20189762E-1,
8.3E05,1.46000000E+2,1.39713272E+2,5.20293295E-1,
8.31E05,1.57000000E+2,1.39712051E+2,1.37972856E+0,
8.32E05,1.38000000E+2,1.39710831E+2,-1.45635575E-1,
8.33E05,1.36000000E+2,1.39709641E+2,-3.18099052E-1,
8.34E05,1.52000000E+2,1.39708450E+2,9.96976316E-1,
8.35E05,1.39000000E+2,1.39707291E+2,-5.99916093E-2,
8.36E05,1.45000000E+2,1.39706146E+2,4.39630628E-1,
8.37E05,1.61000000E+2,1.39705017E+2,1.67827976E+0,
8.38E05,1.43000000E+2,1.39703903E+2,2.75633454E-1,
8.39E05,1.54000000E+2,1.39702805E+2,1.15210080E+0,
8.4E05,1.51000000E+2,1.39701721E+2,9.19440866E-1,
8.41E05,1.14000000E+2,1.39700653E+2,-2.40708661E+0,
8.42E05,1.40000000E+2,1.39699585E+2,2.53897049E-2,
8.43E05,1.45000000E+2,1.39698547E+2,4.40261692E-1,
8.44E05,1.51000000E+2,1.39697525E+2,9.19782341E-1,
8.45E05,1.26000000E+2,1.39696518E+2,-1.22018278E+0,
8.46E05,1.51000000E+2,1.39695511E+2,9.19946253E-1,
8.47E05,1.43000000E+2,1.39694534E+2,2.76416928E-1,
8.48E05,1.42000000E+2,1.39693573E+2,1.93551049E-1,
8.49E05,1.43000000E+2,1.39692612E+2,2.76577711E-1,
8.5E05,1.34000000E+2,1.39691666E+2,-4.91685033E-1,
8.51E05,1.48000000E+2,1.39690735E+2,6.83017373E-1,
8.52E05,1.50000000E+2,1.39689819E+2,8.41822743E-1,
8.53E05,1.19000000E+2,1.39688919E+2,-1.89655018E+0,
8.54E05,1.37000000E+2,1.39688034E+2,-2.29654253E-1,
8.55E05,1.39000000E+2,1.39687149E+2,-5.82832210E-2,
8.56E05,1.36000000E+2,1.39686279E+2,-3.16095829E-1,
8.57E05,1.33000000E+2,1.39685425E+2,-5.79699874E-1,
8.58E05,1.44000000E+2,1.39684586E+2,3.59617859E-1,
8.59E05,1.46000000E+2,1.39683746E+2,5.22736847E-1,
8.6E05,1.40000000E+2,1.39682938E+2,2.67966613E-2,
8.61E05,1.43000000E+2,1.39682129E+2,2.77454317E-1,
8.62E05,1.50000000E+2,1.39681335E+2,8.42515469E-1,
8.63E05,1.54000000E+2,1.39680542E+2,1.15389478E+0,
8.64E05,1.71000000E+2,1.39679764E+2,2.39511824E+0,
8.65E05,1.39000000E+2,1.39679001E+2,-5.75921014E-2,
8.66E05,1.54000000E+2,1.39678253E+2,1.15407920E+0,
8.67E05,1.13000000E+2,1.39677505E+2,-2.50960851E+0,
8.68E05,1.17000000E+2,1.39676773E+2,-2.09646845E+0,
8.69E05,1.46000000E+2,1.39676056E+2,5.23373306E-1,
8.7E05,1.26000000E+2,1.39675339E+2,-1.21829605E+0,
8.71E05,1.28000000E+2,1.39674637E+2,-1.03190184E+0,
8.72E05,1.18000000E+2,1.39673950E+2,-1.99524879E+0,
8.73E05,1.51000000E+2,1.39673264E+2,9.21756744E-1,
8.74E05,1.42000000E+2,1.39672592E+2,1.95311725E-1,
8.75E05,1.43000000E+2,1.39671936E+2,2.78306693E-1,
8.76E05,1.48000000E+2,1.39671280E+2,6.84616566E-1,
8.77E05,1.44000000E+2,1.39670639E+2,3.60780090E-1,
8.78E05,1.53000000E+2,1.39669998E+2,1.07766676E+0,
8.79E05,1.24000000E+2,1.39669373E+2,-1.40715122E+0,
8.8E05,1.43000000E+2,1.39668747E+2,2.78573364E-1,
8.81E05,1.54000000E+2,1.39668137E+2,1.15489447E+0,
8.82E05,1.27000000E+2,1.39667542E+2,-1.12406254E+0,
8.83E05,1.45000000E+2,1.39666946E+2,4.42885995E-1,
8.84E05,1.43000000E+2,1.39666367E+2,2.78772444E-1,
8.85E05,1.28000000E+2,1.39665787E+2,-1.03111959E+0,
8.86E05,1.20000000E+2,1.39665222E+2,-1.79518104E+0,
8.87E05,1.31000000E+2,1.39664658E+2,-7.57034659E-1,
8.88E05,1.49000000E+2,1.39664108E+2,7.64826059E-1,
8.89E05,1.71000000E+2,1.39663559E+2,2.39635754E+0,
8.9E05,1.59000000E+2,1.39663025E+2,1.53352189E+0,
8.91E05,1.43000000E+2,1.39662491E+2,2.79096544E-1,
8.92E05,1.14000000E+2,1.39661972E+2,-2.40346384E+0,
8.93E05,1.55000000E+2,1.39661453E+2,1.23202169E+0,
8.94E05,1.27000000E+2,1.39660950E+2,-1.12347758E+0,
8.95E05,1.37000000E+2,1.39660446E+2,-2.27297261E-1,
8.96E05,1.66000000E+2,1.39659943E+2,2.04438496E+0,
8.97E05,1.65000000E+2,1.39659454E+2,1.97275877E+0,
8.98E05,1.35000000E+2,1.39658981E+2,-4.00981277E-1,
8.99E05,1.10000000E+2,1.39658508E+2,-2.82782769E+0,
9E05,1.31000000E+2,1.39658035E+2,-7.56456077E-1,
9.01E05,1.35000000E+2,1.39657578E+2,-4.00860459E-1,
9.02E05,1.40000000E+2,1.39657120E+2,2.89786700E-2,
9.03E05,1.48000000E+2,1.39656677E+2,6.85816944E-1,
9.04E05,1.39000000E+2,1.39656235E+2,-5.56611046E-2,
9.05E05,1.22000000E+2,1.39655792E+2,-1.59848022E+0,
9.06E05,1.57000000E+2,1.39655365E+2,1.38425255E+0,
9.07E05,1.37000000E+2,1.39654953E+2,-2.26827949E-1,
9.08E05,1.35000000E+2,1.39654526E+2,-4.00597781E-1,
9.09E05,1.39000000E+2,1.39654114E+2,-5.54812066E-2,
9.1E05,1.33000000E+2,1.39653717E+2,-5.76950431E-1,
9.11E05,1.33000000E+2,1.39653305E+2,-5.76914728E-1,
9.12E05,1.37000000E+2,1.39652908E+2,-2.26653248E-1,
9.13E05,1.45000000E+2,1.39652527E+2,4.44083482E-1,
9.14E05,1.37000000E+2,1.39652145E+2,-2.26588070E-1,
9.15E05,1.73000000E+2,1.39651764E+2,2.53541946E+0,
9.16E05,1.31000000E+2,1.39651382E+2,-7.55874813E-1,
9.17E05,1.38000000E+2,1.39651016E+2,-1.40543833E-1,
9.18E05,1.37000000E+2,1.39650665E+2,-2.26461619E-1,
9.19E05,1.44000000E+2,1.39650299E+2,3.62475067E-1,
9.2E05,1.37000000E+2,1.39649948E+2,-2.26400346E-1,
9.21E05,1.45000000E+2,1.39649597E+2,4.44326758E-1,
9.22E05,1.41000000E+2,1.39649261E+2,1.13752700E-1,
9.23E05,1.23000000E+2,1.39648926E+2,-1.50118303E+0,
9.24E05,1.66000000E+2,1.39648590E+2,2.04526591E+0,
9.25E05,1.44000000E+2,1.39648254E+2,3.62645477E-1,
9.26E05,1.57000000E+2,1.39647934E+2,1.38484561E+0,
9.27E05,1.47000000E+2,1.39647614E+2,6.06414616E-1,
9.28E05,1.39000000E+2,1.39647293E+2,-5.49026839E-2,
9.29E05,1.37000000E+2,1.39646988E+2,-2.26147443E-1,
9.3E05,1.50000000E+2,1.39646683E+2,8.45344841E-1,
9.31E05,1.40000000E+2,1.39646378E+2,2.98865512E-2,
9.32E05,1.54000000E+2,1.39646072E+2,1.15667248E+0,
9.33E05,1.50000000E+2,1.39645782E+2,8.45418334E-1,
9.34E05,1.56000000E+2,1.39645493E+2,1.30940855E+0,
9.35E05,1.48000000E+2,1.39645203E+2,6.86760128E-1,
9.36E05,1.33000000E+2,1.39644928E+2,-5.76188326E-1,
9.37E05,1.31000000E+2,1.39644653E+2,-7.55286872E-1,
9.38E05,1.31000000E+2,1.39644379E+2,-7.55262852E-1,
9.39E05,1.51000000E+2,1.39644104E+2,9.24129725E-1,
9.4E05,1.40000000E+2,1.39643829E+2,3.01019140E-2,
9.41E05,1.31000000E+2,1.39643570E+2,-7.55192220E-1,
9.42E05,1.47000000E+2,1.39643311E+2,6.06769502E-1,
9.43E05,1.28000000E+2,1.39643066E+2,-1.02911139E+0,
9.44E05,1.33000000E+2,1.39642807E+2,-5.76004446E-1,
9.45E05,1.27000000E+2,1.39642563E+2,-1.12184608E+0,
9.46E05,1.57000000E+2,1.39642319E+2,1.38529384E+0,
9.47E05,1.29000000E+2,1.39642075E+2,-9.36982393E-1,
9.48E05,1.31000000E+2,1.39641830E+2,-7.55040228E-1,
9.49E05,1.49000000E+2,1.39641602E+2,7.66669869E-1,
9.5E05,1.39000000E+2,1.39641373E+2,-5.44005223E-2,
9.51E05,1.45000000E+2,1.39641144E+2,4.45028782E-1,
9.52E05,1.49000000E+2,1.39640915E+2,7.66726136E-1,
9.53E05,1.34000000E+2,1.39640686E+2,-4.87281054E-1,
9.54E05,1.51000000E+2,1.39640472E+2,9.24425244E-1,
9.55E05,1.33000000E+2,1.39640259E+2,-5.75783491E-1,
9.56E05,1.30000000E+2,1.39640045E+2,-8.45487893E-1,
9.57E05,1.36000000E+2,1.39639832E+2,-3.12112987E-1,
9.58E05,1.32000000E+2,1.39639633E+2,-6.64944708E-1,
9.59E05,1.30000000E+2,1.39639420E+2,-8.45432997E-1,
9.6E05,1.21000000E+2,1.39639221E+2,-1.69447458E+0,
9.61E05,1.34000000E+2,1.39639023E+2,-4.87137377E-1,
9.62E05,1.49000000E+2,1.39638824E+2,7.66897380E-1,
9.63E05,1.40000000E+2,1.39638641E+2,3.05403788E-2,
9.64E05,1.56000000E+2,1.39638443E+2,1.30997300E+0,
9.65E05,1.24000000E+2,1.39638260E+2,-1.40435719E+0,
9.66E05,1.36000000E+2,1.39638077E+2,-3.11962515E-1,
9.67E05,1.46000000E+2,1.39637894E+2,5.26531637E-1,
9.68E05,1.29000000E+2,1.39637711E+2,-9.36598182E-1,
9.69E05,1.48000000E+2,1.39637527E+2,6.87391043E-1,
9.7E05,1.22000000E+2,1.39637360E+2,-1.59681141E+0,
9.71E05,1.52000000E+2,1.39637177E+2,1.00275743E+0,
9.72E05,1.28000000E+2,1.39637009E+2,-1.02857602E+0,
9.73E05,1.57000000E+2,1.39636841E+2,1.38573098E+0,
9.74E05,1.40000000E+2,1.39636673E+2,3.07067391E-2,
9.75E05,1.65000000E+2,1.39636520E+2,1.97454417E+0,
9.76E05,1.19000000E+2,1.39636353E+2,-1.89173138E+0,
9.77E05,1.34000000E+2,1.39636200E+2,-4.86893505E-1,
9.78E05,1.54000000E+2,1.39636047E+2,1.15748024E+0,
9.79E05,1.43000000E+2,1.39635880E+2,2.81321883E-1,
9.8E05,1.14000000E+2,1.39635742E+2,-2.40100718E+0,
9.81E05,1.46000000E+2,1.39635590E+2,5.26722372E-1,
9.82E05,1.29000000E+2,1.39635437E+2,-9.36398029E-1,
9.83E05,1.46000000E+2,1.39635284E+2,5.26747584E-1,
9.84E05,1.62000000E+2,1.39635147E+2,1.75714874E+0,
9.85E05,1.41000000E+2,1.39635010E+2,1.14952914E-1,
9.86E05,1.53000000E+2,1.39634872E+2,1.08050656E+0,
9.87E05,1.42000000E+2,1.39634735E+2,1.98488623E-1,
9.88E05,1.19000000E+2,1.39634598E+2,-1.89157057E+0,
9.89E05,1.54000000E+2,1.39634460E+2,1.15760815E+0,
9.9E05,1.39000000E+2,1.39634323E+2,-5.38025871E-2,
9.91E05,1.55000000E+2,1.39634201E+2,1.23421061E+0,
9.92E05,1.33000000E+2,1.39634064E+2,-5.75246274E-1,
9.93E05,1.49000000E+2,1.39633942E+2,7.67297387E-1,
9.94E05,1.47000000E+2,1.39633820E+2,6.07552290E-1,
9.95E05,1.28000000E+2,1.39633698E+2,-1.02828336E+0,
9.96E05,1.42000000E+2,1.39633575E+2,1.98585942E-1,
9.97E05,1.43000000E+2,1.39633453E+2,2.81524777E-1,
9.98E05,1.46000000E+2,1.39633331E+2,5.26909232E-1,
9.99E05,1.53000000E+2,1.39633209E+2,1.08064103E+0,
1E06,1.40000000E+2,1.39633102E+2,3.10085062E-2,
1.001E006,1.35000000E+2,1.39632980E+2,-3.98743451E-1,
1.002E006,1.44000000E+2,1.39632874E+2,3.63927215E-1,
1.003E006,1.63000000E+2,1.39632767E+2,1.83026290E+0,
1.004E006,1.37000000E+2,1.39632660E+2,-2.24923313E-1,
1.005E006,1.45000000E+2,1.39632553E+2,4.45742190E-1,
1.006E006,1.10000000E+2,1.39632446E+2,-2.82534289E+0,
1.007E006,1.48000000E+2,1.39632339E+2,6.87817454E-1,
1.008E006,1.70000000E+2,1.39632233E+2,2.32910156E+0,
1.009E006,1.27000000E+2,1.39632141E+2,-1.12092125E+0,
1.01E06,1.37000000E+2,1.39632034E+2,-2.24869862E-1,
1.011E006,1.51000000E+2,1.39631943E+2,9.25119400E-1,
1.012E006,1.33000000E+2,1.39631836E+2,-5.75053096E-1,
1.013E006,1.18000000E+2,1.39631744E+2,-1.99136353E+0,
1.014E006,1.37000000E+2,1.39631653E+2,-2.24837273E-1,
1.015E006,1.30000000E+2,1.39631561E+2,-8.44743788E-1,
1.016E006,1.41000000E+2,1.39631470E+2,1.15251034E-1,
1.017E006,1.34000000E+2,1.39631378E+2,-4.86476988E-1,
1.018E006,1.35000000E+2,1.39631287E+2,-3.98597687E-1,
1.019E006,1.33000000E+2,1.39631195E+2,-5.74997544E-1,
1.02E06,1.43000000E+2,1.39631119E+2,2.81720012E-1,
1.021E006,1.64000000E+2,1.39631027E+2,1.90289700E+0,
1.022E006,1.61000000E+2,1.39630936E+2,1.68411827E+0,
1.023E006,1.62000000E+2,1.39630859E+2,1.75748563E+0,
1.024E006,1.53000000E+2,1.39630783E+2,1.08083713E+0,
1.025E006,1.50000000E+2,1.39630692E+2,8.46650481E-1,
1.026E006,1.45000000E+2,1.39630615E+2,4.45903122E-1,
1.027E006,1.35000000E+2,1.39630539E+2,-3.98533344E-1,
1.028E006,1.35000000E+2,1.39630463E+2,-3.98526758E-1,
1.029E006,1.30000000E+2,1.39630386E+2,-8.44640732E-1,
1.03E06,1.48000000E+2,1.39630310E+2,6.87984288E-1,
1.031E006,1.58000000E+2,1.39630234E+2,1.46142018E+0,
1.032E006,1.37000000E+2,1.39630157E+2,-2.24709511E-1,
1.033E006,1.40000000E+2,1.39630081E+2,3.12638469E-2,
1.034E006,1.55000000E+2,1.39630020E+2,1.23454642E+0,
1.035E006,1.54000000E+2,1.39629944E+2,1.15797210E+0,
1.036E006,1.55000000E+2,1.39629883E+2,1.23455751E+0,
1.037E006,1.32000000E+2,1.39629807E+2,-6.64089441E-1,
1.038E006,1.55000000E+2,1.39629745E+2,1.23456860E+0,
1.039E006,1.43000000E+2,1.39629669E+2,2.81841218E-1,
1.04E06,1.57000000E+2,1.39629608E+2,1.38630819E+0,
1.041E006,1.39000000E+2,1.39629547E+2,-5.33974916E-2,
1.042E006,1.22000000E+2,1.39629486E+2,-1.59609866E+0,
1.043E006,1.48000000E+2,1.39629425E+2,6.88057005E-1,
1.044E006,1.29000000E+2,1.39629349E+2,-9.35861945E-1,
1.045E006,1.62000000E+2,1.39629288E+2,1.75760913E+0,
1.046E006,1.43000000E+2,1.39629242E+2,2.81876951E-1,
1.047E006,1.36000000E+2,1.39629181E+2,-3.11199695E-1,
1.048E006,1.36000000E+2,1.39629120E+2,-3.11194450E-1,
1.049E006,1.51000000E+2,1.39629059E+2,9.25354064E-1,
1.05E06,1.33000000E+2,1.39628998E+2,-5.74806988E-1,
1.051E006,1.36000000E+2,1.39628952E+2,-3.11180055E-1,
1.052E006,1.53000000E+2,1.39628891E+2,1.08099008E+0,
1.053E006,1.27000000E+2,1.39628830E+2,-1.12062740E+0,
1.054E006,1.33000000E+2,1.39628784E+2,-5.74788511E-1,
1.055E006,1.26000000E+2,1.39628723E+2,-1.21414316E+0,
1.056E006,1.25000000E+2,1.39628677E+2,-1.30842876E+0,
1.057E006,1.41000000E+2,1.39628632E+2,1.15490049E-1,
1.058E006,1.62000000E+2,1.39628571E+2,1.75766551E+0,
1.059E006,1.24000000E+2,1.39628525E+2,-1.40348291E+0,
1.06E06,1.51000000E+2,1.39628479E+2,9.25401270E-1,
1.061E006,1.53000000E+2,1.39628418E+2,1.08102834E+0,
1.062E006,1.42000000E+2,1.39628372E+2,1.99022576E-1,
1.063E006,1.49000000E+2,1.39628326E+2,7.67757416E-1,
1.064E006,1.39000000E+2,1.39628281E+2,-5.32900691E-2,
1.065E006,1.61000000E+2,1.39628235E+2,1.68433106E+0,
1.066E006,1.28000000E+2,1.39628189E+2,-1.02779639E+0,
1.067E006,1.56000000E+2,1.39628143E+2,1.31079757E+0,
1.068E006,1.54000000E+2,1.39628098E+2,1.15812087E+0,
1.069E006,1.60000000E+2,1.39628052E+2,1.61054397E+0,
1.07E06,1.61000000E+2,1.39628021E+2,1.68434787E+0,
1.071E006,1.42000000E+2,1.39627975E+2,1.99055880E-1,
1.072E006,1.41000000E+2,1.39627930E+2,1.15549162E-1,
1.073E006,1.18000000E+2,1.39627884E+2,-1.99100804E+0,
1.074E006,1.34000000E+2,1.39627853E+2,-4.86172467E-1,
1.075E006,1.46000000E+2,1.39627808E+2,5.27366400E-1,
1.076E006,1.49000000E+2,1.39627777E+2,7.67802417E-1,
1.077E006,1.42000000E+2,1.39627731E+2,1.99076369E-1,
1.078E006,1.20000000E+2,1.39627686E+2,-1.79175436E+0,
1.079E006,1.25000000E+2,1.39627655E+2,-1.30833721E+0,
1.08E06,1.38000000E+2,1.39627625E+2,-1.38552606E-1,
1.081E006,1.48000000E+2,1.39627579E+2,6.88208818E-1,
1.082E006,1.33000000E+2,1.39627548E+2,-5.74681342E-1,
1.083E006,1.61000000E+2,1.39627502E+2,1.68438876E+0,
1.084E006,1.61000000E+2,1.39627472E+2,1.68439114E+0,
1.085E006,1.49000000E+2,1.39627441E+2,7.67829895E-1,
1.086E006,1.38000000E+2,1.39627396E+2,-1.38533115E-1,
1.087E006,1.55000000E+2,1.39627365E+2,1.23475969E+0,
1.088E006,1.41000000E+2,1.39627335E+2,1.15599282E-1,
1.089E006,1.34000000E+2,1.39627304E+2,-4.86125022E-1,
1.09E06,1.41000000E+2,1.39627274E+2,1.15604416E-1,
1.091E006,1.39000000E+2,1.39627243E+2,-5.32020628E-2,
1.092E006,1.15000000E+2,1.39627213E+2,-2.29649925E+0,
1.093E006,1.38000000E+2,1.39627182E+2,-1.38514936E-1,
1.094E006,1.28000000E+2,1.39627151E+2,-1.02770472E+0,
1.095E006,1.34000000E+2,1.39627121E+2,-4.86109197E-1,
1.096E006,1.39000000E+2,1.39627090E+2,-5.31891175E-2,
1.097E006,1.45000000E+2,1.39627060E+2,4.46198374E-1,
1.098E006,1.51000000E+2,1.39627029E+2,9.25519228E-1,
1.099E006,1.49000000E+2,1.39626999E+2,7.67866194E-1,
1.1E06,1.40000000E+2,1.39626968E+2,3.15269269E-2,
1.101E006,1.31000000E+2,1.39626938E+2,-7.53739059E-1,
1.102E006,1.37000000E+2,1.39626907E+2,-2.24431843E-1,
1.103E006,1.47000000E+2,1.39626892E+2,6.08123660E-1,
1.104E006,1.23000000E+2,1.39626862E+2,-1.49919355E+0,
1.105E006,1.26000000E+2,1.39626831E+2,-1.21397460E+0,
1.106E006,1.43000000E+2,1.39626801E+2,2.82081097E-1,
1.107E006,1.61000000E+2,1.39626785E+2,1.68444526E+0,
1.108E006,1.35000000E+2,1.39626755E+2,-3.98207635E-1,
1.109E006,1.66000000E+2,1.39626740E+2,2.04696202E+0,
1.11E06,1.30000000E+2,1.39626709E+2,-8.44318211E-1,
1.111E006,1.44000000E+2,1.39626678E+2,3.64443451E-1,
1.112E006,1.33000000E+2,1.39626663E+2,-5.74604571E-1,
1.113E006,1.55000000E+2,1.39626633E+2,1.23481858E+0,
1.114E006,1.25000000E+2,1.39626617E+2,-1.30824447E+0,
1.115E006,1.34000000E+2,1.39626587E+2,-4.86063063E-1,
1.116E006,1.47000000E+2,1.39626572E+2,6.08150125E-1,
1.117E006,1.35000000E+2,1.39626541E+2,-3.98189247E-1,
1.118E006,1.58000000E+2,1.39626526E+2,1.46171510E+0,
1.119E006,1.41000000E+2,1.39626495E+2,1.15669958E-1,
1.12E06,1.46000000E+2,1.39626480E+2,5.27476251E-1,
1.121E006,1.49000000E+2,1.39626465E+2,7.67909944E-1,
1.122E006,1.36000000E+2,1.39626434E+2,-3.10964167E-1,
1.123E006,1.58000000E+2,1.39626419E+2,1.46172369E+0,
1.124E006,1.26000000E+2,1.39626404E+2,-1.21393657E+0,
1.125E006,1.42000000E+2,1.39626373E+2,1.99190333E-1,
1.126E006,1.45000000E+2,1.39626358E+2,4.46256667E-1,
1.127E006,1.58000000E+2,1.39626343E+2,1.46172965E+0,
1.128E006,1.49000000E+2,1.39626312E+2,7.67922401E-1,
1.129E006,1.44000000E+2,1.39626297E+2,3.64475250E-1,
1.13E06,1.67000000E+2,1.39626282E+2,2.11824203E+0,
1.131E006,1.32000000E+2,1.39626266E+2,-6.63781285E-1,
1.132E006,1.45000000E+2,1.39626251E+2,4.46265548E-1,
1.133E006,1.36000000E+2,1.39626221E+2,-3.10945868E-1,
1.134E006,1.50000000E+2,1.39626205E+2,8.47016811E-1,
1.135E006,1.51000000E+2,1.39626190E+2,9.25587535E-1,
1.136E006,1.43000000E+2,1.39626175E+2,2.82133430E-1,
1.137E006,1.34000000E+2,1.39626160E+2,-4.86026168E-1,
1.138E006,1.35000000E+2,1.39626144E+2,-3.98155123E-1,
1.139E006,1.31000000E+2,1.39626129E+2,-7.53668427E-1,
1.14E06,1.29000000E+2,1.39626114E+2,-9.35577154E-1,
1.141E006,1.37000000E+2,1.39626099E+2,-2.24362746E-1,
1.142E006,1.18000000E+2,1.39626083E+2,-1.99084234E+0,
1.143E006,1.58000000E+2,1.39626068E+2,1.46175158E+0,
1.144E006,1.47000000E+2,1.39626053E+2,6.08192921E-1,
1.145E006,1.17000000E+2,1.39626038E+2,-2.09177804E+0,
1.146E006,1.33000000E+2,1.39626022E+2,-5.74549019E-1,
1.147E006,1.29000000E+2,1.39626007E+2,-9.35567737E-1,
1.148E006,1.32000000E+2,1.39625992E+2,-6.63757384E-1,
1.149E006,1.73000000E+2,1.39625977E+2,2.53737998E+0,
1.15E06,1.38000000E+2,1.39625961E+2,-1.38411015E-1,
1.151E006,1.30000000E+2,1.39625946E+2,-8.44251335E-1,
1.152E006,1.47000000E+2,1.39625931E+2,6.08202994E-1,
1.153E006,1.62000000E+2,1.39625916E+2,1.75787413E+0,
1.154E006,1.72000000E+2,1.39625900E+2,2.46850204E+0,
1.155E006,1.32000000E+2,1.39625900E+2,-6.63749456E-1,
1.156E006,1.46000000E+2,1.39625885E+2,5.27525485E-1,
1.157E006,1.48000000E+2,1.39625870E+2,6.88349247E-1,
1.158E006,1.57000000E+2,1.39625854E+2,1.38660777E+0,
1.159E006,1.47000000E+2,1.39625839E+2,6.08210504E-1,
1.16E06,1.22000000E+2,1.39625824E+2,-1.59576702E+0,
1.161E006,1.55000000E+2,1.39625824E+2,1.23488355E+0,
1.162E006,1.41000000E+2,1.39625809E+2,1.15727782E-1,
1.163E006,1.39000000E+2,1.39625793E+2,-5.30791096E-2,
1.164E006,1.36000000E+2,1.39625778E+2,-3.10907930E-1,
1.165E006,1.44000000E+2,1.39625778E+2,3.64518493E-1,
1.166E006,1.51000000E+2,1.39625763E+2,9.25622284E-1,
1.167E006,1.17000000E+2,1.39625748E+2,-2.09175110E+0,
1.168E006,1.33000000E+2,1.39625732E+2,-5.74523866E-1,
1.169E006,1.45000000E+2,1.39625732E+2,4.46308643E-1,
1.17E06,1.45000000E+2,1.39625717E+2,4.46309894E-1,
1.171E006,1.42000000E+2,1.39625702E+2,1.99246675E-1,
1.172E006,1.49000000E+2,1.39625702E+2,7.67972410E-1,
1.173E006,1.40000000E+2,1.39625687E+2,3.16352509E-2,
1.174E006,1.38000000E+2,1.39625671E+2,-1.38386339E-1,
1.175E006,1.43000000E+2,1.39625671E+2,2.82175541E-1,
1.176E006,1.52000000E+2,1.39625656E+2,1.00369179E+0,
1.177E006,1.52000000E+2,1.39625656E+2,1.00369179E+0,
1.178E006,1.34000000E+2,1.39625641E+2,-4.85981345E-1,
1.179E006,1.34000000E+2,1.39625626E+2,-4.85980034E-1,
1.18E06,1.33000000E+2,1.39625626E+2,-5.74514627E-1,
1.181E006,1.55000000E+2,1.39625610E+2,1.23490071E+0,
1.182E006,1.47000000E+2,1.39625595E+2,6.08230650E-1,
1.183E006,1.39000000E+2,1.39625595E+2,-5.30622825E-2,
1.184E006,1.30000000E+2,1.39625580E+2,-8.44219208E-1,
1.185E006,1.54000000E+2,1.39625580E+2,1.15832376E+0,
1.186E006,1.51000000E+2,1.39625565E+2,9.25638437E-1,
1.187E006,1.52000000E+2,1.39625565E+2,1.00369930E+0,
1.188E006,1.38000000E+2,1.39625549E+2,-1.38375953E-1,
1.189E006,1.34000000E+2,1.39625549E+2,-4.85973448E-1,
1.19E06,1.35000000E+2,1.39625534E+2,-3.98102582E-1,
1.191E006,1.52000000E+2,1.39625534E+2,1.00370169E+0,
1.192E006,1.41000000E+2,1.39625519E+2,1.15752198E-1,
1.193E006,1.36000000E+2,1.39625519E+2,-3.10885668E-1,
1.194E006,1.48000000E+2,1.39625504E+2,6.88379347E-1,
1.195E006,1.28000000E+2,1.39625504E+2,-1.02755904E+0,
1.196E006,1.42000000E+2,1.39625488E+2,1.99264601E-1,
1.197E006,1.44000000E+2,1.39625488E+2,3.64542633E-1,
1.198E006,1.40000000E+2,1.39625473E+2,3.16533074E-2,
1.199E006,1.36000000E+2,1.39625473E+2,-3.10881734E-1,
1.2E06,1.29000000E+2,1.39625458E+2,-9.35519397E-1,
1.201E006,1.41000000E+2,1.39625458E+2,1.15757339E-1,
1.202E006,1.48000000E+2,1.39625443E+2,6.88384414E-1,
1.203E006,1.33000000E+2,1.39625443E+2,-5.74498713E-1,
1.204E006,1.56000000E+2,1.39625427E+2,1.31101501E+0,
1.205E006,1.53000000E+2,1.39625427E+2,1.08127010E+0,
1.206E006,1.24000000E+2,1.39625427E+2,-1.40320480E+0,
1.207E006,1.39000000E+2,1.39625412E+2,-5.30467518E-2,
1.208E006,1.36000000E+2,1.39625412E+2,-3.10876518E-1,
1.209E006,1.18000000E+2,1.39625397E+2,-1.99077916E+0,
1.21E06,1.32000000E+2,1.39625397E+2,-6.63705587E-1,
1.211E006,1.26000000E+2,1.39625397E+2,-1.21384680E+0,
1.212E006,1.28000000E+2,1.39625381E+2,-1.02754831E+0,
1.213E006,1.49000000E+2,1.39625381E+2,7.67998695E-1,
1.214E006,1.37000000E+2,1.39625366E+2,-2.24300176E-1,
1.215E006,1.44000000E+2,1.39625366E+2,3.64552826E-1,
1.216E006,1.38000000E+2,1.39625366E+2,-1.38360366E-1,
1.217E006,1.40000000E+2,1.39625351E+2,3.16636227E-2,
1.218E006,1.52000000E+2,1.39625351E+2,1.00371659E+0,
1.219E006,1.39000000E+2,1.39625351E+2,-5.30415773E-2,
1.22E06,1.66000000E+2,1.39625336E+2,2.04707098E+0,
1.221E006,1.52000000E+2,1.39625336E+2,1.00371778E+0,
1.222E006,1.46000000E+2,1.39625336E+2,5.27570963E-1,
1.223E006,1.36000000E+2,1.39625320E+2,-3.10868651E-1,
1.224E006,1.25000000E+2,1.39625320E+2,-1.30812848E+0,
1.225E006,1.45000000E+2,1.39625320E+2,4.46342856E-1,
1.226E006,1.53000000E+2,1.39625305E+2,1.08127999E+0,
1.227E006,1.64000000E+2,1.39625305E+2,1.90334392E+0,
1.228E006,1.39000000E+2,1.39625305E+2,-5.30376919E-2,
1.229E006,1.54000000E+2,1.39625290E+2,1.15834713E+0,
1.23E06,1.32000000E+2,1.39625290E+2,-6.63696289E-1,
1.231E006,1.34000000E+2,1.39625290E+2,-4.85951036E-1,
1.232E006,1.49000000E+2,1.39625290E+2,7.68006206E-1,
1.233E006,1.48000000E+2,1.39625275E+2,6.88398182E-1,
1.234E006,1.35000000E+2,1.39625275E+2,-3.98080260E-1,
1.235E006,1.16000000E+2,1.39625275E+2,-2.19355178E+0,
1.236E006,1.39000000E+2,1.39625259E+2,-5.30338101E-2,
1.237E006,1.31000000E+2,1.39625259E+2,-7.53592432E-1,
1.238E006,1.42000000E+2,1.39625259E+2,1.99283808E-1,
1.239E006,1.60000000E+2,1.39625259E+2,1.61076474E+0,
1.24E06,1.31000000E+2,1.39625244E+2,-7.53591061E-1,
1.241E006,1.33000000E+2,1.39625244E+2,-5.74481547E-1,
1.242E006,1.47000000E+2,1.39625244E+2,6.08259618E-1,
1.243E006,1.52000000E+2,1.39625244E+2,1.00372529E+0,
1.244E006,1.36000000E+2,1.39625229E+2,-3.10860813E-1,
1.245E006,1.33000000E+2,1.39625229E+2,-5.74480236E-1,
1.246E006,1.44000000E+2,1.39625229E+2,3.64564270E-1,
1.247E006,1.39000000E+2,1.39625229E+2,-5.30312210E-2,
1.248E006,1.46000000E+2,1.39625214E+2,5.27581096E-1,
1.249E006,1.45000000E+2,1.39625214E+2,4.46351707E-1,
1.25E06,1.52000000E+2,1.39625214E+2,1.00372767E+0,
1.251E006,1.56000000E+2,1.39625214E+2,1.31103218E+0,
1.252E006,1.50000000E+2,1.39625214E+2,8.47097754E-1,
1.253E006,1.57000000E+2,1.39625198E+2,1.38666010E+0,
1.254E006,1.56000000E+2,1.39625198E+2,1.31103337E+0,
1.255E006,1.38000000E+2,1.39625198E+2,-1.38346076E-1,
1.256E006,1.23000000E+2,1.39625198E+2,-1.49904358E+0,
1.257E006,1.35000000E+2,1.39625183E+2,-3.98072392E-1,
1.258E006,1.42000000E+2,1.39625183E+2,1.99290201E-1,
1.259E006,1.39000000E+2,1.39625183E+2,-5.30273393E-2,
1.26E06,1.49000000E+2,1.39625183E+2,7.68014908E-1,
1.261E006,1.24000000E+2,1.39625183E+2,-1.40318286E+0,
1.262E006,1.39000000E+2,1.39625183E+2,-5.30273393E-2,
1.263E006,1.56000000E+2,1.39625168E+2,1.31103587E+0,
1.264E006,1.49000000E+2,1.39625168E+2,7.68016160E-1,
1.265E006,1.26000000E+2,1.39625168E+2,-1.21382642E+0,
1.266E006,1.47000000E+2,1.39625168E+2,6.08265877E-1,
1.267E006,1.22000000E+2,1.39625168E+2,-1.59570765E+0,
1.268E006,1.29000000E+2,1.39625153E+2,-9.35492516E-1,
1.269E006,1.40000000E+2,1.39625153E+2,3.16803902E-2,
1.27E06,1.40000000E+2,1.39625153E+2,3.16803902E-2,
1.271E006,1.21000000E+2,1.39625153E+2,-1.69319570E+0,
1.272E006,1.35000000E+2,1.39625153E+2,-3.98069739E-1,
1.273E006,1.44000000E+2,1.39625153E+2,3.64570618E-1,
1.274E006,1.42000000E+2,1.39625137E+2,1.99294046E-1,
1.275E006,1.38000000E+2,1.39625137E+2,-1.38340876E-1,
1.276E006,1.40000000E+2,1.39625137E+2,3.16816792E-2,
1.277E006,1.42000000E+2,1.39625137E+2,1.99294046E-1,
1.278E006,1.46000000E+2,1.39625137E+2,5.27587414E-1,
1.279E006,1.42000000E+2,1.39625137E+2,1.99294046E-1,
1.28E06,1.56000000E+2,1.39625122E+2,1.31103945E+0,
1.281E006,1.43000000E+2,1.39625122E+2,2.82221466E-1,
1.282E006,1.54000000E+2,1.39625122E+2,1.15836072E+0,
1.283E006,1.52000000E+2,1.39625122E+2,1.00373518E+0,
1.284E006,1.24000000E+2,1.39625122E+2,-1.40317738E+0,
1.285E006,1.56000000E+2,1.39625122E+2,1.31103945E+0,
1.286E006,1.34000000E+2,1.39625122E+2,-4.85936522E-1,
1.287E006,1.38000000E+2,1.39625122E+2,-1.38339579E-1,
1.288E006,1.44000000E+2,1.39625107E+2,3.64574432E-1,
1.289E006,1.32000000E+2,1.39625107E+2,-6.63680375E-1,
1.29E06,1.51000000E+2,1.39625107E+2,9.25675690E-1,
1.291E006,1.38000000E+2,1.39625107E+2,-1.38338283E-1,
1.292E006,1.47000000E+2,1.39625107E+2,6.08270943E-1,
1.293E006,1.25000000E+2,1.39625107E+2,-1.30810940E+0,
1.294E006,1.50000000E+2,1.39625107E+2,8.47106516E-1,
1.295E006,1.52000000E+2,1.39625107E+2,1.00373638E+0,
1.296E006,1.62000000E+2,1.39625092E+2,1.75793886E+0,
1.297E006,1.38000000E+2,1.39625092E+2,-1.38336986E-1,
1.298E006,1.51000000E+2,1.39625092E+2,9.25676942E-1,
1.299E006,1.32000000E+2,1.39625092E+2,-6.63679063E-1,
1.3E06,1.45000000E+2,1.39625092E+2,4.46361840E-1,
1.301E006,1.42000000E+2,1.39625092E+2,1.99297890E-1,
1.302E006,1.50000000E+2,1.39625092E+2,8.47107708E-1,
1.303E006,1.36000000E+2,1.39625092E+2,-3.10849041E-1,
1.304E006,1.55000000E+2,1.39625076E+2,1.23494363E+0,
1.305E006,1.43000000E+2,1.39625076E+2,2.82225311E-1,
1.306E006,1.33000000E+2,1.39625076E+2,-5.74467003E-1,
1.307E006,1.49000000E+2,1.39625076E+2,7.68023670E-1,
1.308E006,1.34000000E+2,1.39625076E+2,-4.85932589E-1,
1.309E006,1.52000000E+2,1.39625076E+2,1.00373888E+0,
1.31E06,1.35000000E+2,1.39625076E+2,-3.98063183E-1,
1.311E006,1.37000000E+2,1.39625076E+2,-2.24275395E-1,
1.312E006,1.37000000E+2,1.39625076E+2,-2.24275395E-1,
1.313E006,1.31000000E+2,1.39625076E+2,-7.53576398E-1,
1.314E006,1.33000000E+2,1.39625076E+2,-5.74467003E-1,
1.315E006,1.33000000E+2,1.39625061E+2,-5.74465632E-1,
1.316E006,1.43000000E+2,1.39625061E+2,2.82226563E-1,
1.317E006,1.43000000E+2,1.39625061E+2,2.82226563E-1,
1.318E006,1.47000000E+2,1.39625061E+2,6.08274698E-1,
1.319E006,1.38000000E+2,1.39625061E+2,-1.38334379E-1,
1.32E06,1.36000000E+2,1.39625061E+2,-3.10846418E-1,
1.321E006,1.41000000E+2,1.39625061E+2,1.15790747E-1,
1.322E006,1.36000000E+2,1.39625061E+2,-3.10846418E-1,
1.323E006,1.34000000E+2,1.39625061E+2,-4.85931247E-1,
1.324E006,1.28000000E+2,1.39625061E+2,-1.02751994E+0,
1.325E006,1.26000000E+2,1.39625061E+2,-1.21381700E+0,
1.326E006,1.55000000E+2,1.39625061E+2,1.23494482E+0,
1.327E006,1.54000000E+2,1.39625046E+2,1.15836680E+0,
1.328E006,1.66000000E+2,1.39625046E+2,2.04709339E+0,
1.329E006,1.41000000E+2,1.39625046E+2,1.15792029E-1,
1.33E06,1.20000000E+2,1.39625046E+2,-1.79151344E+0,
1.331E006,1.46000000E+2,1.39625046E+2,5.27594984E-1,
1.332E006,1.47000000E+2,1.39625046E+2,6.08275950E-1,
1.333E006,1.43000000E+2,1.39625046E+2,2.82227844E-1,
1.334E006,1.56000000E+2,1.39625046E+2,1.31104565E+0,
1.335E006,1.60000000E+2,1.39625046E+2,1.61078155E+0,
1.336E006,1.28000000E+2,1.39625046E+2,-1.02751863E+0,
1.337E006,1.50000000E+2,1.39625046E+2,8.47111464E-1,
1.338E006,1.44000000E+2,1.39625046E+2,3.64579529E-1,
1.339E006,1.44000000E+2,1.39625046E+2,3.64579529E-1,
1.34E06,1.50000000E+2,1.39625046E+2,8.47111464E-1,
1.341E006,1.48000000E+2,1.39625031E+2,6.88418269E-1,
1.342E006,1.37000000E+2,1.39625031E+2,-2.24271491E-1,
1.343E006,1.73000000E+2,1.39625031E+2,2.53745198E+0,
1.344E006,1.44000000E+2,1.39625031E+2,3.64580780E-1,
1.345E006,1.46000000E+2,1.39625031E+2,5.27596235E-1,
1.346E006,1.44000000E+2,1.39625031E+2,3.64580780E-1,
1.347E006,1.52000000E+2,1.39625031E+2,1.00374258E+0,
1.348E006,1.52000000E+2,1.39625031E+2,1.00374258E+0,
1.349E006,1.31000000E+2,1.39625031E+2,-7.53572404E-1,
1.35E06,1.28000000E+2,1.39625031E+2,-1.02751720E+0,
1.351E006,1.35000000E+2,1.39625031E+2,-3.98059249E-1,
1.352E006,1.30000000E+2,1.39625031E+2,-8.44171047E-1,
1.353E006,1.29000000E+2,1.39625031E+2,-9.35481787E-1,
1.354E006,1.38000000E+2,1.39625031E+2,-1.38331786E-1,
1.355E006,1.19000000E+2,1.39625031E+2,-1.89069355E+0,
1.356E006,1.59000000E+2,1.39625031E+2,1.53653502E+0,
1.357E006,1.27000000E+2,1.39625031E+2,-1.12029028E+0,
1.358E006,1.55000000E+2,1.39625031E+2,1.23494720E+0,
1.359E006,1.54000000E+2,1.39625015E+2,1.15836930E+0,
1.36E06,1.31000000E+2,1.39625015E+2,-7.53571093E-1,
1.361E006,1.33000000E+2,1.39625015E+2,-5.74461699E-1,
1.362E006,1.28000000E+2,1.39625015E+2,-1.02751589E+0,
1.363E006,1.36000000E+2,1.39625015E+2,-3.10842484E-1,
1.364E006,1.29000000E+2,1.39625015E+2,-9.35480416E-1,
1.365E006,1.35000000E+2,1.39625015E+2,-3.98057938E-1,
1.366E006,1.37000000E+2,1.39625015E+2,-2.24270195E-1,
1.367E006,1.52000000E+2,1.39625015E+2,1.00374377E+0,
1.368E006,1.37000000E+2,1.39625015E+2,-2.24270195E-1,
1.369E006,1.37000000E+2,1.39625015E+2,-2.24270195E-1,
1.37E06,1.27000000E+2,1.39625015E+2,-1.12028897E+0,
1.371E006,1.41000000E+2,1.39625015E+2,1.15794599E-1,
1.372E006,1.47000000E+2,1.39625015E+2,6.08278453E-1,
1.373E006,1.13000000E+2,1.39625015E+2,-2.50467086E+0,
1.374E006,1.51000000E+2,1.39625015E+2,9.25683141E-1,
1.375E006,1.46000000E+2,1.39625015E+2,5.27597487E-1,
1.376E006,1.51000000E+2,1.39625015E+2,9.25683141E-1,
1.377E006,1.66000000E+2,1.39625015E+2,2.04709578E+0,
1.378E006,1.55000000E+2,1.39625015E+2,1.23494852E+0,
1.379E006,1.41000000E+2,1.39625015E+2,1.15794599E-1,
1.38E06,1.51000000E+2,1.39625015E+2,9.25683141E-1,
1.381E006,1.51000000E+2,1.39625015E+2,9.25683141E-1,
1.382E006,1.47000000E+2,1.39625015E+2,6.08278453E-1,
1.383E006,1.49000000E+2,1.39625000E+2,7.68029928E-1,
1.384E006,1.40000000E+2,1.39625000E+2,3.16932835E-2,
1.385E006,1.46000000E+2,1.39625000E+2,5.27598739E-1,
1.386E006,1.32000000E+2,1.39625000E+2,-6.63671076E-1,
1.387E006,1.29000000E+2,1.39625000E+2,-9.35479105E-1,
1.388E006,1.13000000E+2,1.39625000E+2,-2.50466919E+0,
1.389E006,1.53000000E+2,1.39625000E+2,1.08130467E+0,
1.39E06,1.56000000E+2,1.39625000E+2,1.31104922E+0,
1.391E006,1.53000000E+2,1.39625000E+2,1.08130467E+0,
1.392E006,1.25000000E+2,1.39625000E+2,-1.30809975E+0,
1.393E006,1.28000000E+2,1.39625000E+2,-1.02751458E+0,
1.394E006,1.44000000E+2,1.39625000E+2,3.64583343E-1,
1.395E006,1.34000000E+2,1.39625000E+2,-4.85925972E-1,
1.396E006,1.23000000E+2,1.39625000E+2,-1.49902570E+0,
1.397E006,1.33000000E+2,1.39625000E+2,-5.74460387E-1,
1.398E006,1.26000000E+2,1.39625000E+2,-1.21381152E+0,
1.399E006,1.42000000E+2,1.39625000E+2,1.99305564E-1,
1.4E06,1.46000000E+2,1.39625000E+2,5.27598739E-1,
1.401E006,1.50000000E+2,1.39625000E+2,8.47115219E-1,
1.402E006,1.37000000E+2,1.39625000E+2,-2.24268883E-1,
1.403E006,1.34000000E+2,1.39625000E+2,-4.85925972E-1,
1.404E006,1.38000000E+2,1.39625000E+2,-1.38329193E-1,
1.405E006,1.39000000E+2,1.39625000E+2,-5.30118085E-2,
1.406E006,1.44000000E+2,1.39625000E+2,3.64583343E-1,
1.407E006,1.22000000E+2,1.39625000E+2,-1.59569252E+0,
1.408E006,1.41000000E+2,1.39625000E+2,1.15795888E-1,
1.409E006,1.36000000E+2,1.39625000E+2,-3.10841173E-1,
1.41E06,1.29000000E+2,1.39625000E+2,-9.35479105E-1,
1.411E006,1.37000000E+2,1.39625000E+2,-2.24268883E-1,
1.412E006,1.28000000E+2,1.39625000E+2,-1.02751458E+0,
1.413E006,1.08000000E+2,1.39625000E+2,-3.04311705E+0,
1.414E006,1.52000000E+2,1.39625000E+2,1.00374508E+0,
1.415E006,1.30000000E+2,1.39625000E+2,-8.44168365E-1,
1.416E006,1.27000000E+2,1.39625000E+2,-1.12028754E+0,
1.417E006,1.35000000E+2,1.39625000E+2,-3.98056626E-1,
1.418E006,1.51000000E+2,1.39625000E+2,9.25684392E-1,
1.419E006,1.43000000E+2,1.39624985E+2,2.82232940E-1,
1.42E06,1.57000000E+2,1.39624985E+2,1.38667715E+0,
1.421E006,1.30000000E+2,1.39624985E+2,-8.44166994E-1,
1.422E006,1.45000000E+2,1.39624985E+2,4.46370721E-1,
1.423E006,1.38000000E+2,1.39624985E+2,-1.38327882E-1,
1.424E006,1.50000000E+2,1.39624985E+2,8.47116470E-1,
1.425E006,1.46000000E+2,1.39624985E+2,5.27599990E-1,
1.426E006,1.24000000E+2,1.39624985E+2,-1.40316498E+0,
1.427E006,1.35000000E+2,1.39624985E+2,-3.98055315E-1,
1.428E006,1.49000000E+2,1.39624985E+2,7.68031180E-1,
1.429E006,1.44000000E+2,1.39624985E+2,3.64584595E-1,
1.43E06,1.46000000E+2,1.39624985E+2,5.27599990E-1,
1.431E006,1.28000000E+2,1.39624985E+2,-1.02751315E+0,
1.432E006,1.58000000E+2,1.39624985E+2,1.46183777E+0,
1.433E006,1.47000000E+2,1.39624985E+2,6.08281016E-1,
1.434E006,1.18000000E+2,1.39624985E+2,-1.99074125E+0,
1.435E006,1.53000000E+2,1.39624985E+2,1.08130586E+0,
1.436E006,1.39000000E+2,1.39624985E+2,-5.30105159E-2,
1.437E006,1.29000000E+2,1.39624985E+2,-9.35477734E-1,
1.438E006,1.34000000E+2,1.39624985E+2,-4.85924661E-1,
1.439E006,1.27000000E+2,1.39624985E+2,-1.12028623E+0,
1.44E06,1.41000000E+2,1.39624985E+2,1.15797170E-1,
1.441E006,1.31000000E+2,1.39624985E+2,-7.53568411E-1,
1.442E006,1.55000000E+2,1.39624985E+2,1.23495090E+0,
1.443E006,1.26000000E+2,1.39624985E+2,-1.21381021E+0,
1.444E006,1.24000000E+2,1.39624985E+2,-1.40316498E+0,
1.445E006,1.51000000E+2,1.39624985E+2,9.25685585E-1,
1.446E006,1.37000000E+2,1.39624985E+2,-2.24267587E-1,
1.447E006,1.47000000E+2,1.39624985E+2,6.08281016E-1,
1.448E006,1.19000000E+2,1.39624985E+2,-1.89068925E+0,
1.449E006,1.68000000E+2,1.39624985E+2,2.18917990E+0,
1.45E06,1.39000000E+2,1.39624985E+2,-5.30105159E-2,
1.451E006,1.24000000E+2,1.39624985E+2,-1.40316498E+0,
1.452E006,1.40000000E+2,1.39624985E+2,3.16945724E-2,
1.453E006,1.59000000E+2,1.39624985E+2,1.53653860E+0,
1.454E006,1.40000000E+2,1.39624985E+2,3.16945724E-2,
1.455E006,1.18000000E+2,1.39624985E+2,-1.99074125E+0,
1.456E006,1.57000000E+2,1.39624985E+2,1.38667715E+0,
1.457E006,1.41000000E+2,1.39624985E+2,1.15797170E-1,
1.458E006,1.57000000E+2,1.39624985E+2,1.38667715E+0,
1.459E006,1.29000000E+2,1.39624985E+2,-9.35477734E-1,
1.46E06,1.38000000E+2,1.39624985E+2,-1.38327882E-1,
1.461E006,1.29000000E+2,1.39624985E+2,-9.35477734E-1,
1.462E006,1.30000000E+2,1.39624985E+2,-8.44166994E-1,
1.463E006,1.37000000E+2,1.39624985E+2,-2.24267587E-1,
1.464E006,1.33000000E+2,1.39624985E+2,-5.74459016E-1,
1.465E006,1.28000000E+2,1.39624985E+2,-1.02751315E+0,
1.466E006,1.45000000E+2,1.39624985E+2,4.46370721E-1,
1.467E006,1.59000000E+2,1.39624985E+2,1.53653860E+0,
1.468E006,1.31000000E+2,1.39624985E+2,-7.53568411E-1,
1.469E006,1.42000000E+2,1.39624985E+2,1.99306846E-1,
1.47E06,1.31000000E+2,1.39624985E+2,-7.53568411E-1,
1.471E006,1.29000000E+2,1.39624985E+2,-9.35477734E-1,
1.472E006,1.39000000E+2,1.39624985E+2,-5.30105159E-2,
1.473E006,1.50000000E+2,1.39624985E+2,8.47116470E-1,
1.474E006,1.40000000E+2,1.39624985E+2,3.16945724E-2,
1.475E006,1.22000000E+2,1.39624985E+2,-1.59569108E+0,
1.476E006,1.41000000E+2,1.39624985E+2,1.15797170E-1,
1.477E006,1.43000000E+2,1.39624985E+2,2.82232940E-1,
1.478E006,1.39000000E+2,1.39624985E+2,-5.30105159E-2,
1.479E006,1.54000000E+2,1.39624985E+2,1.15837169E+0,
1.48E06,1.60000000E+2,1.39624985E+2,1.61078644E+0,
1.481E006,1.53000000E+2,1.39624985E+2,1.08130586E+0,
1.482E006,1.33000000E+2,1.39624985E+2,-5.74459016E-1,
1.483E006,1.38000000E+2,1.39624985E+2,-1.38327882E-1,
1.484E006,1.40000000E+2,1.39624985E+2,3.16945724E-2,
1.485E006,1.23000000E+2,1.39624985E+2,-1.49902439E+0,
1.486E006,1.41000000E+2,1.39624985E+2,1.15797170E-1,
1.487E006,1.44000000E+2,1.39624985E+2,3.64584595E-1,
1.488E006,1.38000000E+2,1.39624985E+2,-1.38327882E-1,
1.489E006,1.42000000E+2,1.39624985E+2,1.99306846E-1,
1.49E06,1.21000000E+2,1.39624985E+2,-1.69318044E+0,
1.491E006,1.29000000E+2,1.39624985E+2,-9.35477734E-1,
1.492E006,1.52000000E+2,1.39624985E+2,1.00374627E+0,
1.493E006,1.37000000E+2,1.39624985E+2,-2.24267587E-1,
1.494E006,1.36000000E+2,1.39624985E+2,-3.10839891E-1,
1.495E006,1.45000000E+2,1.39624985E+2,4.46370721E-1,
1.496E006,1.14000000E+2,1.39624985E+2,-2.39999962E+0,
1.497E006,1.51000000E+2,1.39624985E+2,9.25685585E-1,
1.498E006,1.41000000E+2,1.39624969E+2,1.15798458E-1,
1.499E006,1.44000000E+2,1.39624969E+2,3.64585876E-1,
1.5E06,1.59000000E+2,1.39624969E+2,1.53653979E+0,
1.501E006,1.41000000E+2,1.39624969E+2,1.15798458E-1,
1.502E006,1.44000000E+2,1.39624969E+2,3.64585876E-1,
1.503E006,1.51000000E+2,1.39624969E+2,9.25686836E-1,
1.504E006,1.43000000E+2,1.39624969E+2,2.82234222E-1,
1.505E006,1.46000000E+2,1.39624969E+2,5.27601302E-1,
1.506E006,1.51000000E+2,1.39624969E+2,9.25686836E-1,
1.507E006,1.35000000E+2,1.39624969E+2,-3.98054004E-1,
1.508E006,1.33000000E+2,1.39624969E+2,-5.74457705E-1,
1.509E006,1.50000000E+2,1.39624969E+2,8.47117722E-1,
1.51E06,1.47000000E+2,1.39624969E+2,6.08282268E-1,
1.511E006,1.48000000E+2,1.39624969E+2,6.88423276E-1,
1.512E006,1.41000000E+2,1.39624969E+2,1.15798458E-1,
1.513E006,1.38000000E+2,1.39624969E+2,-1.38326585E-1,
1.514E006,1.51000000E+2,1.39624969E+2,9.25686836E-1,
1.515E006,1.33000000E+2,1.39624969E+2,-5.74457705E-1,
1.516E006,1.20000000E+2,1.39624969E+2,-1.79150641E+0,
1.517E006,1.43000000E+2,1.39624969E+2,2.82234222E-1,
1.518E006,1.39000000E+2,1.39624969E+2,-5.30092195E-2,
1.519E006,1.49000000E+2,1.39624969E+2,7.68032432E-1,
1.52E06,1.34000000E+2,1.39624969E+2,-4.85923350E-1,
1.521E006,1.50000000E+2,1.39624969E+2,8.47117722E-1,
1.522E006,1.38000000E+2,1.39624969E+2,-1.38326585E-1,
1.523E006,1.75000000E+2,1.39624969E+2,2.67410088E+0,
1.524E006,1.36000000E+2,1.39624969E+2,-3.10838580E-1,
1.525E006,1.40000000E+2,1.39624969E+2,3.16958651E-2,
1.526E006,1.33000000E+2,1.39624969E+2,-5.74457705E-1,
1.527E006,1.37000000E+2,1.39624969E+2,-2.24266276E-1,
1.528E006,1.56000000E+2,1.39624969E+2,1.31105173E+0,
1.529E006,1.51000000E+2,1.39624969E+2,9.25686836E-1,
1.53E06,1.37000000E+2,1.39624969E+2,-2.24266276E-1,
1.531E006,1.20000000E+2,1.39624969E+2,-1.79150641E+0,
1.532E006,1.46000000E+2,1.39624969E+2,5.27601302E-1,
1.533E006,1.41000000E+2,1.39624969E+2,1.15798458E-1,
1.534E006,1.51000000E+2,1.39624969E+2,9.25686836E-1,
1.535E006,1.43000000E+2,1.39624969E+2,2.82234222E-1,
1.536E006,1.52000000E+2,1.39624969E+2,1.00374746E+0,
1.537E006,1.23000000E+2,1.39624969E+2,-1.49902296E+0,
1.538E006,1.37000000E+2,1.39624969E+2,-2.24266276E-1,
1.539E006,1.37000000E+2,1.39624969E+2,-2.24266276E-1,
1.54E06,1.35000000E+2,1.39624969E+2,-3.98054004E-1,
1.541E006,1.39000000E+2,1.39624969E+2,-5.30092195E-2,
1.542E006,1.73000000E+2,1.39624969E+2,2.53745651E+0,
1.543E006,1.23000000E+2,1.39624969E+2,-1.49902296E+0,
1.544E006,1.45000000E+2,1.39624969E+2,4.46372002E-1,
1.545E006,1.49000000E+2,1.39624969E+2,7.68032432E-1,
1.546E006,1.33000000E+2,1.39624969E+2,-5.74457705E-1,
1.547E006,1.44000000E+2,1.39624969E+2,3.64585876E-1,
1.548E006,1.18000000E+2,1.39624969E+2,-1.99073982E+0,
1.549E006,1.52000000E+2,1.39624969E+2,1.00374746E+0,
1.55E06,1.53000000E+2,1.39624969E+2,1.08130717E+0,
1.551E006,1.71000000E+2,1.39624969E+2,2.39930844E+0,
1.552E006,1.50000000E+2,1.39624969E+2,8.47117722E-1,
1.553E006,1.38000000E+2,1.39624969E+2,-1.38326585E-1,
1.554E006,1.50000000E+2,1.39624969E+2,8.47117722E-1,
1.555E006,1.38000000E+2,1.39624969E+2,-1.38326585E-1,
1.556E006,1.65000000E+2,1.39624969E+2,1.97544336E+0,
1.557E006,1.18000000E+2,1.39624969E+2,-1.99073982E+0,
1.558E006,1.56000000E+2,1.39624969E+2,1.31105173E+0,
1.559E006,1.37000000E+2,1.39624969E+2,-2.24266276E-1,
1.56E06,1.49000000E+2,1.39624969E+2,7.68032432E-1,
1.561E006,1.52000000E+2,1.39624969E+2,1.00374746E+0,
1.562E006,1.40000000E+2,1.39624969E+2,3.16958651E-2,
1.563E006,1.31000000E+2,1.39624969E+2,-7.53567100E-1,
1.564E006,1.44000000E+2,1.39624969E+2,3.64585876E-1,
1.565E006,1.42000000E+2,1.39624969E+2,1.99308127E-1,
1.566E006,1.44000000E+2,1.39624969E+2,3.64585876E-1,
1.567E006,1.33000000E+2,1.39624969E+2,-5.74457705E-1,
1.568E006,1.41000000E+2,1.39624969E+2,1.15798458E-1,
1.569E006,1.39000000E+2,1.39624969E+2,-5.30092195E-2,
1.57E06,1.64000000E+2,1.39624969E+2,1.90337002E+0,
1.571E006,1.34000000E+2,1.39624969E+2,-4.85923350E-1,
1.572E006,1.27000000E+2,1.39624969E+2,-1.12028491E+0,
1.573E006,1.31000000E+2,1.39624969E+2,-7.53567100E-1,
1.574E006,1.40000000E+2,1.39624969E+2,3.16958651E-2,
1.575E006,1.33000000E+2,1.39624969E+2,-5.74457705E-1,
1.576E006,1.25000000E+2,1.39624969E+2,-1.30809712E+0,
1.577E006,1.52000000E+2,1.39624969E+2,1.00374746E+0,
1.578E006,1.27000000E+2,1.39624969E+2,-1.12028491E+0,
1.579E006,1.47000000E+2,1.39624969E+2,6.08282268E-1,
1.58E06,1.48000000E+2,1.39624969E+2,6.88423276E-1,
1.581E006,1.40000000E+2,1.39624969E+2,3.16958651E-2,
1.582E006,1.30000000E+2,1.39624969E+2,-8.44165683E-1,
1.583E006,1.44000000E+2,1.39624969E+2,3.64585876E-1,
1.584E006,1.36000000E+2,1.39624969E+2,-3.10838580E-1,
1.585E006,1.36000000E+2,1.39624969E+2,-3.10838580E-1,
1.586E006,1.36000000E+2,1.39624969E+2,-3.10838580E-1,
1.587E006,1.45000000E+2,1.39624969E+2,4.46372002E-1,
1.588E006,1.32000000E+2,1.39624969E+2,-6.63668394E-1,
1.589E006,1.28000000E+2,1.39624969E+2,-1.02751184E+0,
1.59E06,1.35000000E+2,1.39624969E+2,-3.98054004E-1,
1.591E006,1.36000000E+2,1.39624969E+2,-3.10838580E-1,
1.592E006,1.62000000E+2,1.39624969E+2,1.75794840E+0,
1.593E006,1.52000000E+2,1.39624969E+2,1.00374746E+0,
1.594E006,1.38000000E+2,1.39624969E+2,-1.38326585E-1,
1.595E006,1.38000000E+2,1.39624969E+2,-1.38326585E-1,
1.596E006,1.33000000E+2,1.39624969E+2,-5.74457705E-1,
1.597E006,1.55000000E+2,1.39624969E+2,1.23495221E+0,
1.598E006,1.09000000E+2,1.39624969E+2,-2.93334007E+0,
1.599E006,1.30000000E+2,1.39624969E+2,-8.44165683E-1,
1.6E06,1.43000000E+2,1.39624969E+2,2.82234222E-1,
1.601E006,1.28000000E+2,1.39624969E+2,-1.02751184E+0,
1.602E006,1.42000000E+2,1.39624969E+2,1.99308127E-1,
1.603E006,1.30000000E+2,1.39624969E+2,-8.44165683E-1,
1.604E006,1.50000000E+2,1.39624969E+2,8.47117722E-1,
1.605E006,1.15000000E+2,1.39624969E+2,-2.29629016E+0,
1.606E006,1.34000000E+2,1.39624969E+2,-4.85923350E-1,
1.607E006,1.47000000E+2,1.39624969E+2,6.08282268E-1,
1.608E006,1.50000000E+2,1.39624969E+2,8.47117722E-1,
1.609E006,1.77000000E+2,1.39624969E+2,2.80927944E+0,
1.61E06,1.55000000E+2,1.39624969E+2,1.23495221E+0,
1.611E006,1.31000000E+2,1.39624969E+2,-7.53567100E-1,
1.612E006,1.35000000E+2,1.39624969E+2,-3.98054004E-1,
1.613E006,1.34000000E+2,1.39624969E+2,-4.85923350E-1,
1.614E006,1.41000000E+2,1.39624969E+2,1.15798458E-1,
1.615E006,1.36000000E+2,1.39624969E+2,-3.10838580E-1,
1.616E006,1.51000000E+2,1.39624969E+2,9.25686836E-1,
1.617E006,1.42000000E+2,1.39624969E+2,1.99308127E-1,
1.618E006,1.34000000E+2,1.39624969E+2,-4.85923350E-1,
1.619E006,1.43000000E+2,1.39624969E+2,2.82234222E-1,
1.62E06,1.25000000E+2,1.39624969E+2,-1.30809712E+0,
1.621E006,1.42000000E+2,1.39624969E+2,1.99308127E-1,
1.622E006,1.44000000E+2,1.39624969E+2,3.64585876E-1,
1.623E006,1.50000000E+2,1.39624969E+2,8.47117722E-1,
1.624E006,1.50000000E+2,1.39624969E+2,8.47117722E-1,
1.625E006,1.44000000E+2,1.39624969E+2,3.64585876E-1,
1.626E006,1.39000000E+2,1.39624969E+2,-5.30092195E-2,
1.627E006,1.44000000E+2,1.39624969E+2,3.64585876E-1,
1.628E006,1.36000000E+2,1.39624969E+2,-3.10838580E-1,
1.629E006,1.53000000E+2,1.39624969E+2,1.08130717E+0,
1.63E06,1.32000000E+2,1.39624969E+2,-6.63668394E-1,
1.631E006,1.42000000E+2,1.39624969E+2,1.99308127E-1,
1.632E006,1.34000000E+2,1.39624969E+2,-4.85923350E-1,
1.633E006,1.40000000E+2,1.39624969E+2,3.16958651E-2,
1.634E006,1.64000000E+2,1.39624969E+2,1.90337002E+0,
1.635E006,1.27000000E+2,1.39624969E+2,-1.12028491E+0,
1.636E006,1.48000000E+2,1.39624969E+2,6.88423276E-1,
1.637E006,1.50000000E+2,1.39624969E+2,8.47117722E-1,
1.638E006,1.41000000E+2,1.39624969E+2,1.15798458E-1,
1.639E006,1.46000000E+2,1.39624969E+2,5.27601302E-1,
1.64E06,1.25000000E+2,1.39624969E+2,-1.30809712E+0,
1.641E006,1.48000000E+2,1.39624969E+2,6.88423276E-1,
1.642E006,1.45000000E+2,1.39624969E+2,4.46372002E-1,
1.643E006,1.51000000E+2,1.39624969E+2,9.25686836E-1,
1.644E006,1.12000000E+2,1.39624969E+2,-2.61031437E+0,
1.645E006,1.50000000E+2,1.39624969E+2,8.47117722E-1,
1.646E006,1.25000000E+2,1.39624969E+2,-1.30809712E+0,
1.647E006,1.64000000E+2,1.39624969E+2,1.90337002E+0,
1.648E006,1.29000000E+2,1.39624969E+2,-9.35476422E-1,
1.649E006,1.37000000E+2,1.39624969E+2,-2.24266276E-1,
1.65E06,1.39000000E+2,1.39624969E+2,-5.30092195E-2,
1.651E006,1.41000000E+2,1.39624969E+2,1.15798458E-1,
1.652E006,1.24000000E+2,1.39624969E+2,-1.40316367E+0,
1.653E006,1.29000000E+2,1.39624969E+2,-9.35476422E-1,
1.654E006,1.46000000E+2,1.39624969E+2,5.27601302E-1,
1.655E006,1.64000000E+2,1.39624969E+2,1.90337002E+0,
1.656E006,1.37000000E+2,1.39624969E+2,-2.24266276E-1,
1.657E006,1.20000000E+2,1.39624969E+2,-1.79150641E+0,
1.658E006,1.44000000E+2,1.39624969E+2,3.64585876E-1,
1.659E006,1.32000000E+2,1.39624969E+2,-6.63668394E-1,
1.66E06,1.44000000E+2,1.39624969E+2,3.64585876E-1,
1.661E006,1.46000000E+2,1.39624969E+2,5.27601302E-1,
1.662E006,1.38000000E+2,1.39624969E+2,-1.38326585E-1,
1.663E006,1.43000000E+2,1.39624969E+2,2.82234222E-1,
1.664E006,1.29000000E+2,1.39624969E+2,-9.35476422E-1,
1.665E006,1.43000000E+2,1.39624969E+2,2.82234222E-1,
1.666E006,1.43000000E+2,1.39624969E+2,2.82234222E-1,
1.667E006,1.42000000E+2,1.39624969E+2,1.99308127E-1,
1.668E006,1.43000000E+2,1.39624969E+2,2.82234222E-1,
1.669E006,1.33000000E+2,1.39624969E+2,-5.74457705E-1,
1.67E06,1.64000000E+2,1.39624969E+2,1.90337002E+0,
1.671E006,1.41000000E+2,1.39624969E+2,1.15798458E-1,
1.672E006,1.27000000E+2,1.39624969E+2,-1.12028491E+0,
1.673E006,1.32000000E+2,1.39624969E+2,-6.63668394E-1,
1.674E006,1.45000000E+2,1.39624969E+2,4.46372002E-1,
1.675E006,1.37000000E+2,1.39624969E+2,-2.24266276E-1,
1.676E006,1.41000000E+2,1.39624969E+2,1.15798458E-1,
1.677E006,1.49000000E+2,1.39624969E+2,7.68032432E-1,
1.678E006,1.35000000E+2,1.39624969E+2,-3.98054004E-1,
1.679E006,1.44000000E+2,1.39624969E+2,3.64585876E-1,
1.68E06,1.31000000E+2,1.39624969E+2,-7.53567100E-1,
1.681E006,1.24000000E+2,1.39624969E+2,-1.40316367E+0,
1.682E006,1.40000000E+2,1.39624969E+2,3.16958651E-2,
1.683E006,1.47000000E+2,1.39624969E+2,6.08282268E-1,
1.684E006,1.64000000E+2,1.39624969E+2,1.90337002E+0,
1.685E006,1.22000000E+2,1.39624969E+2,-1.59568977E+0,
1.686E006,1.46000000E+2,1.39624969E+2,5.27601302E-1,
1.687E006,1.38000000E+2,1.39624969E+2,-1.38326585E-1,
1.688E006,1.55000000E+2,1.39624969E+2,1.23495221E+0,
1.689E006,1.46000000E+2,1.39624969E+2,5.27601302E-1,
1.69E06,1.22000000E+2,1.39624969E+2,-1.59568977E+0,
1.691E006,1.30000000E+2,1.39624969E+2,-8.44165683E-1,
1.692E006,1.46000000E+2,1.39624969E+2,5.27601302E-1,
1.693E006,1.22000000E+2,1.39624969E+2,-1.59568977E+0,
1.694E006,1.65000000E+2,1.39624969E+2,1.97544336E+0,
1.695E006,1.38000000E+2,1.39624969E+2,-1.38326585E-1,
1.696E006,1.45000000E+2,1.39624969E+2,4.46372002E-1,
1.697E006,1.47000000E+2,1.39624969E+2,6.08282268E-1,
1.698E006,1.21000000E+2,1.39624969E+2,-1.69317901E+0,
1.699E006,1.46000000E+2,1.39624969E+2,5.27601302E-1,
1.7E06,1.42000000E+2,1.39624969E+2,1.99308127E-1,
1.701E006,1.52000000E+2,1.39624969E+2,1.00374746E+0,
1.702E006,1.33000000E+2,1.39624969E+2,-5.74457705E-1,
1.703E006,1.27000000E+2,1.39624969E+2,-1.12028491E+0,
1.704E006,1.33000000E+2,1.39624969E+2,-5.74457705E-1,
1.705E006,1.28000000E+2,1.39624969E+2,-1.02751184E+0,
1.706E006,1.35000000E+2,1.39624969E+2,-3.98054004E-1,
1.707E006,1.54000000E+2,1.39624969E+2,1.15837300E+0,
1.708E006,1.26000000E+2,1.39624969E+2,-1.21380877E+0,
1.709E006,1.49000000E+2,1.39624969E+2,7.68032432E-1,
1.71E06,1.41000000E+2,1.39624969E+2,1.15798458E-1,
1.711E006,1.49000000E+2,1.39624969E+2,7.68032432E-1,
1.712E006,1.51000000E+2,1.39624969E+2,9.25686836E-1,
1.713E006,1.38000000E+2,1.39624969E+2,-1.38326585E-1,
1.714E006,1.50000000E+2,1.39624969E+2,8.47117722E-1,
1.715E006,1.30000000E+2,1.39624969E+2,-8.44165683E-1,
1.716E006,1.36000000E+2,1.39624969E+2,-3.10838580E-1,
1.717E006,1.53000000E+2,1.39624969E+2,1.08130717E+0,
1.718E006,1.22000000E+2,1.39624969E+2,-1.59568977E+0,
1.719E006,1.43000000E+2,1.39624969E+2,2.82234222E-1,
1.72E06,1.39000000E+2,1.39624969E+2,-5.30092195E-2,
1.721E006,1.37000000E+2,1.39624969E+2,-2.24266276E-1,
1.722E006,1.46000000E+2,1.39624969E+2,5.27601302E-1,
1.723E006,1.51000000E+2,1.39624969E+2,9.25686836E-1,
1.724E006,1.39000000E+2,1.39624969E+2,-5.30092195E-2,
1.725E006,1.32000000E+2,1.39624969E+2,-6.63668394E-1,
1.726E006,1.21000000E+2,1.39624969E+2,-1.69317901E+0,
1.727E006,1.43000000E+2,1.39624969E+2,2.82234222E-1,
1.728E006,1.51000000E+2,1.39624969E+2,9.25686836E-1,
1.729E006,1.27000000E+2,1.39624969E+2,-1.12028491E+0,
1.73E06,1.45000000E+2,1.39624969E+2,4.46372002E-1,
1.731E006,1.48000000E+2,1.39624969E+2,6.88423276E-1,
1.732E006,1.43000000E+2,1.39624969E+2,2.82234222E-1,
1.733E006,1.57000000E+2,1.39624969E+2,1.38667846E+0,
1.734E006,1.26000000E+2,1.39624969E+2,-1.21380877E+0,
1.735E006,1.31000000E+2,1.39624969E+2,-7.53567100E-1,
1.736E006,1.40000000E+2,1.39624969E+2,3.16958651E-2,
1.737E006,1.41000000E+2,1.39624969E+2,1.15798458E-1,
1.738E006,1.47000000E+2,1.39624969E+2,6.08282268E-1,
1.739E006,1.22000000E+2,1.39624969E+2,-1.59568977E+0,
1.74E06,1.47000000E+2,1.39624969E+2,6.08282268E-1,
1.741E006,1.41000000E+2,1.39624969E+2,1.15798458E-1,
1.742E006,1.39000000E+2,1.39624969E+2,-5.30092195E-2,
1.743E006,1.42000000E+2,1.39624969E+2,1.99308127E-1,
1.744E006,1.31000000E+2,1.39624969E+2,-7.53567100E-1,
1.745E006,1.52000000E+2,1.39624969E+2,1.00374746E+0,
1.746E006,1.34000000E+2,1.39624969E+2,-4.85923350E-1,
1.747E006,1.41000000E+2,1.39624969E+2,1.15798458E-1,
1.748E006,1.48000000E+2,1.39624969E+2,6.88423276E-1,
1.749E006,1.63000000E+2,1.39624969E+2,1.83087373E+0,
1.75E06,1.28000000E+2,1.39624969E+2,-1.02751184E+0,
1.751E006,1.36000000E+2,1.39624969E+2,-3.10838580E-1,
1.752E006,1.30000000E+2,1.39624969E+2,-8.44165683E-1,
1.753E006,1.39000000E+2,1.39624969E+2,-5.30092195E-2,
1.754E006,1.41000000E+2,1.39624969E+2,1.15798458E-1,
1.755E006,1.25000000E+2,1.39624969E+2,-1.30809712E+0,
1.756E006,1.39000000E+2,1.39624969E+2,-5.30092195E-2,
1.757E006,1.38000000E+2,1.39624969E+2,-1.38326585E-1,
1.758E006,1.41000000E+2,1.39624969E+2,1.15798458E-1,
1.759E006,1.53000000E+2,1.39624969E+2,1.08130717E+0,
1.76E06,1.31000000E+2,1.39624969E+2,-7.53567100E-1,
1.761E006,1.18000000E+2,1.39624969E+2,-1.99073982E+0,
1.762E006,1.54000000E+2,1.39624969E+2,1.15837300E+0,
1.763E006,1.41000000E+2,1.39624969E+2,1.15798458E-1,
1.764E006,1.44000000E+2,1.39624969E+2,3.64585876E-1,
1.765E006,1.38000000E+2,1.39624969E+2,-1.38326585E-1,
1.766E006,1.37000000E+2,1.39624969E+2,-2.24266276E-1,
1.767E006,1.38000000E+2,1.39624969E+2,-1.38326585E-1,
1.768E006,1.43000000E+2,1.39624969E+2,2.82234222E-1,
1.769E006,1.29000000E+2,1.39624969E+2,-9.35476422E-1,
1.77E06,1.37000000E+2,1.39624969E+2,-2.24266276E-1,
1.771E006,1.38000000E+2,1.39624969E+2,-1.38326585E-1,
1.772E006,1.41000000E+2,1.39624969E+2,1.15798458E-1,
1.773E006,1.52000000E+2,1.39624969E+2,1.00374746E+0,
1.774E006,1.52000000E+2,1.39624969E+2,1.00374746E+0,
1.775E006,1.48000000E+2,1.39624969E+2,6.88423276E-1,
1.776E006,1.40000000E+2,1.39624969E+2,3.16958651E-2,
1.777E006,1.50000000E+2,1.39624969E+2,8.47117722E-1,
1.778E006,1.32000000E+2,1.39624969E+2,-6.63668394E-1,
1.779E006,1.32000000E+2,1.39624969E+2,-6.63668394E-1,
1.78E06,1.32000000E+2,1.39624969E+2,-6.63668394E-1,
1.781E006,1.36000000E+2,1.39624969E+2,-3.10838580E-1,
1.782E006,1.41000000E+2,1.39624969E+2,1.15798458E-1,
1.783E006,1.54000000E+2,1.39624969E+2,1.15837300E+0,
1.784E006,1.43000000E+2,1.39624969E+2,2.82234222E-1,
1.785E006,1.46000000E+2,1.39624969E+2,5.27601302E-1,
1.786E006,1.52000000E+2,1.39624969E+2,1.00374746E+0,
1.787E006,1.30000000E+2,1.39624969E+2,-8.44165683E-1,
1.788E006,1.78000000E+2,1.39624969E+2,2.87633014E+0,
1.789E006,1.37000000E+2,1.39624969E+2,-2.24266276E-1,
1.79E06,1.43000000E+2,1.39624969E+2,2.82234222E-1,
1.791E006,1.34000000E+2,1.39624969E+2,-4.85923350E-1,
1.792E006,1.51000000E+2,1.39624969E+2,9.25686836E-1,
1.793E006,1.46000000E+2,1.39624969E+2,5.27601302E-1,
1.794E006,1.72000000E+2,1.39624969E+2,2.46857285E+0,
1.795E006,1.55000000E+2,1.39624969E+2,1.23495221E+0,
1.796E006,1.46000000E+2,1.39624969E+2,5.27601302E-1,
1.797E006,1.64000000E+2,1.39624969E+2,1.90337002E+0,
1.798E006,1.29000000E+2,1.39624969E+2,-9.35476422E-1,
1.799E006,1.65000000E+2,1.39624969E+2,1.97544336E+0,
1.8E06,1.37000000E+2,1.39624969E+2,-2.24266276E-1,
1.801E006,1.34000000E+2,1.39624969E+2,-4.85923350E-1,
1.802E006,1.48000000E+2,1.39624969E+2,6.88423276E-1,
1.803E006,1.36000000E+2,1.39624969E+2,-3.10838580E-1,
1.804E006,1.15000000E+2,1.39624969E+2,-2.29629016E+0,
1.805E006,1.60000000E+2,1.39624969E+2,1.61078763E+0,
1.806E006,1.34000000E+2,1.39624969E+2,-4.85923350E-1,
1.807E006,1.39000000E+2,1.39624969E+2,-5.30092195E-2,
1.808E006,1.21000000E+2,1.39624969E+2,-1.69317901E+0,
1.809E006,1.30000000E+2,1.39624969E+2,-8.44165683E-1,
1.81E06,1.54000000E+2,1.39624969E+2,1.15837300E+0,
1.811E006,1.44000000E+2,1.39624969E+2,3.64585876E-1,
1.812E006,1.47000000E+2,1.39624969E+2,6.08282268E-1,
1.813E006,1.38000000E+2,1.39624969E+2,-1.38326585E-1,
1.814E006,1.47000000E+2,1.39624969E+2,6.08282268E-1,
1.815E006,1.64000000E+2,1.39624969E+2,1.90337002E+0,
1.816E006,1.33000000E+2,1.39624969E+2,-5.74457705E-1,
1.817E006,1.43000000E+2,1.39624969E+2,2.82234222E-1,
1.818E006,1.30000000E+2,1.39624969E+2,-8.44165683E-1,
1.819E006,1.47000000E+2,1.39624969E+2,6.08282268E-1,
1.82E06,1.25000000E+2,1.39624969E+2,-1.30809712E+0,
1.821E006,1.38000000E+2,1.39624969E+2,-1.38326585E-1,
1.822E006,1.20000000E+2,1.39624969E+2,-1.79150641E+0,
1.823E006,1.44000000E+2,1.39624969E+2,3.64585876E-1,
1.824E006,1.44000000E+2,1.39624969E+2,3.64585876E-1,
1.825E006,1.35000000E+2,1.39624969E+2,-3.98054004E-1,
1.826E006,1.44000000E+2,1.39624969E+2,3.64585876E-1,
1.827E006,1.37000000E+2,1.39624969E+2,-2.24266276E-1,
1.828E006,1.59000000E+2,1.39624969E+2,1.53653979E+0,
1.829E006,1.19000000E+2,1.39624969E+2,-1.89068794E+0,
1.83E06,1.36000000E+2,1.39624969E+2,-3.10838580E-1,
1.831E006,1.45000000E+2,1.39624969E+2,4.46372002E-1,
1.832E006,1.63000000E+2,1.39624969E+2,1.83087373E+0,
1.833E006,1.33000000E+2,1.39624969E+2,-5.74457705E-1,
1.834E006,1.34000000E+2,1.39624969E+2,-4.85923350E-1,
1.835E006,1.38000000E+2,1.39624969E+2,-1.38326585E-1,
1.836E006,1.33000000E+2,1.39624969E+2,-5.74457705E-1,
1.837E006,1.21000000E+2,1.39624969E+2,-1.69317901E+0,
1.838E006,1.27000000E+2,1.39624969E+2,-1.12028491E+0,
1.839E006,1.49000000E+2,1.39624969E+2,7.68032432E-1,
1.84E06,1.32000000E+2,1.39624969E+2,-6.63668394E-1,
1.841E006,1.47000000E+2,1.39624969E+2,6.08282268E-1,
1.842E006,1.50000000E+2,1.39624969E+2,8.47117722E-1,
1.843E006,1.25000000E+2,1.39624969E+2,-1.30809712E+0,
1.844E006,1.09000000E+2,1.39624969E+2,-2.93334007E+0,
1.845E006,1.55000000E+2,1.39624969E+2,1.23495221E+0,
1.846E006,1.53000000E+2,1.39624969E+2,1.08130717E+0,
1.847E006,1.29000000E+2,1.39624969E+2,-9.35476422E-1,
1.848E006,1.35000000E+2,1.39624969E+2,-3.98054004E-1,
1.849E006,1.32000000E+2,1.39624969E+2,-6.63668394E-1,
1.85E06,1.48000000E+2,1.39624969E+2,6.88423276E-1,
1.851E006,1.31000000E+2,1.39624969E+2,-7.53567100E-1,
1.852E006,1.21000000E+2,1.39624969E+2,-1.69317901E+0,
1.853E006,1.42000000E+2,1.39624969E+2,1.99308127E-1,
1.854E006,1.35000000E+2,1.39624969E+2,-3.98054004E-1,
1.855E006,1.42000000E+2,1.39624969E+2,1.99308127E-1,
1.856E006,1.48000000E+2,1.39624969E+2,6.88423276E-1,
1.857E006,1.36000000E+2,1.39624969E+2,-3.10838580E-1,
1.858E006,1.33000000E+2,1.39624969E+2,-5.74457705E-1,
1.859E006,1.37000000E+2,1.39624969E+2,-2.24266276E-1,
1.86E06,1.46000000E+2,1.39624969E+2,5.27601302E-1,
1.861E006,1.46000000E+2,1.39624969E+2,5.27601302E-1,
1.862E006,1.46000000E+2,1.39624969E+2,5.27601302E-1,
1.863E006,1.11000000E+2,1.39624969E+2,-2.71696186E+0,
1.864E006,1.45000000E+2,1.39624969E+2,4.46372002E-1,
1.865E006,1.27000000E+2,1.39624969E+2,-1.12028491E+0,
1.866E006,1.48000000E+2,1.39624969E+2,6.88423276E-1,
1.867E006,1.32000000E+2,1.39624969E+2,-6.63668394E-1,
1.868E006,1.43000000E+2,1.39624969E+2,2.82234222E-1,
1.869E006,1.64000000E+2,1.39624969E+2,1.90337002E+0,
1.87E06,1.31000000E+2,1.39624969E+2,-7.53567100E-1,
1.871E006,1.21000000E+2,1.39624969E+2,-1.69317901E+0,
1.872E006,1.35000000E+2,1.39624969E+2,-3.98054004E-1,
1.873E006,1.38000000E+2,1.39624969E+2,-1.38326585E-1,
1.874E006,1.69000000E+2,1.39624969E+2,2.25961781E+0,
1.875E006,1.36000000E+2,1.39624969E+2,-3.10838580E-1,
1.876E006,1.44000000E+2,1.39624969E+2,3.64585876E-1,
1.877E006,1.42000000E+2,1.39624969E+2,1.99308127E-1,
1.878E006,1.30000000E+2,1.39624969E+2,-8.44165683E-1,
1.879E006,1.49000000E+2,1.39624969E+2,7.68032432E-1,
1.88E06,1.36000000E+2,1.39624969E+2,-3.10838580E-1,
1.881E006,1.51000000E+2,1.39624969E+2,9.25686836E-1,
1.882E006,1.48000000E+2,1.39624969E+2,6.88423276E-1,
1.883E006,1.36000000E+2,1.39624969E+2,-3.10838580E-1,
1.884E006,1.25000000E+2,1.39624969E+2,-1.30809712E+0,
1.885E006,1.39000000E+2,1.39624969E+2,-5.30092195E-2,
1.886E006,1.37000000E+2,1.39624969E+2,-2.24266276E-1,
1.887E006,1.41000000E+2,1.39624969E+2,1.15798458E-1,
1.888E006,1.36000000E+2,1.39624969E+2,-3.10838580E-1,
1.889E006,1.23000000E+2,1.39624969E+2,-1.49902296E+0,
1.89E06,1.24000000E+2,1.39624969E+2,-1.40316367E+0,
1.891E006,1.32000000E+2,1.39624969E+2,-6.63668394E-1,
1.892E006,1.32000000E+2,1.39624969E+2,-6.63668394E-1,
1.893E006,1.39000000E+2,1.39624969E+2,-5.30092195E-2,
1.894E006,1.49000000E+2,1.39624969E+2,7.68032432E-1,
1.895E006,1.32000000E+2,1.39624969E+2,-6.63668394E-1,
1.896E006,1.27000000E+2,1.39624969E+2,-1.12028491E+0,
1.897E006,1.43000000E+2,1.39624969E+2,2.82234222E-1,
1.898E006,1.26000000E+2,1.39624969E+2,-1.21380877E+0,
1.899E006,1.38000000E+2,1.39624969E+2,-1.38326585E-1,
1.9E06,1.31000000E+2,1.39624969E+2,-7.53567100E-1,
1.901E006,1.35000000E+2,1.39624969E+2,-3.98054004E-1,
1.902E006,1.32000000E+2,1.39624969E+2,-6.63668394E-1,
1.903E006,1.29000000E+2,1.39624969E+2,-9.35476422E-1,
1.904E006,1.19000000E+2,1.39624969E+2,-1.89068794E+0,
1.905E006,1.71000000E+2,1.39624969E+2,2.39930844E+0,
1.906E006,1.41000000E+2,1.39624969E+2,1.15798458E-1,
1.907E006,1.59000000E+2,1.39624969E+2,1.53653979E+0,
1.908E006,1.44000000E+2,1.39624969E+2,3.64585876E-1,
1.909E006,1.34000000E+2,1.39624969E+2,-4.85923350E-1,
1.91E06,1.38000000E+2,1.39624969E+2,-1.38326585E-1,
1.911E006,1.46000000E+2,1.39624969E+2,5.27601302E-1,
1.912E006,1.41000000E+2,1.39624969E+2,1.15798458E-1,
1.913E006,1.50000000E+2,1.39624969E+2,8.47117722E-1,
1.914E006,1.30000000E+2,1.39624969E+2,-8.44165683E-1,
1.915E006,1.25000000E+2,1.39624969E+2,-1.30809712E+0,
1.916E006,1.38000000E+2,1.39624969E+2,-1.38326585E-1,
1.917E006,1.24000000E+2,1.39624969E+2,-1.40316367E+0,
1.918E006,1.23000000E+2,1.39624969E+2,-1.49902296E+0,
1.919E006,1.38000000E+2,1.39624969E+2,-1.38326585E-1,
1.92E06,1.35000000E+2,1.39624969E+2,-3.98054004E-1,
1.921E006,1.55000000E+2,1.39624969E+2,1.23495221E+0,
1.922E006,1.52000000E+2,1.39624969E+2,1.00374746E+0,
1.923E006,1.34000000E+2,1.39624969E+2,-4.85923350E-1,
1.924E006,1.43000000E+2,1.39624969E+2,2.82234222E-1,
1.925E006,1.67000000E+2,1.39624969E+2,2.11834359E+0,
1.926E006,1.37000000E+2,1.39624969E+2,-2.24266276E-1,
1.927E006,1.38000000E+2,1.39624969E+2,-1.38326585E-1,
1.928E006,1.19000000E+2,1.39624969E+2,-1.89068794E+0,
1.929E006,1.46000000E+2,1.39624969E+2,5.27601302E-1,
1.93E06,1.25000000E+2,1.39624969E+2,-1.30809712E+0,
1.931E006,1.24000000E+2,1.39624969E+2,-1.40316367E+0,
1.932E006,1.29000000E+2,1.39624969E+2,-9.35476422E-1,
1.933E006,1.56000000E+2,1.39624969E+2,1.31105173E+0,
1.934E006,1.38000000E+2,1.39624969E+2,-1.38326585E-1,
1.935E006,1.51000000E+2,1.39624969E+2,9.25686836E-1,
1.936E006,1.31000000E+2,1.39624969E+2,-7.53567100E-1,
1.937E006,1.53000000E+2,1.39624969E+2,1.08130717E+0,
1.938E006,1.42000000E+2,1.39624969E+2,1.99308127E-1,
1.939E006,1.14000000E+2,1.39624969E+2,-2.39999819E+0,
1.94E06,1.55000000E+2,1.39624969E+2,1.23495221E+0,
1.941E006,1.29000000E+2,1.39624969E+2,-9.35476422E-1,
1.942E006,1.47000000E+2,1.39624969E+2,6.08282268E-1,
1.943E006,1.66000000E+2,1.39624969E+2,2.04709935E+0,
1.944E006,1.28000000E+2,1.39624969E+2,-1.02751184E+0,
1.945E006,1.45000000E+2,1.39624969E+2,4.46372002E-1,
1.946E006,1.43000000E+2,1.39624969E+2,2.82234222E-1,
1.947E006,1.42000000E+2,1.39624969E+2,1.99308127E-1,
1.948E006,1.52000000E+2,1.39624969E+2,1.00374746E+0,
1.949E006,1.44000000E+2,1.39624969E+2,3.64585876E-1,
1.95E06,1.28000000E+2,1.39624969E+2,-1.02751184E+0,
1.951E006,1.34000000E+2,1.39624969E+2,-4.85923350E-1,
1.952E006,1.47000000E+2,1.39624969E+2,6.08282268E-1,
1.953E006,1.53000000E+2,1.39624969E+2,1.08130717E+0,
1.954E006,1.19000000E+2,1.39624969E+2,-1.89068794E+0,
1.955E006,1.25000000E+2,1.39624969E+2,-1.30809712E+0,
1.956E006,1.33000000E+2,1.39624969E+2,-5.74457705E-1,
1.957E006,1.41000000E+2,1.39624969E+2,1.15798458E-1,
1.958E006,1.52000000E+2,1.39624969E+2,1.00374746E+0,
1.959E006,1.38000000E+2,1.39624969E+2,-1.38326585E-1,
1.96E06,1.46000000E+2,1.39624969E+2,5.27601302E-1,
1.961E006,1.30000000E+2,1.39624969E+2,-8.44165683E-1,
1.962E006,1.32000000E+2,1.39624969E+2,-6.63668394E-1,
1.963E006,1.31000000E+2,1.39624969E+2,-7.53567100E-1,
1.964E006,1.41000000E+2,1.39624969E+2,1.15798458E-1,
1.965E006,1.27000000E+2,1.39624969E+2,-1.12028491E+0,
1.966E006,1.47000000E+2,1.39624969E+2,6.08282268E-1,
1.967E006,1.44000000E+2,1.39624969E+2,3.64585876E-1,
1.968E006,1.60000000E+2,1.39624969E+2,1.61078763E+0,
1.969E006,1.42000000E+2,1.39624969E+2,1.99308127E-1,
1.97E06,1.41000000E+2,1.39624969E+2,1.15798458E-1,
1.971E006,1.26000000E+2,1.39624969E+2,-1.21380877E+0,
1.972E006,1.27000000E+2,1.39624969E+2,-1.12028491E+0,
1.973E006,1.49000000E+2,1.39624969E+2,7.68032432E-1,
1.974E006,1.17000000E+2,1.39624969E+2,-2.09167933E+0,
1.975E006,1.29000000E+2,1.39624969E+2,-9.35476422E-1,
1.976E006,1.29000000E+2,1.39624969E+2,-9.35476422E-1,
1.977E006,1.40000000E+2,1.39624969E+2,3.16958651E-2,
1.978E006,1.33000000E+2,1.39624969E+2,-5.74457705E-1,
1.979E006,1.38000000E+2,1.39624969E+2,-1.38326585E-1,
1.98E06,1.25000000E+2,1.39624969E+2,-1.30809712E+0,
1.981E006,1.46000000E+2,1.39624969E+2,5.27601302E-1,
1.982E006,1.36000000E+2,1.39624969E+2,-3.10838580E-1,
1.983E006,1.35000000E+2,1.39624969E+2,-3.98054004E-1,
1.984E006,1.37000000E+2,1.39624969E+2,-2.24266276E-1,
1.985E006,1.28000000E+2,1.39624969E+2,-1.02751184E+0,
1.986E006,1.35000000E+2,1.39624969E+2,-3.98054004E-1,
1.987E006,1.53000000E+2,1.39624969E+2,1.08130717E+0,
1.988E006,1.36000000E+2,1.39624969E+2,-3.10838580E-1,
1.989E006,1.39000000E+2,1.39624969E+2,-5.30092195E-2,
1.99E06,1.24000000E+2,1.39624969E+2,-1.40316367E+0,
1.991E006,1.50000000E+2,1.39624969E+2,8.47117722E-1,
1.992E006,1.46000000E+2,1.39624969E+2,5.27601302E-1,
1.993E006,1.21000000E+2,1.39624969E+2,-1.69317901E+0,
1.994E006,1.42000000E+2,1.39624969E+2,1.99308127E-1,
1.995E006,1.34000000E+2,1.39624969E+2,-4.85923350E-1,
1.996E006,1.31000000E+2,1.39624969E+2,-7.53567100E-1,
1.997E006,1.38000000E+2,1.39624969E+2,-1.38326585E-1,
1.998E006,1.12000000E+2,1.39624969E+2,-2.61031437E+0,
1.999E006,1.23000000E+2,1.39624969E+2,-1.49902296E+0,
