0.05CR-FITTED

Labels,Decay10 on Em1,Decay10 on Em1F2,Decay10 on Em1F2R,
Type,Time Scan,Exponential Fit Time Scan,Weighted Residuals Time Scan,
Comment,,,,
Start,0.00,1.14E05,1.14E05,
Stop,1.999E006,1.999E006,1.999E006,
Step,1000.00,1000.00,1000.00,
Fixed/Offset, , , ,
XAxis,Time(ns),Time,Time,
YAxis,Counts,Counts,Counts,
Chi2,,1.027880,,
dt,,,,
dtErr,,,,
A,,125.794900,,
Tau1,,31.937872,,
Tau2,,60.8250,,
Tau3,,,,
Tau4,,,,
B1,,7592.771500,,
B2,,741.431760,,
B3,,,,
B4,,,,
Tau1Err,,0.64204329,,
Tau2Err,,6.2413239,,
Tau3Err,,,,
Tau4Err,,,,
B1Err,,295.034580,,
B2Err,,309.985570,,
B3Err,,,,
B4Err,,,,
TauAvInt,,36.467651,,
TauAvAmp,,34.507748,,
TauAvIntErr,,2.1602070,,
TauAvAmpErr,,1.271560,,

0.00,1.32000000E+2, , ,
1000.00,1.27000000E+2, , ,
2000.00,1.22000000E+2, , ,
3000.00,1.12000000E+2, , ,
4000.00,1.13000000E+2, , ,
5000.00,1.09000000E+2, , ,
6000.00,1.13000000E+2, , ,
7000.00,1.34000000E+2, , ,
8000.00,1.41000000E+2, , ,
9000.00,1.31000000E+2, , ,
1E04,1.14000000E+2, , ,
1.1E04,1.48000000E+2, , ,
1.2E04,1.45000000E+2, , ,
1.3E04,1.40000000E+2, , ,
1.4E04,1.16000000E+2, , ,
1.5E04,1.22000000E+2, , ,
1.6E04,1.25000000E+2, , ,
1.7E04,1.13000000E+2, , ,
1.8E04,1.49000000E+2, , ,
1.9E04,1.21000000E+2, , ,
2E04,1.10000000E+2, , ,
2.1E04,1.08000000E+2, , ,
2.2E04,1.43000000E+2, , ,
2.3E04,1.30000000E+2, , ,
2.4E04,1.38000000E+2, , ,
2.5E04,1.36000000E+2, , ,
2.6E04,1.21000000E+2, , ,
2.7E04,1.16000000E+2, , ,
2.8E04,1.31000000E+2, , ,
2.9E04,1.20000000E+2, , ,
3E04,1.22000000E+2, , ,
3.1E04,1.38000000E+2, , ,
3.2E04,1.34000000E+2, , ,
3.3E04,1.25000000E+2, , ,
3.4E04,1.35000000E+2, , ,
3.5E04,1.44000000E+2, , ,
3.6E04,1.14000000E+2, , ,
3.7E04,1.23000000E+2, , ,
3.8E04,1.24000000E+2, , ,
3.9E04,1.39000000E+2, , ,
4E04,1.26000000E+2, , ,
4.1E04,1.21000000E+2, , ,
4.2E04,1.16000000E+2, , ,
4.3E04,1.17000000E+2, , ,
4.4E04,1.38000000E+2, , ,
4.5E04,1.17000000E+2, , ,
4.6E04,1.15000000E+2, , ,
4.7E04,1.17000000E+2, , ,
4.8E04,1.29000000E+2, , ,
4.9E04,1.29000000E+2, , ,
5E04,1.23000000E+2, , ,
5.1E04,1.36000000E+2, , ,
5.2E04,1.38000000E+2, , ,
5.3E04,1.34000000E+2, , ,
5.4E04,1.37000000E+2, , ,
5.5E04,1.21000000E+2, , ,
5.6E04,1.25000000E+2, , ,
5.7E04,1.15000000E+2, , ,
5.8E04,1.21000000E+2, , ,
5.9E04,1.17000000E+2, , ,
6E04,1.23000000E+2, , ,
6.1E04,1.42000000E+2, , ,
6.2E04,1.31000000E+2, , ,
6.3E04,1.36000000E+2, , ,
6.4E04,1.07000000E+2, , ,
6.5E04,1.35000000E+2, , ,
6.6E04,1.15000000E+2, , ,
6.7E04,1.21000000E+2, , ,
6.8E04,1.36000000E+2, , ,
6.9E04,1.19000000E+2, , ,
7E04,1.28000000E+2, , ,
7.1E04,1.16000000E+2, , ,
7.2E04,1.23000000E+2, , ,
7.3E04,1.02000000E+2, , ,
7.4E04,1.27000000E+2, , ,
7.5E04,1.40000000E+2, , ,
7.6E04,1.30000000E+2, , ,
7.7E04,1.43000000E+2, , ,
7.8E04,1.35000000E+2, , ,
7.9E04,1.23000000E+2, , ,
8E04,1.37000000E+2, , ,
8.1E04,1.30000000E+2, , ,
8.2E04,1.21000000E+2, , ,
8.3E04,1.32000000E+2, , ,
8.4E04,1.26000000E+2, , ,
8.5E04,1.22000000E+2, , ,
8.6E04,1.24000000E+2, , ,
8.7E04,1.36000000E+2, , ,
8.8E04,1.48000000E+2, , ,
8.9E04,1.34000000E+2, , ,
9E04,1.33000000E+2, , ,
9.1E04,1.17000000E+2, , ,
9.2E04,1.43000000E+2, , ,
9.3E04,1.27000000E+2, , ,
9.4E04,1.40000000E+2, , ,
9.5E04,1.41000000E+2, , ,
9.6E04,1.45000000E+2, , ,
9.7E04,1.13000000E+2, , ,
9.8E04,1.05000000E+2, , ,
9.9E04,1.31000000E+2, , ,
1E05,1.35000000E+2, , ,
1.01E05,1.15000000E+2, , ,
1.02E05,1.25000000E+2, , ,
1.03E05,1.26000000E+2, , ,
1.04E05,1.37000000E+2, , ,
1.05E05,2.54000000E+2, , ,
1.06E05,1.48400000E+3, , ,
1.07E05,1.34000000E+2, , ,
1.08E05,1.40000000E+2, , ,
1.09E05,3.12000000E+2, , ,
1.1E05,2.21800000E+3, , ,
1.11E05,5.46000000E+3, , ,
1.12E05,7.59700000E+3, , ,
1.13E05,8.00000000E+3, , ,
1.14E05,7.85800000E+3,8.21385547E+3,-4.01437235E+0,
1.15E05,7.72700000E+3,7.97512598E+3,-2.82271338E+0,
1.16E05,7.66700000E+3,7.74358154E+3,-8.74603808E-1,
1.17E05,7.32900000E+3,7.51900586E+3,-2.21944618E+0,
1.18E05,7.23300000E+3,7.30118457E+3,-8.01727653E-1,
1.19E05,7.06400000E+3,7.08991455E+3,-3.08331817E-1,
1.2E05,6.91700000E+3,6.88499463E+3,3.84825617E-1,
1.21E05,6.92100000E+3,6.68623242E+3,2.82197833E+0,
1.22E05,6.60900000E+3,6.49344141E+3,1.42145908E+0,
1.23E05,6.37200000E+3,6.30643848E+3,8.21317673E-1,
1.24E05,6.16400000E+3,6.12504932E+3,4.96116608E-1,
1.25E05,5.93000000E+3,5.94910254E+3,-2.48064011E-1,
1.26E05,5.83900000E+3,5.77843262E+3,7.92628288E-1,
1.27E05,5.66500000E+3,5.61288037E+3,6.92470610E-1,
1.28E05,5.43900000E+3,5.45228857E+3,-1.80185094E-1,
1.29E05,5.26600000E+3,5.29650830E+3,-4.20414418E-1,
1.3E05,5.16500000E+3,5.14539307E+3,2.72818953E-1,
1.31E05,5.11200000E+3,4.99880078E+3,1.58324456E+0,
1.32E05,4.92200000E+3,4.85659473E+3,9.32270527E-1,
1.33E05,4.84700000E+3,4.71864111E+3,1.84369648E+0,
1.34E05,4.71900000E+3,4.58481250E+3,1.95338154E+0,
1.35E05,4.48900000E+3,4.45498242E+3,5.07725060E-1,
1.36E05,4.41000000E+3,4.32903027E+3,1.21927977E+0,
1.37E05,4.29500000E+3,4.20683789E+3,1.34524190E+0,
1.38E05,4.08100000E+3,4.08829272E+3,-1.14158042E-1,
1.39E05,3.97900000E+3,3.97328320E+3,9.06287134E-2,
1.4E05,4.03700000E+3,3.86170264E+3,2.75896382E+0,
1.41E05,3.74800000E+3,3.75344702E+3,-8.89732167E-2,
1.42E05,3.69700000E+3,3.64841577E+3,7.99043775E-1,
1.43E05,3.62600000E+3,3.54651147E+3,1.32005048E+0,
1.44E05,3.43400000E+3,3.44763916E+3,-2.32748821E-1,
1.45E05,3.47000000E+3,3.35170801E+3,2.00812435E+0,
1.46E05,3.31800000E+3,3.25862817E+3,1.03072357E+0,
1.47E05,3.23000000E+3,3.16831396E+3,1.08538949E+0,
1.48E05,3.02700000E+3,3.08068188E+3,-9.75711763E-1,
1.49E05,3.00000000E+3,2.99565039E+3,7.94126391E-2,
1.5E05,2.94500000E+3,2.91314160E+3,5.87058365E-1,
1.51E05,2.79000000E+3,2.83307886E+3,-8.15571547E-1,
1.52E05,2.75000000E+3,2.75538867E+3,-1.02757938E-1,
1.53E05,2.54500000E+3,2.67999927E+3,-2.67600870E+0,
1.54E05,2.62200000E+3,2.60684131E+3,2.96036571E-1,
1.55E05,2.55200000E+3,2.53584790E+3,3.19733858E-1,
1.56E05,2.42100000E+3,2.46695313E+3,-9.33937132E-1,
1.57E05,2.42100000E+3,2.40009424E+3,4.24882263E-1,
1.58E05,2.36600000E+3,2.33520972E+3,6.33003771E-1,
1.59E05,2.25800000E+3,2.27223999E+3,-2.99673080E-1,
1.6E05,2.26900000E+3,2.21112769E+3,1.21493661E+0,
1.61E05,2.11000000E+3,2.15181689E+3,-9.10354495E-1,
1.62E05,1.99100000E+3,2.09425317E+3,-2.31402349E+0,
1.63E05,2.01500000E+3,2.03838428E+3,-5.20938456E-1,
1.64E05,2.01800000E+3,1.98415918E+3,7.53321409E-1,
1.65E05,1.92000000E+3,1.93152832E+3,-2.63096720E-1,
1.66E05,1.88800000E+3,1.88044409E+3,1.73894435E-1,
1.67E05,1.84100000E+3,1.83085974E+3,2.36331791E-1,
1.68E05,1.69500000E+3,1.78273059E+3,-2.13091540E+0,
1.69E05,1.69100000E+3,1.73601270E+3,-1.09461951E+0,
1.7E05,1.64800000E+3,1.69066394E+3,-1.05095077E+0,
1.71E05,1.63400000E+3,1.64664307E+3,-3.12770933E-1,
1.72E05,1.57900000E+3,1.60391040E+3,-6.26887560E-1,
1.73E05,1.60400000E+3,1.56242737E+3,1.03801906E+0,
1.74E05,1.47400000E+3,1.52215662E+3,-1.25431681E+0,
1.75E05,1.45900000E+3,1.48306165E+3,-6.29937828E-1,
1.76E05,1.44900000E+3,1.44510754E+3,1.02256171E-1,
1.77E05,1.41700000E+3,1.40826001E+3,2.32180655E-1,
1.78E05,1.37500000E+3,1.37248608E+3,6.77952692E-2,
1.79E05,1.29800000E+3,1.33775354E+3,-1.10341394E+0,
1.8E05,1.29700000E+3,1.30403137E+3,-1.95240572E-1,
1.81E05,1.21100000E+3,1.27128931E+3,-1.73247993E+0,
1.82E05,1.27500000E+3,1.23949841E+3,9.94243324E-1,
1.83E05,1.16800000E+3,1.20862988E+3,-1.18884206E+0,
1.84E05,1.15500000E+3,1.17865662E+3,-6.96083963E-1,
1.85E05,1.11800000E+3,1.14955164E+3,-9.43628311E-1,
1.86E05,1.06200000E+3,1.12128931E+3,-1.81934106E+0,
1.87E05,1.10000000E+3,1.09384424E+3,1.85603201E-1,
1.88E05,1.05000000E+3,1.06719263E+3,-5.30575991E-1,
1.89E05,1.05000000E+3,1.04131030E+3,2.68169880E-1,
1.9E05,1.05400000E+3,1.01617487E+3,1.16509187E+0,
1.91E05,9.26000000E+2,9.91763794E+2,-2.16113234E+0,
1.92E05,9.29000000E+2,9.68055725E+2,-1.28137672E+0,
1.93E05,9.43000000E+2,9.45029846E+2,-6.61008880E-2,
1.94E05,9.21000000E+2,9.22665771E+2,-5.48890382E-2,
1.95E05,9.06000000E+2,9.00944092E+2,1.67971298E-1,
1.96E05,8.92000000E+2,8.79845581E+2,4.06960070E-1,
1.97E05,8.76000000E+2,8.59351807E+2,5.62490344E-1,
1.98E05,8.09000000E+2,8.39444946E+2,-1.07038724E+0,
1.99E05,8.62000000E+2,8.20107605E+2,1.42686057E+0,
2E05,8.10000000E+2,8.01322998E+2,3.04878771E-1,
2.01E05,7.68000000E+2,7.83074707E+2,-5.43961644E-1,
2.02E05,7.65000000E+2,7.65346985E+2,-1.25452643E-2,
2.03E05,7.58000000E+2,7.48124390E+2,3.58698338E-1,
2.04E05,7.13000000E+2,7.31392090E+2,-6.88789189E-1,
2.05E05,7.20000000E+2,7.15135620E+2,1.81284741E-1,
2.06E05,7.19000000E+2,6.99340881E+2,7.33161390E-1,
2.07E05,6.25000000E+2,6.83994385E+2,-2.35977530E+0,
2.08E05,6.87000000E+2,6.69082886E+2,6.83580577E-1,
2.09E05,6.66000000E+2,6.54593628E+2,4.41987932E-1,
2.1E05,5.90000000E+2,6.40514160E+2,-2.07963514E+0,
2.11E05,6.18000000E+2,6.26832520E+2,-3.55296046E-1,
2.12E05,6.23000000E+2,6.13536987E+2,3.79127592E-1,
2.13E05,6.08000000E+2,6.00616211E+2,2.99452186E-1,
2.14E05,5.86000000E+2,5.88059265E+2,-8.50674585E-2,
2.15E05,5.94000000E+2,5.75855530E+2,7.44476616E-1,
2.16E05,5.81000000E+2,5.63994568E+2,7.05504179E-1,
2.17E05,5.56000000E+2,5.52466431E+2,1.49856716E-1,
2.18E05,5.46000000E+2,5.41261414E+2,2.02792779E-1,
2.19E05,5.18000000E+2,5.30369995E+2,-5.43506384E-1,
2.2E05,4.98000000E+2,5.19783081E+2,-9.76123214E-1,
2.21E05,4.85000000E+2,5.09491852E+2,-1.11211777E+0,
2.22E05,5.52000000E+2,4.99487610E+2,2.23507571E+0,
2.23E05,5.10000000E+2,4.89761993E+2,8.96154046E-1,
2.24E05,5.01000000E+2,4.80306915E+2,9.24498856E-1,
2.25E05,4.80000000E+2,4.71114532E+2,4.05564249E-1,
2.26E05,4.58000000E+2,4.62177216E+2,-1.95188463E-1,
2.27E05,4.28000000E+2,4.53487549E+2,-1.23198712E+0,
2.28E05,4.86000000E+2,4.45038361E+2,1.85805762E+0,
2.29E05,4.60000000E+2,4.36822693E+2,1.08064747E+0,
2.3E05,4.17000000E+2,4.28833771E+2,-5.79502225E-1,
2.31E05,4.47000000E+2,4.21065033E+2,1.22668183E+0,
2.32E05,3.80000000E+2,4.13510132E+2,-1.71903348E+0,
2.33E05,3.95000000E+2,4.06162903E+2,-5.61666608E-1,
2.34E05,3.97000000E+2,3.99017334E+2,-1.01247087E-1,
2.35E05,3.92000000E+2,3.92067627E+2,-3.41567700E-3,
2.36E05,3.99000000E+2,3.85308136E+2,6.85450554E-1,
2.37E05,3.90000000E+2,3.78733398E+2,5.70506573E-1,
2.38E05,3.86000000E+2,3.72338074E+2,6.95373714E-1,
2.39E05,3.61000000E+2,3.66117065E+2,-2.69319236E-1,
2.4E05,3.64000000E+2,3.60065308E+2,2.06233919E-1,
2.41E05,3.56000000E+2,3.54177979E+2,9.65669453E-2,
2.42E05,3.50000000E+2,3.48450409E+2,8.28291252E-2,
2.43E05,3.40000000E+2,3.42877991E+2,-1.56080961E-1,
2.44E05,3.22000000E+2,3.37456268E+2,-8.61344159E-1,
2.45E05,3.59000000E+2,3.32180969E+2,1.41545427E+0,
2.46E05,3.24000000E+2,3.27047913E+2,-1.69328481E-1,
2.47E05,3.16000000E+2,3.22053101E+2,-3.40513527E-1,
2.48E05,3.17000000E+2,3.17192505E+2,-1.08121512E-2,
2.49E05,3.42000000E+2,3.12462341E+2,1.59721363E+0,
2.5E05,3.21000000E+2,3.07858887E+2,7.33465433E-1,
2.51E05,2.94000000E+2,3.03378601E+2,-5.46971142E-1,
2.52E05,2.79000000E+2,2.99018005E+2,-1.19844663E+0,
2.53E05,2.87000000E+2,2.94773621E+2,-4.58862305E-1,
2.54E05,3.12000000E+2,2.90642212E+2,1.20914662E+0,
2.55E05,2.68000000E+2,2.86620605E+2,-1.13743448E+0,
2.56E05,3.04000000E+2,2.82705688E+2,1.22131252E+0,
2.57E05,2.86000000E+2,2.78894409E+2,4.20162380E-1,
2.58E05,2.71000000E+2,2.75183929E+2,-2.54155606E-1,
2.59E05,2.76000000E+2,2.71571350E+2,2.66573399E-1,
2.6E05,2.77000000E+2,2.68053986E+2,5.37513912E-1,
2.61E05,2.67000000E+2,2.64629089E+2,1.45097375E-1,
2.62E05,2.83000000E+2,2.61294128E+2,1.29028010E+0,
2.63E05,2.71000000E+2,2.58046570E+2,7.86864877E-1,
2.64E05,2.72000000E+2,2.54883957E+2,1.03781259E+0,
2.65E05,2.67000000E+2,2.51803940E+2,9.29983795E-1,
2.66E05,2.39000000E+2,2.48804184E+2,-6.34179950E-1,
2.67E05,2.81000000E+2,2.45882492E+2,2.09493494E+0,
2.68E05,2.46000000E+2,2.43036667E+2,1.88935220E-1,
2.69E05,2.02000000E+2,2.40264618E+2,-2.69228911E+0,
2.7E05,2.54000000E+2,2.37564270E+2,1.03126943E+0,
2.71E05,2.47000000E+2,2.34933655E+2,7.67763197E-1,
2.72E05,2.34000000E+2,2.32370865E+2,1.06499895E-1,
2.73E05,2.19000000E+2,2.29873993E+2,-7.34796345E-1,
2.74E05,2.22000000E+2,2.27441223E+2,-3.65190983E-1,
2.75E05,2.42000000E+2,2.25070816E+2,1.08824909E+0,
2.76E05,2.30000000E+2,2.22761032E+2,4.77323383E-1,
2.77E05,2.49000000E+2,2.20510223E+2,1.80546618E+0,
2.78E05,2.38000000E+2,2.18316742E+2,1.27587616E+0,
2.79E05,2.48000000E+2,2.16179047E+2,2.02063251E+0,
2.8E05,2.52000000E+2,2.14095581E+2,2.38775396E+0,
2.81E05,2.10000000E+2,2.12064911E+2,-1.42492399E-1,
2.82E05,2.03000000E+2,2.10085541E+2,-4.97307479E-1,
2.83E05,1.84000000E+2,2.08156113E+2,-1.78081226E+0,
2.84E05,1.98000000E+2,2.06275238E+2,-5.88095546E-1,
2.85E05,2.33000000E+2,2.04441620E+2,1.87092173E+0,
2.86E05,2.07000000E+2,2.02653976E+2,3.02069515E-1,
2.87E05,2.10000000E+2,2.00911057E+2,6.27196670E-1,
2.88E05,1.81000000E+2,1.99211639E+2,-1.35366046E+0,
2.89E05,2.07000000E+2,1.97554581E+2,6.56502008E-1,
2.9E05,2.05000000E+2,1.95938705E+2,6.32868290E-1,
2.91E05,1.75000000E+2,1.94362915E+2,-1.46369874E+0,
2.92E05,1.80000000E+2,1.92826141E+2,-9.56004143E-1,
2.93E05,1.91000000E+2,1.91327332E+2,-2.36848798E-2,
2.94E05,1.74000000E+2,1.89865479E+2,-1.20275879E+0,
2.95E05,2.02000000E+2,1.88439590E+2,9.54107106E-1,
2.96E05,1.95000000E+2,1.87048691E+2,5.69405079E-1,
2.97E05,1.95000000E+2,1.85691864E+2,6.66569471E-1,
2.98E05,1.70000000E+2,1.84368195E+2,-1.10199022E+0,
2.99E05,1.77000000E+2,1.83076813E+2,-4.56761211E-1,
3E05,1.94000000E+2,1.81816833E+2,8.74700367E-1,
3.01E05,1.93000000E+2,1.80587463E+2,8.93473923E-1,
3.02E05,1.73000000E+2,1.79387878E+2,-4.85661387E-1,
3.03E05,1.77000000E+2,1.78217285E+2,-9.14967582E-2,
3.04E05,1.63000000E+2,1.77074921E+2,-1.10243285E+0,
3.05E05,1.55000000E+2,1.75960052E+2,-1.68355191E+0,
3.06E05,1.73000000E+2,1.74871948E+2,-1.42321587E-1,
3.07E05,1.68000000E+2,1.73809921E+2,-4.48245168E-1,
3.08E05,1.74000000E+2,1.72773285E+2,9.29970294E-2,
3.09E05,1.68000000E+2,1.71761368E+2,-2.90195823E-1,
3.1E05,1.59000000E+2,1.70773529E+2,-9.33701575E-1,
3.11E05,1.75000000E+2,1.69809143E+2,3.92391890E-1,
3.12E05,1.79000000E+2,1.68867599E+2,7.57331133E-1,
3.13E05,1.71000000E+2,1.67948318E+2,2.33367920E-1,
3.14E05,1.67000000E+2,1.67050705E+2,-3.92366759E-3,
3.15E05,1.80000000E+2,1.66174210E+2,1.03051364E+0,
3.16E05,1.80000000E+2,1.65318298E+2,1.09430945E+0,
3.17E05,1.68000000E+2,1.64482422E+2,2.71387041E-1,
3.18E05,1.72000000E+2,1.63666077E+2,6.35455668E-1,
3.19E05,1.73000000E+2,1.62868759E+2,7.70263970E-1,
3.2E05,1.59000000E+2,1.62089981E+2,-2.45051429E-1,
3.21E05,1.42000000E+2,1.61329285E+2,-1.62207747E+0,
3.22E05,1.39000000E+2,1.60586182E+2,-1.83091605E+0,
3.23E05,1.69000000E+2,1.59860260E+2,7.03056931E-1,
3.24E05,1.46000000E+2,1.59151062E+2,-1.08838964E+0,
3.25E05,1.48000000E+2,1.58458160E+2,-8.59655499E-1,
3.26E05,1.67000000E+2,1.57781143E+2,7.13376582E-1,
3.27E05,1.59000000E+2,1.57119629E+2,1.49123132E-1,
3.28E05,1.53000000E+2,1.56473206E+2,-2.80792028E-1,
3.29E05,1.62000000E+2,1.55841522E+2,4.83855724E-1,
3.3E05,1.56000000E+2,1.55224167E+2,6.21163622E-2,
3.31E05,1.61000000E+2,1.54620819E+2,5.02749920E-1,
3.32E05,1.23000000E+2,1.54031113E+2,-2.79798126E+0,
3.33E05,1.58000000E+2,1.53454712E+2,3.61603707E-1,
3.34E05,1.81000000E+2,1.52891281E+2,2.08930469E+0,
3.35E05,1.69000000E+2,1.52340515E+2,1.28149879E+0,
3.36E05,1.52000000E+2,1.51802078E+2,1.60535742E-2,
3.37E05,1.43000000E+2,1.51275665E+2,-6.92045867E-1,
3.38E05,1.67000000E+2,1.50761017E+2,1.25661027E+0,
3.39E05,1.51000000E+2,1.50257797E+2,6.03996031E-2,
3.4E05,1.55000000E+2,1.49765747E+2,4.20425296E-1,
3.41E05,1.51000000E+2,1.49284592E+2,1.39597952E-1,
3.42E05,1.39000000E+2,1.48814072E+2,-8.32418680E-1,
3.43E05,1.60000000E+2,1.48353928E+2,9.20702875E-1,
3.44E05,1.70000000E+2,1.47903885E+2,1.69469464E+0,
3.45E05,1.52000000E+2,1.47463715E+2,3.67941320E-1,
3.46E05,1.59000000E+2,1.47033188E+2,9.49029922E-1,
3.47E05,1.60000000E+2,1.46612061E+2,1.05840957E+0,
3.48E05,1.44000000E+2,1.46200104E+2,-1.83341980E-1,
3.49E05,1.25000000E+2,1.45797089E+2,-1.86014819E+0,
3.5E05,1.45000000E+2,1.45402832E+2,-3.34533788E-2,
3.51E05,1.28000000E+2,1.45017090E+2,-1.50411248E+0,
3.52E05,1.54000000E+2,1.44639679E+2,7.54276156E-1,
3.53E05,1.42000000E+2,1.44270386E+2,-1.90526530E-1,
3.54E05,1.30000000E+2,1.43909027E+2,-1.21990240E+0,
3.55E05,1.43000000E+2,1.43555420E+2,-4.64465469E-2,
3.56E05,1.43000000E+2,1.43209366E+2,-1.75080523E-2,
3.57E05,1.33000000E+2,1.42870697E+2,-8.55897963E-1,
3.58E05,1.45000000E+2,1.42539246E+2,2.04354525E-1,
3.59E05,1.39000000E+2,1.42214813E+2,-2.72676915E-1,
3.6E05,1.31000000E+2,1.41897278E+2,-9.52099562E-1,
3.61E05,1.34000000E+2,1.41586441E+2,-6.55368686E-1,
3.62E05,1.54000000E+2,1.41282166E+2,1.02483225E+0,
3.63E05,1.42000000E+2,1.40984299E+2,8.52357596E-2,
3.64E05,1.48000000E+2,1.40692673E+2,6.00658596E-1,
3.65E05,1.24000000E+2,1.40407166E+2,-1.47340691E+0,
3.66E05,1.45000000E+2,1.40127625E+2,4.04628754E-1,
3.67E05,1.55000000E+2,1.39853912E+2,1.21656299E+0,
3.68E05,1.55000000E+2,1.39585907E+2,1.23808968E+0,
3.69E05,1.45000000E+2,1.39323456E+2,4.71411347E-1,
3.7E05,1.48000000E+2,1.39066452E+2,7.34333158E-1,
3.71E05,1.20000000E+2,1.38814743E+2,-1.71754324E+0,
3.72E05,1.39000000E+2,1.38568237E+2,3.66216339E-2,
3.73E05,1.41000000E+2,1.38326813E+2,2.25122973E-1,
3.74E05,1.28000000E+2,1.38090332E+2,-8.91867757E-1,
3.75E05,1.45000000E+2,1.37858719E+2,5.93051136E-1,
3.76E05,1.28000000E+2,1.37631821E+2,-8.51340711E-1,
3.77E05,1.28000000E+2,1.37409561E+2,-8.31695557E-1,
3.78E05,1.32000000E+2,1.37191833E+2,-4.51891094E-1,
3.79E05,1.30000000E+2,1.36978516E+2,-6.12056315E-1,
3.8E05,1.45000000E+2,1.36769531E+2,6.83503211E-1,
3.81E05,1.33000000E+2,1.36564774E+2,-3.09105068E-1,
3.82E05,1.69000000E+2,1.36364151E+2,2.51044989E+0,
3.83E05,1.42000000E+2,1.36167572E+2,4.89446491E-1,
3.84E05,1.66000000E+2,1.35974945E+2,2.33039618E+0,
3.85E05,1.30000000E+2,1.35786179E+2,-5.07481456E-1,
3.86E05,1.24000000E+2,1.35601196E+2,-1.04181814E+0,
3.87E05,1.47000000E+2,1.35419922E+2,9.55108762E-1,
3.88E05,1.23000000E+2,1.35242249E+2,-1.10384631E+0,
3.89E05,1.22000000E+2,1.35068115E+2,-1.18313158E+0,
3.9E05,1.40000000E+2,1.34897430E+2,4.31245834E-1,
3.91E05,1.24000000E+2,1.34730133E+2,-9.63594377E-1,
3.92E05,1.39000000E+2,1.34566162E+2,3.76073211E-1,
3.93E05,1.14000000E+2,1.34405411E+2,-1.91114187E+0,
3.94E05,1.54000000E+2,1.34247833E+2,1.59167492E+0,
3.95E05,1.09000000E+2,1.34093353E+2,-2.40350723E+0,
3.96E05,1.34000000E+2,1.33941895E+2,5.01954788E-3,
3.97E05,1.66000000E+2,1.33793427E+2,2.49971485E+0,
3.98E05,1.28000000E+2,1.33647842E+2,-4.99203444E-1,
3.99E05,1.29000000E+2,1.33505112E+2,-3.96652967E-1,
4E05,1.44000000E+2,1.33365143E+2,8.86238098E-1,
4.01E05,1.30000000E+2,1.33227905E+2,-2.83106029E-1,
4.02E05,1.60000000E+2,1.33093338E+2,2.12715840E+0,
4.03E05,1.32000000E+2,1.32961380E+2,-8.36773887E-2,
4.04E05,1.26000000E+2,1.32831955E+2,-6.08638942E-1,
4.05E05,1.31000000E+2,1.32705048E+2,-1.48970708E-1,
4.06E05,1.24000000E+2,1.32580566E+2,-7.70557582E-1,
4.07E05,1.33000000E+2,1.32458481E+2,4.69556674E-2,
4.08E05,1.33000000E+2,1.32338745E+2,5.73380701E-2,
4.09E05,1.13000000E+2,1.32221313E+2,-1.80818903E+0,
4.1E05,1.32000000E+2,1.32106110E+2,-9.23565682E-3,
4.11E05,1.37000000E+2,1.31993118E+2,4.27766770E-1,
4.12E05,1.46000000E+2,1.31882263E+2,1.16839218E+0,
4.13E05,1.45000000E+2,1.31773529E+2,1.09839857E+0,
4.14E05,1.26000000E+2,1.31666870E+2,-5.04844904E-1,
4.15E05,1.11000000E+2,1.31562210E+2,-1.95167863E+0,
4.16E05,1.62000000E+2,1.31459549E+2,2.39948440E+0,
4.17E05,1.35000000E+2,1.31358826E+2,3.13382387E-1,
4.18E05,1.30000000E+2,1.31259995E+2,-1.10508829E-1,
4.19E05,1.22000000E+2,1.31163025E+2,-8.29581261E-1,
4.2E05,1.17000000E+2,1.31067886E+2,-1.30057657E+0,
4.21E05,1.24000000E+2,1.30974533E+2,-6.26331568E-1,
4.22E05,1.25000000E+2,1.30882919E+2,-5.26184320E-1,
4.23E05,1.25000000E+2,1.30793030E+2,-5.18144369E-1,
4.24E05,1.28000000E+2,1.30704819E+2,-2.39074454E-1,
4.25E05,1.14000000E+2,1.30618240E+2,-1.55644083E+0,
4.26E05,1.33000000E+2,1.30533295E+2,2.13890478E-1,
4.27E05,1.12000000E+2,1.30449921E+2,-1.74335372E+0,
4.28E05,1.23000000E+2,1.30368088E+2,-6.64358079E-1,
4.29E05,1.18000000E+2,1.30287781E+2,-1.13118196E+0,
4.3E05,1.42000000E+2,1.30208954E+2,9.89482582E-1,
4.31E05,1.29000000E+2,1.30131577E+2,-9.96297598E-2,
4.32E05,1.24000000E+2,1.30055649E+2,-5.43813288E-1,
4.33E05,1.23000000E+2,1.29981094E+2,-6.29464090E-1,
4.34E05,1.26000000E+2,1.29907928E+2,-3.48145962E-1,
4.35E05,1.43000000E+2,1.29836105E+2,1.10082018E+0,
4.36E05,1.23000000E+2,1.29765594E+2,-6.10033095E-1,
4.37E05,1.23000000E+2,1.29696381E+2,-6.03792310E-1,
4.38E05,1.42000000E+2,1.29628433E+2,1.03819883E+0,
4.39E05,1.32000000E+2,1.29561722E+2,2.12224886E-1,
4.4E05,1.20000000E+2,1.29496231E+2,-8.66883337E-1,
4.41E05,1.26000000E+2,1.29431946E+2,-3.05742055E-1,
4.42E05,1.20000000E+2,1.29368820E+2,-8.55252385E-1,
4.43E05,1.34000000E+2,1.29306839E+2,4.05427366E-1,
4.44E05,1.27000000E+2,1.29245972E+2,-1.99297756E-1,
4.45E05,1.42000000E+2,1.29186234E+2,1.07530737E+0,
4.46E05,1.15000000E+2,1.29127563E+2,-1.31740201E+0,
4.47E05,1.26000000E+2,1.29069946E+2,-2.73492575E-1,
4.48E05,1.21000000E+2,1.29013382E+2,-7.28489280E-1,
4.49E05,1.49000000E+2,1.28957825E+2,1.64191902E+0,
4.5E05,1.18000000E+2,1.28903275E+2,-1.00372779E+0,
4.51E05,1.30000000E+2,1.28849716E+2,1.00886561E-1,
4.52E05,1.20000000E+2,1.28797104E+2,-8.03062081E-1,
4.53E05,1.30000000E+2,1.28745438E+2,1.10032402E-1,
4.54E05,1.42000000E+2,1.28694702E+2,1.11655581E+0,
4.55E05,1.34000000E+2,1.28644882E+2,4.62611705E-1,
4.56E05,1.56000000E+2,1.28595947E+2,2.19408011E+0,
4.57E05,1.32000000E+2,1.28547882E+2,3.00468296E-1,
4.58E05,1.16000000E+2,1.28500671E+2,-1.16065824E+0,
4.59E05,1.21000000E+2,1.28454315E+2,-6.77664995E-1,
4.6E05,1.11000000E+2,1.28408768E+2,-1.65236712E+0,
4.61E05,1.29000000E+2,1.28364044E+2,5.59927858E-2,
4.62E05,1.25000000E+2,1.28320099E+2,-2.96958685E-1,
4.63E05,1.25000000E+2,1.28276947E+2,-2.93099046E-1,
4.64E05,1.18000000E+2,1.28234558E+2,-9.42167461E-1,
4.65E05,1.22000000E+2,1.28192917E+2,-5.60680330E-1,
4.66E05,1.63000000E+2,1.28152008E+2,2.72950530E+0,
4.67E05,1.42000000E+2,1.28111832E+2,1.16546917E+0,
4.68E05,1.15000000E+2,1.28072357E+2,-1.21900356E+0,
4.69E05,1.45000000E+2,1.28033585E+2,1.40898407E+0,
4.7E05,1.35000000E+2,1.27995483E+2,6.02852821E-1,
4.71E05,1.28000000E+2,1.27958061E+2,3.70689970E-3,
4.72E05,1.28000000E+2,1.27921295E+2,6.95659034E-3,
4.73E05,1.37000000E+2,1.27885178E+2,7.78731823E-1,
4.74E05,1.35000000E+2,1.27849686E+2,6.15401089E-1,
4.75E05,1.21000000E+2,1.27814819E+2,-6.19529009E-1,
4.76E05,1.30000000E+2,1.27780571E+2,1.94656804E-1,
4.77E05,1.30000000E+2,1.27746910E+2,1.97609052E-1,
4.78E05,1.28000000E+2,1.27713844E+2,2.52928287E-2,
4.79E05,1.24000000E+2,1.27681358E+2,-3.30595732E-1,
4.8E05,1.00000000E+2,1.27649429E+2,-2.76494288E+0,
4.81E05,1.33000000E+2,1.27618065E+2,4.66672957E-1,
4.82E05,1.28000000E+2,1.27587242E+2,3.64829861E-2,
4.83E05,1.21000000E+2,1.27556961E+2,-5.96087337E-1,
4.84E05,1.13000000E+2,1.27527199E+2,-1.36660385E+0,
4.85E05,1.31000000E+2,1.27497963E+2,3.05974394E-1,
4.86E05,1.19000000E+2,1.27469231E+2,-7.76373148E-1,
4.87E05,1.25000000E+2,1.27440994E+2,-2.18329176E-1,
4.88E05,1.26000000E+2,1.27413246E+2,-1.25901982E-1,
4.89E05,1.29000000E+2,1.27385979E+2,1.42106652E-1,
4.9E05,1.45000000E+2,1.27359184E+2,1.46499002E+0,
4.91E05,1.20000000E+2,1.27332855E+2,-6.69395030E-1,
4.92E05,1.28000000E+2,1.27306976E+2,6.12552166E-2,
4.93E05,1.45000000E+2,1.27281548E+2,1.47143734E+0,
4.94E05,1.23000000E+2,1.27256554E+2,-3.83800507E-1,
4.95E05,1.22000000E+2,1.27231995E+2,-4.73682523E-1,
4.96E05,1.11000000E+2,1.27207855E+2,-1.53838158E+0,
4.97E05,1.14000000E+2,1.27184135E+2,-1.23480737E+0,
4.98E05,1.35000000E+2,1.27160820E+2,6.74689174E-1,
4.99E05,1.02000000E+2,1.27137909E+2,-2.48902392E+0,
5E05,1.48000000E+2,1.27115387E+2,1.71670461E+0,
5.01E05,1.19000000E+2,1.27093254E+2,-7.41907418E-1,
5.02E05,1.22000000E+2,1.27071495E+2,-4.59151566E-1,
5.03E05,1.41000000E+2,1.27050117E+2,1.17479205E+0,
5.04E05,1.30000000E+2,1.27029099E+2,2.60565311E-1,
5.05E05,1.33000000E+2,1.27008446E+2,5.19533634E-1,
5.06E05,1.25000000E+2,1.26988144E+2,-1.77825004E-1,
5.07E05,1.33000000E+2,1.26968185E+2,5.23024678E-1,
5.08E05,1.29000000E+2,1.26948570E+2,1.80618316E-1,
5.09E05,1.45000000E+2,1.26929291E+2,1.50069070E+0,
5.1E05,1.38000000E+2,1.26910339E+2,9.44014609E-1,
5.11E05,1.22000000E+2,1.26891708E+2,-4.42874461E-1,
5.12E05,1.40000000E+2,1.26873398E+2,1.10940039E+0,
5.13E05,1.35000000E+2,1.26855400E+2,7.00975537E-1,
5.14E05,1.18000000E+2,1.26837708E+2,-8.13576937E-1,
5.15E05,1.26000000E+2,1.26820313E+2,-7.30792508E-2,
5.16E05,1.20000000E+2,1.26803215E+2,-6.21045768E-1,
5.17E05,1.32000000E+2,1.26786407E+2,4.53785002E-1,
5.18E05,1.17000000E+2,1.26769890E+2,-9.03226674E-1,
5.19E05,1.34000000E+2,1.26753647E+2,6.25989556E-1,
5.2E05,1.31000000E+2,1.26737679E+2,3.72400761E-1,
5.21E05,1.19000000E+2,1.26721985E+2,-7.07873225E-1,
5.22E05,1.46000000E+2,1.26706558E+2,1.59673655E+0,
5.23E05,1.10000000E+2,1.26691391E+2,-1.59146166E+0,
5.24E05,1.58000000E+2,1.26676476E+2,2.49196577E+0,
5.25E05,1.27000000E+2,1.26661819E+2,3.00086699E-2,
5.26E05,1.36000000E+2,1.26647408E+2,8.01978171E-1,
5.27E05,1.18000000E+2,1.26633240E+2,-7.94754148E-1,
5.28E05,1.18000000E+2,1.26619308E+2,-7.93471634E-1,
5.29E05,1.47000000E+2,1.26605621E+2,1.68209994E+0,
5.3E05,1.37000000E+2,1.26592155E+2,8.89202178E-1,
5.31E05,1.33000000E+2,1.26578918E+2,5.56778371E-1,
5.32E05,1.44000000E+2,1.26565910E+2,1.45284081E+0,
5.33E05,1.14000000E+2,1.26553116E+2,-1.17570698E+0,
5.34E05,1.13000000E+2,1.26540535E+2,-1.27378643E+0,
5.35E05,1.22000000E+2,1.26528175E+2,-4.09961730E-1,
5.36E05,1.24000000E+2,1.26516014E+2,-2.25944728E-1,
5.37E05,1.21000000E+2,1.26504059E+2,-5.00368953E-1,
5.38E05,1.20000000E+2,1.26492310E+2,-5.92664063E-1,
5.39E05,1.06000000E+2,1.26480751E+2,-1.98926640E+0,
5.4E05,1.17000000E+2,1.26469391E+2,-8.75445545E-1,
5.41E05,1.31000000E+2,1.26458221E+2,3.96817029E-1,
5.42E05,1.00000000E+2,1.26447235E+2,-2.64472342E+0,
5.43E05,1.21000000E+2,1.26436440E+2,-4.94221777E-1,
5.44E05,1.47000000E+2,1.26425819E+2,1.69692981E+0,
5.45E05,1.31000000E+2,1.26415382E+2,4.00559902E-1,
5.46E05,1.21000000E+2,1.26405121E+2,-4.91374612E-1,
5.47E05,1.28000000E+2,1.26395027E+2,1.41860902E-1,
5.48E05,1.14000000E+2,1.26385101E+2,-1.15997100E+0,
5.49E05,1.45000000E+2,1.26375343E+2,1.54669356E+0,
5.5E05,1.35000000E+2,1.26365753E+2,7.43117630E-1,
5.51E05,1.41000000E+2,1.26356316E+2,1.23322070E+0,
5.52E05,1.21000000E+2,1.26347038E+2,-4.86094385E-1,
5.53E05,1.30000000E+2,1.26337921E+2,3.21185559E-1,
5.54E05,1.21000000E+2,1.26328949E+2,-4.84449893E-1,
5.55E05,1.10000000E+2,1.26320129E+2,-1.55606329E+0,
5.56E05,1.19000000E+2,1.26311462E+2,-6.70240700E-1,
5.57E05,1.34000000E+2,1.26302933E+2,6.64925337E-1,
5.58E05,1.25000000E+2,1.26294548E+2,-1.15787901E-1,
5.59E05,1.50000000E+2,1.26286301E+2,1.93621552E+0,
5.6E05,1.18000000E+2,1.26278198E+2,-7.62069941E-1,
5.61E05,1.23000000E+2,1.26270226E+2,-2.94866294E-1,
5.62E05,1.24000000E+2,1.26262383E+2,-2.03167945E-1,
5.63E05,1.35000000E+2,1.26254677E+2,7.52677560E-1,
5.64E05,1.43000000E+2,1.26247093E+2,1.40094841E+0,
5.65E05,1.20000000E+2,1.26239639E+2,-5.69598556E-1,
5.66E05,1.28000000E+2,1.26232307E+2,1.56243429E-1,
5.67E05,1.27000000E+2,1.26225098E+2,6.87614605E-2,
5.68E05,1.10000000E+2,1.26218010E+2,-1.54632652E+0,
5.69E05,1.38000000E+2,1.26211044E+2,1.00354254E+0,
5.7E05,1.20000000E+2,1.26204185E+2,-5.66362083E-1,
5.71E05,1.31000000E+2,1.26197449E+2,4.19600844E-1,
5.72E05,1.19000000E+2,1.26190819E+2,-6.59181297E-1,
5.73E05,1.29000000E+2,1.26184296E+2,2.47908950E-1,
5.74E05,1.36000000E+2,1.26177887E+2,8.42239261E-1,
5.75E05,1.31000000E+2,1.26171585E+2,4.21860576E-1,
5.76E05,1.25000000E+2,1.26165382E+2,-1.04234971E-1,
5.77E05,1.29000000E+2,1.26159286E+2,2.50110865E-1,
5.78E05,1.20000000E+2,1.26153290E+2,-5.61715961E-1,
5.79E05,1.18000000E+2,1.26147392E+2,-7.50028253E-1,
5.8E05,1.29000000E+2,1.26141594E+2,2.51668632E-1,
5.81E05,1.53000000E+2,1.26135895E+2,2.17183423E+0,
5.82E05,1.21000000E+2,1.26130287E+2,-4.66389745E-1,
5.83E05,1.27000000E+2,1.26124771E+2,7.76640028E-2,
5.84E05,1.29000000E+2,1.26119347E+2,2.53627390E-1,
5.85E05,1.26000000E+2,1.26114014E+2,-1.01571456E-2,
5.86E05,1.24000000E+2,1.26108772E+2,-1.89373344E-1,
5.87E05,1.07000000E+2,1.26103615E+2,-1.84681606E+0,
5.88E05,1.15000000E+2,1.26098541E+2,-1.03494430E+0,
5.89E05,1.20000000E+2,1.26093552E+2,-5.56262612E-1,
5.9E05,1.34000000E+2,1.26088646E+2,6.83436871E-1,
5.91E05,1.22000000E+2,1.26083817E+2,-3.69731367E-1,
5.92E05,1.20000000E+2,1.26079071E+2,-5.54940760E-1,
5.93E05,1.21000000E+2,1.26074402E+2,-4.61309254E-1,
5.94E05,1.21000000E+2,1.26069817E+2,-4.60892409E-1,
5.95E05,1.26000000E+2,1.26065300E+2,-5.81738539E-3,
5.96E05,1.29000000E+2,1.26060860E+2,2.58776873E-1,
5.97E05,1.43000000E+2,1.26056496E+2,1.41688704E+0,
5.98E05,1.25000000E+2,1.26052200E+2,-9.41116586E-2,
5.99E05,1.19000000E+2,1.26047974E+2,-6.46086693E-1,
6E05,1.25000000E+2,1.26043823E+2,-9.33623910E-2,
6.01E05,1.14000000E+2,1.26039742E+2,-1.12762511E+0,
6.02E05,1.16000000E+2,1.26035721E+2,-9.31793272E-1,
6.03E05,1.04000000E+2,1.26031769E+2,-2.16039276E+0,
6.04E05,1.35000000E+2,1.26027885E+2,7.72196651E-1,
6.05E05,1.57000000E+2,1.26024063E+2,2.47214890E+0,
6.06E05,1.37000000E+2,1.26020302E+2,9.38058913E-1,
6.07E05,1.28000000E+2,1.26016609E+2,1.75308630E-1,
6.08E05,1.22000000E+2,1.26012970E+2,-3.63317221E-1,
6.09E05,1.29000000E+2,1.26009392E+2,2.63308376E-1,
6.1E05,9.50000000E+1,1.26005875E+2,-3.18113565E+0,
6.11E05,1.26000000E+2,1.26002419E+2,-2.15458727E-4,
6.12E05,1.53000000E+2,1.25999016E+2,2.18290019E+0,
6.13E05,1.29000000E+2,1.25995667E+2,2.64516801E-1,
6.14E05,1.31000000E+2,1.25992378E+2,4.37517941E-1,
6.15E05,1.27000000E+2,1.25989143E+2,8.96990225E-2,
6.16E05,1.23000000E+2,1.25985962E+2,-2.69235104E-1,
6.17E05,1.16000000E+2,1.25982826E+2,-9.26882148E-1,
6.18E05,1.34000000E+2,1.25979752E+2,6.92843914E-1,
6.19E05,1.33000000E+2,1.25976723E+2,6.08995378E-1,
6.2E05,1.24000000E+2,1.25973740E+2,-1.77247047E-1,
6.21E05,1.41000000E+2,1.25970810E+2,1.26568615E+0,
6.22E05,1.29000000E+2,1.25967926E+2,2.66959220E-1,
6.23E05,1.40000000E+2,1.25965096E+2,1.18616593E+0,
6.24E05,1.20000000E+2,1.25962303E+2,-5.44281363E-1,
6.25E05,1.17000000E+2,1.25959564E+2,-8.28312039E-1,
6.26E05,1.25000000E+2,1.25956871E+2,-8.55851471E-2,
6.27E05,1.37000000E+2,1.25954216E+2,9.43705022E-1,
6.28E05,1.07000000E+2,1.25951607E+2,-1.83212090E+0,
6.29E05,1.37000000E+2,1.25949043E+2,9.44146931E-1,
6.3E05,1.15000000E+2,1.25946518E+2,-1.02076805E+0,
6.31E05,1.19000000E+2,1.25944038E+2,-6.36558950E-1,
6.32E05,1.53000000E+2,1.25941597E+2,2.18754220E+0,
6.33E05,1.17000000E+2,1.25939194E+2,-8.26428771E-1,
6.34E05,1.02000000E+2,1.25936829E+2,-2.37009931E+0,
6.35E05,1.19000000E+2,1.25934509E+2,-6.35685444E-1,
6.36E05,1.40000000E+2,1.25932220E+2,1.18894434E+0,
6.37E05,1.28000000E+2,1.25929977E+2,1.82965875E-1,
6.38E05,1.35000000E+2,1.25927765E+2,7.80813694E-1,
6.39E05,1.35000000E+2,1.25925591E+2,7.81000793E-1,
6.4E05,1.41000000E+2,1.25923454E+2,1.26967418E+0,
6.41E05,1.19000000E+2,1.25921349E+2,-6.34478986E-1,
6.42E05,1.43000000E+2,1.25919281E+2,1.42836142E+0,
6.43E05,1.27000000E+2,1.25917244E+2,9.60790589E-2,
6.44E05,1.24000000E+2,1.25915245E+2,-1.71994075E-1,
6.45E05,1.35000000E+2,1.25913277E+2,7.82060623E-1,
6.46E05,1.17000000E+2,1.25911339E+2,-8.23853612E-1,
6.47E05,1.24000000E+2,1.25909431E+2,-1.71471998E-1,
6.48E05,1.26000000E+2,1.25907562E+2,8.23500939E-3,
6.49E05,9.40000000E+1,1.25905716E+2,-3.29082322E+0,
6.5E05,1.25000000E+2,1.25903908E+2,-8.08479711E-2,
6.51E05,1.24000000E+2,1.25902122E+2,-1.70815647E-1,
6.52E05,1.21000000E+2,1.25900368E+2,-4.45487976E-1,
6.53E05,1.30000000E+2,1.25898643E+2,3.59712750E-1,
6.54E05,1.40000000E+2,1.25896950E+2,1.19192529E+0,
6.55E05,1.20000000E+2,1.25895279E+2,-5.38162887E-1,
6.56E05,1.20000000E+2,1.25893639E+2,-5.38013160E-1,
6.57E05,1.24000000E+2,1.25892021E+2,-1.69908509E-1,
6.58E05,1.20000000E+2,1.25890434E+2,-5.37720621E-1,
6.59E05,1.53000000E+2,1.25888878E+2,2.19180441E+0,
6.6E05,1.21000000E+2,1.25887337E+2,-4.44303334E-1,
6.61E05,1.46000000E+2,1.25885826E+2,1.66466081E+0,
6.62E05,1.29000000E+2,1.25884338E+2,2.74318695E-1,
6.63E05,1.32000000E+2,1.25882881E+2,5.32426834E-1,
6.64E05,1.06000000E+2,1.25881439E+2,-1.93105614E+0,
6.65E05,1.24000000E+2,1.25880028E+2,-1.68831483E-1,
6.66E05,1.22000000E+2,1.25878639E+2,-3.51155490E-1,
6.67E05,1.03000000E+2,1.25877266E+2,-2.25416398E+0,
6.68E05,1.26000000E+2,1.25875923E+2,1.10536441E-2,
6.69E05,1.32000000E+2,1.25874596E+2,5.33148050E-1,
6.7E05,1.20000000E+2,1.25873299E+2,-5.36156356E-1,
6.71E05,1.20000000E+2,1.25872017E+2,-5.36039352E-1,
6.72E05,1.26000000E+2,1.25870758E+2,1.15137873E-2,
6.73E05,1.13000000E+2,1.25869514E+2,-1.21066213E+0,
6.74E05,1.22000000E+2,1.25868294E+2,-3.50218862E-1,
6.75E05,1.23000000E+2,1.25867096E+2,-2.58517325E-1,
6.76E05,1.22000000E+2,1.25865921E+2,-3.50004047E-1,
6.77E05,1.17000000E+2,1.25864761E+2,-8.19547474E-1,
6.78E05,1.30000000E+2,1.25863617E+2,3.62784803E-1,
6.79E05,1.36000000E+2,1.25862495E+2,8.69283855E-1,
6.8E05,1.23000000E+2,1.25861389E+2,-2.58002758E-1,
6.81E05,1.08000000E+2,1.25860306E+2,-1.71860874E+0,
6.82E05,1.21000000E+2,1.25859238E+2,-4.41748857E-1,
6.83E05,1.19000000E+2,1.25858185E+2,-6.28688812E-1,
6.84E05,1.31000000E+2,1.25857155E+2,4.49332476E-1,
6.85E05,1.19000000E+2,1.25856133E+2,-6.28500640E-1,
6.86E05,1.50000000E+2,1.25855133E+2,1.97142017E+0,
6.87E05,1.28000000E+2,1.25854149E+2,1.89668238E-1,
6.88E05,1.21000000E+2,1.25853188E+2,-4.41198856E-1,
6.89E05,1.09000000E+2,1.25852234E+2,-1.61415124E+0,
6.9E05,1.40000000E+2,1.25851295E+2,1.19578373E+0,
6.91E05,1.31000000E+2,1.25850372E+2,4.49925065E-1,
6.92E05,1.39000000E+2,1.25849472E+2,1.11541319E+0,
6.93E05,1.34000000E+2,1.25848579E+2,7.04175472E-1,
6.94E05,1.48000000E+2,1.25847702E+2,1.82090771E+0,
6.95E05,1.16000000E+2,1.25846840E+2,-9.14256155E-1,
6.96E05,1.28000000E+2,1.25845993E+2,1.90389112E-1,
6.97E05,1.19000000E+2,1.25845161E+2,-6.27494931E-1,
6.98E05,1.31000000E+2,1.25844337E+2,4.50452328E-1,
6.99E05,1.21000000E+2,1.25843529E+2,-4.40320790E-1,
7E05,1.08000000E+2,1.25842735E+2,-1.71691799E+0,
7.01E05,1.17000000E+2,1.25841957E+2,-8.17439258E-1,
7.02E05,1.27000000E+2,1.25841187E+2,1.02828071E-1,
7.03E05,1.26000000E+2,1.25840431E+2,1.42155178E-2,
7.04E05,1.38000000E+2,1.25839691E+2,1.03515422E+0,
7.05E05,1.10000000E+2,1.25838959E+2,-1.51018548E+0,
7.06E05,1.29000000E+2,1.25838242E+2,2.78377295E-1,
7.07E05,1.37000000E+2,1.25837532E+2,9.53674018E-1,
7.08E05,1.20000000E+2,1.25836838E+2,-5.32827973E-1,
7.09E05,1.43000000E+2,1.25836151E+2,1.43531311E+0,
7.1E05,1.34000000E+2,1.25835480E+2,7.05307126E-1,
7.11E05,1.21000000E+2,1.25834816E+2,-4.39528704E-1,
7.12E05,1.19000000E+2,1.25834167E+2,-6.26487136E-1,
7.13E05,1.23000000E+2,1.25833527E+2,-2.55490482E-1,
7.14E05,1.38000000E+2,1.25832893E+2,1.03573287E+0,
7.15E05,1.29000000E+2,1.25832275E+2,2.78902590E-1,
7.16E05,1.18000000E+2,1.25831665E+2,-7.20963180E-1,
7.17E05,1.27000000E+2,1.25831062E+2,1.03726447E-1,
7.18E05,1.31000000E+2,1.25830475E+2,4.51663524E-1,
7.19E05,1.27000000E+2,1.25829895E+2,1.03830025E-1,
7.2E05,1.43000000E+2,1.25829323E+2,1.43588412E+0,
7.21E05,1.13000000E+2,1.25828758E+2,-1.20682800E+0,
7.22E05,1.47000000E+2,1.25828209E+2,1.74621987E+0,
7.23E05,1.30000000E+2,1.25827667E+2,3.65937799E-1,
7.24E05,1.15000000E+2,1.25827133E+2,-1.00963533E+0,
7.25E05,1.24000000E+2,1.25826607E+2,-1.64034128E-1,
7.26E05,1.41000000E+2,1.25826088E+2,1.27787387E+0,
7.27E05,1.34000000E+2,1.25825577E+2,7.06162632E-1,
7.28E05,1.25000000E+2,1.25825081E+2,-7.37974793E-2,
7.29E05,1.48000000E+2,1.25824585E+2,1.82280791E+0,
7.3E05,1.35000000E+2,1.25824104E+2,7.89735377E-1,
7.31E05,1.13000000E+2,1.25823624E+2,-1.20634508E+0,
7.32E05,1.44000000E+2,1.25823158E+2,1.51473677E+0,
7.33E05,1.12000000E+2,1.25822701E+2,-1.30612242E+0,
7.34E05,1.18000000E+2,1.25822243E+2,-7.20095813E-1,
7.35E05,1.36000000E+2,1.25821800E+2,8.72773409E-1,
7.36E05,1.15000000E+2,1.25821358E+2,-1.00909674E+0,
7.37E05,1.36000000E+2,1.25820930E+2,8.72848034E-1,
7.38E05,1.37000000E+2,1.25820503E+2,9.55128849E-1,
7.39E05,1.22000000E+2,1.25820084E+2,-3.45854104E-1,
7.4E05,1.20000000E+2,1.25819679E+2,-5.31261623E-1,
7.41E05,1.36000000E+2,1.25819275E+2,8.72989953E-1,
7.42E05,1.21000000E+2,1.25818871E+2,-4.38079119E-1,
7.43E05,1.46000000E+2,1.25818481E+2,1.67023432E+0,
7.44E05,1.14000000E+2,1.25818100E+2,-1.10686648E+0,
7.45E05,1.33000000E+2,1.25817719E+2,6.22782767E-1,
7.46E05,1.23000000E+2,1.25817352E+2,-2.54032105E-1,
7.47E05,1.26000000E+2,1.25816986E+2,1.63041763E-2,
7.48E05,1.37000000E+2,1.25816620E+2,9.55460668E-1,
7.49E05,1.12000000E+2,1.25816269E+2,-1.30551469E+0,
7.5E05,1.35000000E+2,1.25815918E+2,7.90439904E-1,
7.51E05,1.09000000E+2,1.25815575E+2,-1.61063993E+0,
7.52E05,1.42000000E+2,1.25815239E+2,1.35819495E+0,
7.53E05,1.19000000E+2,1.25814911E+2,-6.24721885E-1,
7.54E05,1.36000000E+2,1.25814583E+2,8.73392344E-1,
7.55E05,1.32000000E+2,1.25814262E+2,5.38399339E-1,
7.56E05,1.43000000E+2,1.25813950E+2,1.43716967E+0,
7.57E05,1.33000000E+2,1.25813637E+2,6.23136699E-1,
7.58E05,1.18000000E+2,1.25813332E+2,-7.19275475E-1,
7.59E05,1.26000000E+2,1.25813034E+2,1.66562498E-2,
7.6E05,1.39000000E+2,1.25812737E+2,1.11852908E+0,
7.61E05,1.41000000E+2,1.25812447E+2,1.27902269E+0,
7.62E05,1.34000000E+2,1.25812157E+2,7.07321942E-1,
7.63E05,1.61000000E+2,1.25811874E+2,2.77321291E+0,
7.64E05,1.12000000E+2,1.25811600E+2,-1.30507350E+0,
7.65E05,1.31000000E+2,1.25811325E+2,4.53336626E-1,
7.66E05,1.20000000E+2,1.25811058E+2,-5.30474603E-1,
7.67E05,1.27000000E+2,1.25810799E+2,1.05524555E-1,
7.68E05,1.34000000E+2,1.25810539E+2,7.07461655E-1,
7.69E05,1.09000000E+2,1.25810280E+2,-1.61013281E+0,
7.7E05,1.33000000E+2,1.25810036E+2,6.23448968E-1,
7.71E05,1.21000000E+2,1.25809784E+2,-4.37253088E-1,
7.72E05,1.40000000E+2,1.25809547E+2,1.19931209E+0,
7.73E05,1.15000000E+2,1.25809303E+2,-1.00797272E+0,
7.74E05,1.22000000E+2,1.25809074E+2,-3.44857395E-1,
7.75E05,1.38000000E+2,1.25808838E+2,1.03778064E+0,
7.76E05,1.25000000E+2,1.25808617E+2,-7.23248720E-2,
7.77E05,1.23000000E+2,1.25808388E+2,-2.53223777E-1,
7.78E05,1.24000000E+2,1.25808167E+2,-1.62378147E-1,
7.79E05,1.05000000E+2,1.25807953E+2,-2.03064823E+0,
7.8E05,1.16000000E+2,1.25807739E+2,-9.10625756E-1,
7.81E05,1.51000000E+2,1.25807533E+2,2.05013394E+0,
7.82E05,1.26000000E+2,1.25807327E+2,1.71646513E-2,
7.83E05,1.39000000E+2,1.25807121E+2,1.11900532E+0,
7.84E05,1.28000000E+2,1.25806923E+2,1.93842456E-1,
7.85E05,1.40000000E+2,1.25806732E+2,1.19955003E+0,
7.86E05,1.23000000E+2,1.25806534E+2,-2.53056616E-1,
7.87E05,1.09000000E+2,1.25806351E+2,-1.60975647E+0,
7.88E05,1.25000000E+2,1.25806160E+2,-7.21051395E-2,
7.89E05,1.07000000E+2,1.25805977E+2,-1.81804240E+0,
7.9E05,1.19000000E+2,1.25805794E+2,-6.23886108E-1,
7.91E05,1.13000000E+2,1.25805618E+2,-1.20465124E+0,
7.92E05,1.23000000E+2,1.25805443E+2,-2.52958268E-1,
7.93E05,1.15000000E+2,1.25805275E+2,-1.00759709E+0,
7.94E05,1.37000000E+2,1.25805107E+2,9.56444263E-1,
7.95E05,1.02000000E+2,1.25804939E+2,-2.35704017E+0,
7.96E05,1.36000000E+2,1.25804771E+2,8.74233663E-1,
7.97E05,1.21000000E+2,1.25804611E+2,-4.36782837E-1,
7.98E05,1.19000000E+2,1.25804459E+2,-6.23763740E-1,
7.99E05,1.18000000E+2,1.25804298E+2,-7.18443930E-1,
8E05,1.48000000E+2,1.25804146E+2,1.82448804E+0,
8.01E05,1.24000000E+2,1.25804001E+2,-1.62004054E-1,
8.02E05,1.31000000E+2,1.25803848E+2,4.53989893E-1,
8.03E05,1.19000000E+2,1.25803703E+2,-6.23694479E-1,
8.04E05,1.26000000E+2,1.25803558E+2,1.75004136E-2,
8.05E05,1.22000000E+2,1.25803421E+2,-3.44345540E-1,
8.06E05,1.02000000E+2,1.25803284E+2,-2.35687637E+0,
8.07E05,1.31000000E+2,1.25803146E+2,4.54051197E-1,
8.08E05,1.30000000E+2,1.25803009E+2,3.68100464E-1,
8.09E05,1.15000000E+2,1.25802879E+2,-1.00737369E+0,
8.1E05,1.17000000E+2,1.25802750E+2,-8.13814521E-1,
8.11E05,1.33000000E+2,1.25802620E+2,6.24091983E-1,
8.12E05,1.33000000E+2,1.25802498E+2,6.24102592E-1,
8.13E05,1.24000000E+2,1.25802368E+2,-1.61857441E-1,
8.14E05,1.26000000E+2,1.25802254E+2,1.76166389E-2,
8.15E05,1.51000000E+2,1.25802132E+2,2.05057335E+0,
8.16E05,1.22000000E+2,1.25802010E+2,-3.44217777E-1,
8.17E05,1.42000000E+2,1.25801895E+2,1.35931480E+0,
8.18E05,1.27000000E+2,1.25801781E+2,1.06324770E-1,
8.19E05,1.52000000E+2,1.25801674E+2,2.12496495E+0,
8.2E05,1.37000000E+2,1.25801559E+2,9.56747353E-1,
8.21E05,1.19000000E+2,1.25801453E+2,-6.23488128E-1,
8.22E05,1.40000000E+2,1.25801346E+2,1.20000529E+0,
8.23E05,1.11000000E+2,1.25801239E+2,-1.40487146E+0,
8.24E05,1.18000000E+2,1.25801140E+2,-7.18153119E-1,
8.25E05,1.12000000E+2,1.25801041E+2,-1.30407584E+0,
8.26E05,1.28000000E+2,1.25800941E+2,1.94371149E-1,
8.27E05,1.32000000E+2,1.25800842E+2,5.39567411E-1,
8.28E05,1.25000000E+2,1.25800743E+2,-7.16206431E-2,
8.29E05,1.18000000E+2,1.25800652E+2,-7.18108177E-1,
8.3E05,1.31000000E+2,1.25800552E+2,4.54277843E-1,
8.31E05,1.18000000E+2,1.25800461E+2,-7.18090653E-1,
8.32E05,1.33000000E+2,1.25800369E+2,6.24287188E-1,
8.33E05,1.28000000E+2,1.25800285E+2,1.94429144E-1,
8.34E05,1.25000000E+2,1.25800194E+2,-7.15715066E-2,
8.35E05,1.24000000E+2,1.25800110E+2,-1.61654636E-1,
8.36E05,1.38000000E+2,1.25800026E+2,1.03853083E+0,
8.37E05,1.38000000E+2,1.25799942E+2,1.03853786E+0,
8.38E05,1.34000000E+2,1.25799858E+2,7.08384335E-1,
8.39E05,1.15000000E+2,1.25799782E+2,-1.00708485E+0,
8.4E05,1.52000000E+2,1.25799698E+2,2.12512517E+0,
8.41E05,1.04000000E+2,1.25799622E+2,-2.13762879E+0,
8.42E05,1.20000000E+2,1.25799545E+2,-5.29423654E-1,
8.43E05,1.35000000E+2,1.25799469E+2,7.91855633E-1,
8.44E05,1.15000000E+2,1.25799400E+2,-1.00704920E+0,
8.45E05,1.42000000E+2,1.25799324E+2,1.35953057E+0,
8.46E05,1.19000000E+2,1.25799255E+2,-6.23286724E-1,
8.47E05,1.25000000E+2,1.25799179E+2,-7.14807510E-2,
8.48E05,1.22000000E+2,1.25799110E+2,-3.43955278E-1,
8.49E05,1.12000000E+2,1.25799042E+2,-1.30388689E+0,
8.5E05,1.18000000E+2,1.25798973E+2,-7.17953682E-1,
8.51E05,1.09000000E+2,1.25798912E+2,-1.60904396E+0,
8.52E05,1.40000000E+2,1.25798843E+2,1.20021677E+0,
8.53E05,1.37000000E+2,1.25798782E+2,9.56984580E-1,
8.54E05,1.32000000E+2,1.25798721E+2,5.39752066E-1,
8.55E05,1.25000000E+2,1.25798653E+2,-7.14336634E-2,
8.56E05,1.20000000E+2,1.25798592E+2,-5.29336572E-1,
8.57E05,1.43000000E+2,1.25798538E+2,1.43845844E+0,
8.58E05,1.41000000E+2,1.25798477E+2,1.28019917E+0,
8.59E05,1.44000000E+2,1.25798416E+2,1.51679862E+0,
8.6E05,1.24000000E+2,1.25798363E+2,-1.61497742E-1,
8.61E05,1.38000000E+2,1.25798302E+2,1.03867757E+0,
8.62E05,1.24000000E+2,1.25798248E+2,-1.61487460E-1,
8.63E05,1.09000000E+2,1.25798195E+2,-1.60897517E+0,
8.64E05,1.45000000E+2,1.25798141E+2,1.59462750E+0,
8.65E05,1.39000000E+2,1.25798088E+2,1.11977160E+0,
8.66E05,1.27000000E+2,1.25798035E+2,1.06657177E-1,
8.67E05,1.42000000E+2,1.25797989E+2,1.35964251E+0,
8.68E05,1.23000000E+2,1.25797935E+2,-2.52281338E-1,
8.69E05,1.10000000E+2,1.25797890E+2,-1.50626969E+0,
8.7E05,1.25000000E+2,1.25797836E+2,-7.13606477E-2,
8.71E05,1.23000000E+2,1.25797791E+2,-2.52268285E-1,
8.72E05,1.26000000E+2,1.25797745E+2,1.80183295E-2,
8.73E05,1.24000000E+2,1.25797699E+2,-1.61438137E-1,
8.74E05,1.38000000E+2,1.25797653E+2,1.03873277E+0,
8.75E05,1.53000000E+2,1.25797607E+2,2.19918323E+0,
8.76E05,1.30000000E+2,1.25797569E+2,3.68577570E-1,
8.77E05,1.43000000E+2,1.25797523E+2,1.43854332E+0,
8.78E05,1.10000000E+2,1.25797478E+2,-1.50623035E+0,
8.79E05,1.28000000E+2,1.25797440E+2,1.94680676E-1,
8.8E05,1.37000000E+2,1.25797394E+2,9.57103252E-1,
8.81E05,1.18000000E+2,1.25797356E+2,-7.17804790E-1,
8.82E05,1.25000000E+2,1.25797318E+2,-7.13142455E-2,
8.83E05,1.13000000E+2,1.25797279E+2,-1.20386672E+0,
8.84E05,1.18000000E+2,1.25797241E+2,-7.17794240E-1,
8.85E05,1.29000000E+2,1.25797203E+2,2.81990558E-1,
8.86E05,1.33000000E+2,1.25797165E+2,6.24565005E-1,
8.87E05,1.28000000E+2,1.25797127E+2,1.94708318E-1,
8.88E05,1.15000000E+2,1.25797089E+2,-1.00683367E+0,
8.89E05,1.04000000E+2,1.25797058E+2,-2.13737750E+0,
8.9E05,1.44000000E+2,1.25797020E+2,1.51691496E+0,
8.91E05,1.41000000E+2,1.25796989E+2,1.28032446E+0,
8.92E05,1.18000000E+2,1.25796951E+2,-7.17767537E-1,
8.93E05,1.36000000E+2,1.25796921E+2,8.74906838E-1,
8.94E05,1.27000000E+2,1.25796890E+2,1.06758729E-1,
8.95E05,1.38000000E+2,1.25796860E+2,1.03880024E+0,
8.96E05,1.07000000E+2,1.25796822E+2,-1.81715727E+0,
8.97E05,1.37000000E+2,1.25796791E+2,9.57154751E-1,
8.98E05,1.21000000E+2,1.25796761E+2,-4.36069131E-1,
8.99E05,1.17000000E+2,1.25796730E+2,-8.13257992E-1,
9E05,1.48000000E+2,1.25796707E+2,1.82509947E+0,
9.01E05,1.39000000E+2,1.25796677E+2,1.11989129E+0,
9.02E05,1.09000000E+2,1.25796646E+2,-1.60882688E+0,
9.03E05,1.42000000E+2,1.25796616E+2,1.35975778E+0,
9.04E05,1.33000000E+2,1.25796593E+2,6.24614656E-1,
9.05E05,1.32000000E+2,1.25796562E+2,5.39939940E-1,
9.06E05,1.08000000E+2,1.25796539E+2,-1.71247280E+0,
9.07E05,1.35000000E+2,1.25796509E+2,7.92110384E-1,
9.08E05,1.28000000E+2,1.25796486E+2,1.94764972E-1,
9.09E05,1.40000000E+2,1.25796455E+2,1.20041859E+0,
9.1E05,1.31000000E+2,1.25796432E+2,4.54637796E-1,
9.11E05,1.15000000E+2,1.25796410E+2,-1.00677037E+0,
9.12E05,1.40000000E+2,1.25796387E+2,1.20042443E+0,
9.13E05,1.32000000E+2,1.25796364E+2,5.39957225E-1,
9.14E05,1.35000000E+2,1.25796341E+2,7.92124867E-1,
9.15E05,1.23000000E+2,1.25796318E+2,-2.52135515E-1,
9.16E05,1.24000000E+2,1.25796295E+2,-1.61312059E-1,
9.17E05,1.25000000E+2,1.25796272E+2,-7.12207630E-2,
9.18E05,1.27000000E+2,1.25796249E+2,1.06815591E-1,
9.19E05,1.28000000E+2,1.25796227E+2,1.94787905E-1,
9.2E05,1.20000000E+2,1.25796204E+2,-5.29118598E-1,
9.21E05,1.23000000E+2,1.25796181E+2,-2.52123117E-1,
9.22E05,1.25000000E+2,1.25796165E+2,-7.12112039E-2,
9.23E05,1.27000000E+2,1.25796143E+2,1.06825069E-1,
9.24E05,1.12000000E+2,1.25796120E+2,-1.30361080E+0,
9.25E05,1.27000000E+2,1.25796104E+2,1.06828459E-1,
9.26E05,1.34000000E+2,1.25796082E+2,7.08710611E-1,
9.27E05,1.20000000E+2,1.25796066E+2,-5.29106081E-1,
9.28E05,1.32000000E+2,1.25796043E+2,5.39985120E-1,
9.29E05,1.14000000E+2,1.25796028E+2,-1.10479927E+0,
9.3E05,1.37000000E+2,1.25796013E+2,9.57221210E-1,
9.31E05,1.45000000E+2,1.25795990E+2,1.59480619E+0,
9.32E05,1.29000000E+2,1.25795975E+2,2.82098681E-1,
9.33E05,1.25000000E+2,1.25795959E+2,-7.11927786E-2,
9.34E05,1.17000000E+2,1.25795944E+2,-8.13185334E-1,
9.35E05,1.32000000E+2,1.25795921E+2,5.39995730E-1,
9.36E05,1.32000000E+2,1.25795906E+2,5.39997101E-1,
9.37E05,1.33000000E+2,1.25795891E+2,6.24675512E-1,
9.38E05,1.20000000E+2,1.25795876E+2,-5.29088616E-1,
9.39E05,1.26000000E+2,1.25795860E+2,1.81862116E-2,
9.4E05,1.32000000E+2,1.25795845E+2,5.40002406E-1,
9.41E05,1.17000000E+2,1.25795830E+2,-8.13174784E-1,
9.42E05,1.39000000E+2,1.25795815E+2,1.11996436E+0,
9.43E05,1.21000000E+2,1.25795799E+2,-4.35981750E-1,
9.44E05,1.19000000E+2,1.25795784E+2,-6.22968495E-1,
9.45E05,1.15000000E+2,1.25795769E+2,-1.00671065E+0,
9.46E05,1.24000000E+2,1.25795761E+2,-1.61264107E-1,
9.47E05,1.22000000E+2,1.25795746E+2,-3.43650669E-1,
9.48E05,1.23000000E+2,1.25795731E+2,-2.52082527E-1,
9.49E05,1.27000000E+2,1.25795715E+2,1.06862985E-1,
9.5E05,1.28000000E+2,1.25795708E+2,1.94833755E-1,
9.51E05,1.16000000E+2,1.25795692E+2,-9.09507215E-1,
9.52E05,1.23000000E+2,1.25795677E+2,-2.52077729E-1,
9.53E05,9.80000000E+1,1.25795670E+2,-2.80778670E+0,
9.54E05,1.26000000E+2,1.25795654E+2,1.82045624E-2,
9.55E05,1.29000000E+2,1.25795647E+2,2.82127589E-1,
9.56E05,1.16000000E+2,1.25795631E+2,-9.09501553E-1,
9.57E05,1.20000000E+2,1.25795616E+2,-5.29064953E-1,
9.58E05,1.26000000E+2,1.25795609E+2,1.82086416E-2,
9.59E05,1.33000000E+2,1.25795601E+2,6.24700665E-1,
9.6E05,1.05000000E+2,1.25795586E+2,-2.02944136E+0,
9.61E05,1.38000000E+2,1.25795578E+2,1.03890944E+0,
9.62E05,1.28000000E+2,1.25795563E+2,1.94846570E-1,
9.63E05,1.34000000E+2,1.25795555E+2,7.08756089E-1,
9.64E05,1.46000000E+2,1.25795547E+2,1.67213237E+0,
9.65E05,1.16000000E+2,1.25795532E+2,-9.09492314E-1,
9.66E05,1.34000000E+2,1.25795525E+2,7.08758712E-1,
9.67E05,1.19000000E+2,1.25795517E+2,-6.22944057E-1,
9.68E05,1.51000000E+2,1.25795502E+2,2.05111289E+0,
9.69E05,1.24000000E+2,1.25795494E+2,-1.61240131E-1,
9.7E05,1.30000000E+2,1.25795486E+2,3.68760228E-1,
9.71E05,1.41000000E+2,1.25795479E+2,1.28045166E+0,
9.72E05,1.48000000E+2,1.25795464E+2,1.82520163E+0,
9.73E05,1.15000000E+2,1.25795456E+2,-1.00668144E+0,
9.74E05,1.37000000E+2,1.25795448E+2,9.57269430E-1,
9.75E05,1.32000000E+2,1.25795441E+2,5.40037572E-1,
9.76E05,1.31000000E+2,1.25795433E+2,4.54725116E-1,
9.77E05,1.30000000E+2,1.25795425E+2,3.68765593E-1,
9.78E05,1.17000000E+2,1.25795418E+2,-8.13136697E-1,
9.79E05,1.22000000E+2,1.25795410E+2,-3.43620270E-1,
9.8E05,1.40000000E+2,1.25795403E+2,1.20050764E+0,
9.81E05,1.20000000E+2,1.25795395E+2,-5.29044747E-1,
9.82E05,1.18000000E+2,1.25795387E+2,-7.17623591E-1,
9.83E05,1.41000000E+2,1.25795380E+2,1.28046000E+0,
9.84E05,1.13000000E+2,1.25795372E+2,-1.20368731E+0,
9.85E05,1.16000000E+2,1.25795364E+2,-9.09476757E-1,
9.86E05,1.07000000E+2,1.25795357E+2,-1.81701565E+0,
9.87E05,1.24000000E+2,1.25795349E+2,-1.61227107E-1,
9.88E05,1.21000000E+2,1.25795341E+2,-4.35940117E-1,
9.89E05,1.11000000E+2,1.25795334E+2,-1.40431094E+0,
9.9E05,1.30000000E+2,1.25795326E+2,3.68774295E-1,
9.91E05,1.33000000E+2,1.25795319E+2,6.24725103E-1,
9.92E05,1.20000000E+2,1.25795311E+2,-5.29037118E-1,
9.93E05,1.22000000E+2,1.25795311E+2,-3.43611300E-1,
9.94E05,1.35000000E+2,1.25795303E+2,7.92214155E-1,
9.95E05,1.35000000E+2,1.25795296E+2,7.92214811E-1,
9.96E05,1.20000000E+2,1.25795288E+2,-5.29035032E-1,
9.97E05,1.33000000E+2,1.25795280E+2,6.24728441E-1,
9.98E05,1.39000000E+2,1.25795280E+2,1.12000966E+0,
9.99E05,1.18000000E+2,1.25795273E+2,-7.17613041E-1,
1E06,1.02000000E+2,1.25795265E+2,-2.35608244E+0,
1.001E006,1.26000000E+2,1.25795258E+2,1.82399061E-2,
1.002E006,1.28000000E+2,1.25795258E+2,1.94873542E-1,
1.003E006,1.33000000E+2,1.25795250E+2,6.24731064E-1,
1.004E006,1.32000000E+2,1.25795242E+2,5.40054858E-1,
1.005E006,1.42000000E+2,1.25795242E+2,1.35987306E+0,
1.006E006,1.27000000E+2,1.25795235E+2,1.06905632E-1,
1.007E006,1.38000000E+2,1.25795227E+2,1.03893924E+0,
1.008E006,1.37000000E+2,1.25795227E+2,9.57288325E-1,
1.009E006,1.36000000E+2,1.25795219E+2,8.75052691E-1,
1.01E06,1.08000000E+2,1.25795212E+2,-1.71234500E+0,
1.011E006,1.17000000E+2,1.25795212E+2,-8.13117623E-1,
1.012E006,1.38000000E+2,1.25795204E+2,1.03894126E+0,
1.013E006,1.14000000E+2,1.25795197E+2,-1.10472143E+0,
1.014E006,1.15000000E+2,1.25795197E+2,-1.00665724E+0,
1.015E006,1.35000000E+2,1.25795189E+2,7.92223990E-1,
1.016E006,1.20000000E+2,1.25795189E+2,-5.29025972E-1,
1.017E006,1.42000000E+2,1.25795181E+2,1.35987818E+0,
1.018E006,1.36000000E+2,1.25795181E+2,8.75055969E-1,
1.019E006,1.18000000E+2,1.25795174E+2,-7.17603922E-1,
1.02E06,1.21000000E+2,1.25795166E+2,-4.35924172E-1,
1.021E006,1.41000000E+2,1.25795166E+2,1.28047800E+0,
1.022E006,1.18000000E+2,1.25795158E+2,-7.17602491E-1,
1.023E006,1.09000000E+2,1.25795158E+2,-1.60868442E+0,
1.024E006,1.10000000E+2,1.25795151E+2,-1.50600851E+0,
1.025E006,1.17000000E+2,1.25795151E+2,-8.13112020E-1,
1.026E006,1.38000000E+2,1.25795143E+2,1.03894639E+0,
1.027E006,1.10000000E+2,1.25795143E+2,-1.50600779E+0,
1.028E006,1.08000000E+2,1.25795135E+2,-1.71233773E+0,
1.029E006,1.21000000E+2,1.25795135E+2,-4.35921401E-1,
1.03E06,1.10000000E+2,1.25795135E+2,-1.50600708E+0,
1.031E006,1.07000000E+2,1.25795128E+2,-1.81699359E+0,
1.032E006,1.26000000E+2,1.25795128E+2,1.82514600E-2,
1.033E006,1.21000000E+2,1.25795120E+2,-4.35920000E-1,
1.034E006,1.35000000E+2,1.25795120E+2,7.92229891E-1,
1.035E006,1.37000000E+2,1.25795113E+2,9.57298160E-1,
1.036E006,1.09000000E+2,1.25795113E+2,-1.60868001E+0,
1.037E006,1.32000000E+2,1.25795113E+2,5.40066123E-1,
1.038E006,1.37000000E+2,1.25795105E+2,9.57298756E-1,
1.039E006,1.22000000E+2,1.25795105E+2,-3.43592644E-1,
1.04E06,1.27000000E+2,1.25795097E+2,1.06917821E-1,
1.041E006,1.51000000E+2,1.25795097E+2,2.05114579E+0,
1.042E006,1.18000000E+2,1.25795097E+2,-7.17596889E-1,
1.043E006,1.40000000E+2,1.25795090E+2,1.20053399E+0,
1.044E006,1.41000000E+2,1.25795090E+2,1.28048444E+0,
1.045E006,1.14000000E+2,1.25795090E+2,-1.10471141E+0,
1.046E006,1.27000000E+2,1.25795082E+2,1.06919177E-1,
1.047E006,1.49000000E+2,1.25795082E+2,1.90102100E+0,
1.048E006,1.29000000E+2,1.25795074E+2,2.82177955E-1,
1.049E006,1.35000000E+2,1.25795074E+2,7.92233825E-1,
1.05E06,1.24000000E+2,1.25795074E+2,-1.61202446E-1,
1.051E006,1.14000000E+2,1.25795074E+2,-1.10470998E+0,
1.052E006,9.80000000E+1,1.25795067E+2,-2.80772567E+0,
1.053E006,1.41000000E+2,1.25795067E+2,1.28048635E+0,
1.054E006,1.37000000E+2,1.25795067E+2,9.57302034E-1,
1.055E006,1.30000000E+2,1.25795059E+2,3.68797719E-1,
1.056E006,1.07000000E+2,1.25795059E+2,-1.81698692E+0,
1.057E006,1.35000000E+2,1.25795059E+2,7.92235136E-1,
1.058E006,1.21000000E+2,1.25795052E+2,-4.35913771E-1,
1.059E006,1.32000000E+2,1.25795052E+2,5.40071428E-1,
1.06E06,1.41000000E+2,1.25795052E+2,1.28048766E+0,
1.061E006,1.27000000E+2,1.25795052E+2,1.06921881E-1,
1.062E006,1.38000000E+2,1.25795044E+2,1.03895485E+0,
1.063E006,1.18000000E+2,1.25795044E+2,-7.17591941E-1,
1.064E006,1.20000000E+2,1.25795044E+2,-5.29012740E-1,
1.065E006,1.28000000E+2,1.25795036E+2,1.94893092E-1,
1.066E006,1.25000000E+2,1.25795036E+2,-7.11102113E-2,
1.067E006,1.31000000E+2,1.25795036E+2,4.54759777E-1,
1.068E006,1.37000000E+2,1.25795036E+2,9.57304657E-1,
1.069E006,1.09000000E+2,1.25795036E+2,-1.60867274E+0,
1.07E06,1.13000000E+2,1.25795029E+2,-1.20365500E+0,
1.071E006,1.34000000E+2,1.25795029E+2,7.08801568E-1,
1.072E006,1.35000000E+2,1.25795029E+2,7.92237759E-1,
1.073E006,1.20000000E+2,1.25795029E+2,-5.29011309E-1,
1.074E006,1.23000000E+2,1.25795021E+2,-2.52018571E-1,
1.075E006,1.31000000E+2,1.25795021E+2,4.54761118E-1,
1.076E006,1.25000000E+2,1.25795021E+2,-7.11088479E-2,
1.077E006,1.54000000E+2,1.25795021E+2,2.27282190E+0,
1.078E006,1.36000000E+2,1.25795021E+2,8.75069737E-1,
1.079E006,1.50000000E+2,1.25795013E+2,1.97632885E+0,
1.08E06,1.59000000E+2,1.25795013E+2,2.63332677E+0,
1.081E006,1.38000000E+2,1.25795013E+2,1.03895748E+0,
1.082E006,1.28000000E+2,1.25795013E+2,1.94895118E-1,
1.083E006,1.27000000E+2,1.25795013E+2,1.06925264E-1,
1.084E006,1.17000000E+2,1.25795006E+2,-8.13098609E-1,
1.085E006,1.11000000E+2,1.25795006E+2,-1.40427983E+0,
1.086E006,1.31000000E+2,1.25795006E+2,4.54762459E-1,
1.087E006,1.25000000E+2,1.25795006E+2,-7.11074844E-2,
1.088E006,1.19000000E+2,1.25795006E+2,-6.22897148E-1,
1.089E006,1.27000000E+2,1.25794998E+2,1.06926620E-1,
1.09E06,1.25000000E+2,1.25794998E+2,-7.11067989E-2,
1.091E006,1.18000000E+2,1.25794998E+2,-7.17587769E-1,
1.092E006,1.20000000E+2,1.25794998E+2,-5.29008567E-1,
1.093E006,1.32000000E+2,1.25794998E+2,5.40076077E-1,
1.094E006,1.21000000E+2,1.25794998E+2,-4.35908914E-1,
1.095E006,1.16000000E+2,1.25794991E+2,-9.09442067E-1,
1.096E006,1.35000000E+2,1.25794991E+2,7.92241096E-1,
1.097E006,1.13000000E+2,1.25794991E+2,-1.20365143E+0,
1.098E006,1.26000000E+2,1.25794991E+2,1.82636958E-2,
1.099E006,1.01000000E+2,1.25794991E+2,-2.46719384E+0,
1.1E06,1.22000000E+2,1.25794991E+2,-3.43582302E-1,
1.101E006,1.24000000E+2,1.25794991E+2,-1.61194906E-1,
1.102E006,1.11000000E+2,1.25794983E+2,-1.40427768E+0,
1.103E006,1.20000000E+2,1.25794983E+2,-5.29007137E-1,
1.104E006,1.38000000E+2,1.25794983E+2,1.03896010E+0,
1.105E006,1.23000000E+2,1.25794983E+2,-2.52015114E-1,
1.106E006,1.45000000E+2,1.25794983E+2,1.59488988E+0,
1.107E006,1.24000000E+2,1.25794983E+2,-1.61194220E-1,
1.108E006,1.21000000E+2,1.25794983E+2,-4.35907543E-1,
1.109E006,1.33000000E+2,1.25794983E+2,6.24754250E-1,
1.11E06,1.29000000E+2,1.25794975E+2,2.82186687E-1,
1.111E006,1.36000000E+2,1.25794975E+2,8.75073671E-1,
1.112E006,1.35000000E+2,1.25794975E+2,7.92242408E-1,
1.113E006,1.27000000E+2,1.25794975E+2,1.06928654E-1,
1.114E006,1.43000000E+2,1.25794975E+2,1.43875647E+0,
1.115E006,1.37000000E+2,1.25794975E+2,9.57309842E-1,
1.116E006,1.36000000E+2,1.25794975E+2,8.75073671E-1,
1.117E006,1.24000000E+2,1.25794975E+2,-1.61193535E-1,
1.118E006,1.34000000E+2,1.25794968E+2,7.08806813E-1,
1.119E006,1.27000000E+2,1.25794968E+2,1.06929332E-1,
1.12E06,1.38000000E+2,1.25794968E+2,1.03896141E+0,
1.121E006,1.31000000E+2,1.25794968E+2,4.54765797E-1,
1.122E006,1.46000000E+2,1.25794968E+2,1.67218041E+0,
1.123E006,1.43000000E+2,1.25794968E+2,1.43875706E+0,
1.124E006,1.26000000E+2,1.25794968E+2,1.82657335E-2,
1.125E006,1.23000000E+2,1.25794968E+2,-2.52013743E-1,
1.126E006,1.33000000E+2,1.25794968E+2,6.24755561E-1,
1.127E006,1.34000000E+2,1.25794968E+2,7.08806813E-1,
1.128E006,1.28000000E+2,1.25794968E+2,1.94899172E-1,
1.129E006,1.24000000E+2,1.25794960E+2,-1.61192164E-1,
1.13E06,1.29000000E+2,1.25794960E+2,2.82188028E-1,
1.131E006,1.24000000E+2,1.25794960E+2,-1.61192164E-1,
1.132E006,1.24000000E+2,1.25794960E+2,-1.61192164E-1,
1.133E006,1.53000000E+2,1.25794960E+2,2.19939709E+0,
1.134E006,1.38000000E+2,1.25794960E+2,1.03896201E+0,
1.135E006,1.37000000E+2,1.25794960E+2,9.57311153E-1,
1.136E006,1.25000000E+2,1.25794960E+2,-7.11033866E-2,
1.137E006,1.31000000E+2,1.25794960E+2,4.54766452E-1,
1.138E006,1.30000000E+2,1.25794960E+2,3.68806392E-1,
1.139E006,1.05000000E+2,1.25794960E+2,-2.02938032E+0,
1.14E06,1.20000000E+2,1.25794960E+2,-5.29005051E-1,
1.141E006,1.30000000E+2,1.25794952E+2,3.68807077E-1,
1.142E006,1.42000000E+2,1.25794952E+2,1.35989738E+0,
1.143E006,1.31000000E+2,1.25794952E+2,4.54767108E-1,
1.144E006,1.29000000E+2,1.25794952E+2,2.82188714E-1,
1.145E006,1.21000000E+2,1.25794952E+2,-4.35904741E-1,
1.146E006,1.31000000E+2,1.25794952E+2,4.54767108E-1,
1.147E006,1.39000000E+2,1.25794952E+2,1.12003756E+0,
1.148E006,1.13000000E+2,1.25794952E+2,-1.20364785E+0,
1.149E006,1.17000000E+2,1.25794952E+2,-8.13093662E-1,
1.15E06,1.24000000E+2,1.25794952E+2,-1.61191478E-1,
1.151E006,1.30000000E+2,1.25794952E+2,3.68807077E-1,
1.152E006,1.30000000E+2,1.25794952E+2,3.68807077E-1,
1.153E006,1.31000000E+2,1.25794952E+2,4.54767108E-1,
1.154E006,1.47000000E+2,1.25794952E+2,1.74896288E+0,
1.155E006,1.10000000E+2,1.25794952E+2,-1.50598955E+0,
1.156E006,1.18000000E+2,1.25794945E+2,-7.17582822E-1,
1.157E006,1.23000000E+2,1.25794945E+2,-2.52011687E-1,
1.158E006,1.11000000E+2,1.25794945E+2,-1.40427399E+0,
1.159E006,1.15000000E+2,1.25794945E+2,-1.00663376E+0,
1.16E06,1.29000000E+2,1.25794945E+2,2.82189369E-1,
1.161E006,1.41000000E+2,1.25794945E+2,1.28049660E+0,
1.162E006,1.29000000E+2,1.25794945E+2,2.82189369E-1,
1.163E006,1.20000000E+2,1.25794945E+2,-5.29003680E-1,
1.164E006,1.38000000E+2,1.25794945E+2,1.03896332E+0,
1.165E006,1.27000000E+2,1.25794945E+2,1.06931359E-1,
1.166E006,1.14000000E+2,1.25794945E+2,-1.10469782E+0,
1.167E006,1.24000000E+2,1.25794945E+2,-1.61190793E-1,
1.168E006,1.29000000E+2,1.25794945E+2,2.82189369E-1,
1.169E006,1.38000000E+2,1.25794945E+2,1.03896332E+0,
1.17E06,1.35000000E+2,1.25794945E+2,7.92245030E-1,
1.171E006,1.18000000E+2,1.25794945E+2,-7.17582822E-1,
1.172E006,1.30000000E+2,1.25794945E+2,3.68807733E-1,
1.173E006,1.43000000E+2,1.25794945E+2,1.43875897E+0,
1.174E006,1.28000000E+2,1.25794945E+2,1.94901183E-1,
1.175E006,1.28000000E+2,1.25794945E+2,1.94901183E-1,
1.176E006,1.44000000E+2,1.25794937E+2,1.51708853E+0,
1.177E006,1.14000000E+2,1.25794937E+2,-1.10469711E+0,
1.178E006,1.32000000E+2,1.25794937E+2,5.40081382E-1,
1.179E006,1.42000000E+2,1.25794937E+2,1.35989869E+0,
1.18E06,1.22000000E+2,1.25794937E+2,-3.43577445E-1,
1.181E006,1.45000000E+2,1.25794937E+2,1.59489369E+0,
1.182E006,1.42000000E+2,1.25794937E+2,1.35989869E+0,
1.183E006,1.25000000E+2,1.25794937E+2,-7.11013377E-2,
1.184E006,1.25000000E+2,1.25794937E+2,-7.11013377E-2,
1.185E006,1.30000000E+2,1.25794937E+2,3.68808419E-1,
1.186E006,1.28000000E+2,1.25794937E+2,1.94901869E-1,
1.187E006,1.31000000E+2,1.25794937E+2,4.54768449E-1,
1.188E006,9.80000000E+1,1.25794937E+2,-2.80771255E+0,
1.189E006,1.42000000E+2,1.25794937E+2,1.35989869E+0,
1.19E06,1.20000000E+2,1.25794937E+2,-5.29002964E-1,
1.191E006,1.52000000E+2,1.25794937E+2,2.12551117E+0,
1.192E006,1.26000000E+2,1.25794937E+2,1.82684530E-2,
1.193E006,1.13000000E+2,1.25794937E+2,-1.20364642E+0,
1.194E006,1.07000000E+2,1.25794937E+2,-1.81697512E+0,
1.195E006,1.33000000E+2,1.25794937E+2,6.24758184E-1,
1.196E006,1.19000000E+2,1.25794937E+2,-6.22890890E-1,
1.197E006,1.34000000E+2,1.25794937E+2,7.08809495E-1,
1.198E006,1.13000000E+2,1.25794937E+2,-1.20364642E+0,
1.199E006,1.35000000E+2,1.25794937E+2,7.92245686E-1,
1.2E06,1.40000000E+2,1.25794937E+2,1.20054698E+0,
1.201E006,1.38000000E+2,1.25794937E+2,1.03896391E+0,
1.202E006,1.34000000E+2,1.25794937E+2,7.08809495E-1,
1.203E006,1.16000000E+2,1.25794937E+2,-9.09437060E-1,
1.204E006,1.23000000E+2,1.25794937E+2,-2.52011001E-1,
1.205E006,1.32000000E+2,1.25794937E+2,5.40081382E-1,
1.206E006,1.33000000E+2,1.25794937E+2,6.24758184E-1,
1.207E006,1.27000000E+2,1.25794937E+2,1.06932037E-1,
1.208E006,1.26000000E+2,1.25794930E+2,1.82691328E-2,
1.209E006,1.21000000E+2,1.25794930E+2,-4.35902685E-1,
1.21E06,1.35000000E+2,1.25794930E+2,7.92246342E-1,
1.211E006,1.23000000E+2,1.25794930E+2,-2.52010316E-1,
1.212E006,1.20000000E+2,1.25794930E+2,-5.29002309E-1,
1.213E006,1.23000000E+2,1.25794930E+2,-2.52010316E-1,
1.214E006,1.42000000E+2,1.25794930E+2,1.35989928E+0,
1.215E006,1.22000000E+2,1.25794930E+2,-3.43576759E-1,
1.216E006,1.35000000E+2,1.25794930E+2,7.92246342E-1,
1.217E006,1.32000000E+2,1.25794930E+2,5.40082097E-1,
1.218E006,1.21000000E+2,1.25794930E+2,-4.35902685E-1,
1.219E006,1.29000000E+2,1.25794930E+2,2.82190710E-1,
1.22E06,1.33000000E+2,1.25794930E+2,6.24758840E-1,
1.221E006,1.17000000E+2,1.25794930E+2,-8.13091516E-1,
1.222E006,1.23000000E+2,1.25794930E+2,-2.52010316E-1,
1.223E006,1.31000000E+2,1.25794930E+2,4.54769135E-1,
1.224E006,1.17000000E+2,1.25794930E+2,-8.13091516E-1,
1.225E006,1.36000000E+2,1.25794930E+2,8.75077605E-1,
1.226E006,1.42000000E+2,1.25794930E+2,1.35989928E+0,
1.227E006,1.36000000E+2,1.25794930E+2,8.75077605E-1,
1.228E006,1.32000000E+2,1.25794930E+2,5.40082097E-1,
1.229E006,1.20000000E+2,1.25794930E+2,-5.29002309E-1,
1.23E06,1.22000000E+2,1.25794930E+2,-3.43576759E-1,
1.231E006,1.16000000E+2,1.25794930E+2,-9.09436345E-1,
1.232E006,1.32000000E+2,1.25794930E+2,5.40082097E-1,
1.233E006,1.39000000E+2,1.25794930E+2,1.12003946E+0,
1.234E006,1.28000000E+2,1.25794930E+2,1.94902539E-1,
1.235E006,1.26000000E+2,1.25794930E+2,1.82691328E-2,
1.236E006,1.22000000E+2,1.25794930E+2,-3.43576759E-1,
1.237E006,1.25000000E+2,1.25794930E+2,-7.11006597E-2,
1.238E006,1.18000000E+2,1.25794930E+2,-7.17581451E-1,
1.239E006,1.38000000E+2,1.25794930E+2,1.03896463E+0,
1.24E06,1.44000000E+2,1.25794930E+2,1.51708925E+0,
1.241E006,1.27000000E+2,1.25794930E+2,1.06932715E-1,
1.242E006,1.10000000E+2,1.25794930E+2,-1.50598741E+0,
1.243E006,1.48000000E+2,1.25794930E+2,1.82524562E+0,
1.244E006,1.40000000E+2,1.25794930E+2,1.20054758E+0,
1.245E006,1.38000000E+2,1.25794930E+2,1.03896463E+0,
1.246E006,1.20000000E+2,1.25794930E+2,-5.29002309E-1,
1.247E006,1.31000000E+2,1.25794930E+2,4.54769135E-1,
1.248E006,1.30000000E+2,1.25794930E+2,3.68809074E-1,
1.249E006,1.08000000E+2,1.25794930E+2,-1.71231794E+0,
1.25E06,1.12000000E+2,1.25794930E+2,-1.30349839E+0,
1.251E006,1.32000000E+2,1.25794930E+2,5.40082097E-1,
1.252E006,1.13000000E+2,1.25794930E+2,-1.20364571E+0,
1.253E006,1.33000000E+2,1.25794930E+2,6.24758840E-1,
1.254E006,1.33000000E+2,1.25794930E+2,6.24758840E-1,
1.255E006,1.24000000E+2,1.25794930E+2,-1.61189422E-1,
1.256E006,1.24000000E+2,1.25794930E+2,-1.61189422E-1,
1.257E006,1.20000000E+2,1.25794930E+2,-5.29002309E-1,
1.258E006,1.33000000E+2,1.25794930E+2,6.24758840E-1,
1.259E006,1.47000000E+2,1.25794930E+2,1.74896467E+0,
1.26E06,1.30000000E+2,1.25794930E+2,3.68809074E-1,
1.261E006,1.24000000E+2,1.25794930E+2,-1.61189422E-1,
1.262E006,1.43000000E+2,1.25794930E+2,1.43876028E+0,
1.263E006,1.28000000E+2,1.25794930E+2,1.94902539E-1,
1.264E006,1.11000000E+2,1.25794930E+2,-1.40427256E+0,
1.265E006,1.30000000E+2,1.25794930E+2,3.68809074E-1,
1.266E006,1.19000000E+2,1.25794930E+2,-6.22890174E-1,
1.267E006,1.40000000E+2,1.25794930E+2,1.20054758E+0,
1.268E006,9.80000000E+1,1.25794930E+2,-2.80771184E+0,
1.269E006,1.21000000E+2,1.25794930E+2,-4.35902685E-1,
1.27E06,1.44000000E+2,1.25794930E+2,1.51708925E+0,
1.271E006,1.30000000E+2,1.25794930E+2,3.68809074E-1,
1.272E006,1.29000000E+2,1.25794930E+2,2.82190710E-1,
1.273E006,1.23000000E+2,1.25794930E+2,-2.52010316E-1,
1.274E006,1.39000000E+2,1.25794922E+2,1.12004018E+0,
1.275E006,1.39000000E+2,1.25794922E+2,1.12004018E+0,
1.276E006,1.26000000E+2,1.25794922E+2,1.82698127E-2,
1.277E006,1.15000000E+2,1.25794922E+2,-1.00663161E+0,
1.278E006,1.32000000E+2,1.25794922E+2,5.40082753E-1,
1.279E006,1.18000000E+2,1.25794922E+2,-7.17580736E-1,
1.28E06,1.43000000E+2,1.25794922E+2,1.43876088E+0,
1.281E006,1.15000000E+2,1.25794922E+2,-1.00663161E+0,
1.282E006,1.35000000E+2,1.25794922E+2,7.92246997E-1,
1.283E006,1.39000000E+2,1.25794922E+2,1.12004018E+0,
1.284E006,1.28000000E+2,1.25794922E+2,1.94903210E-1,
1.285E006,1.28000000E+2,1.25794922E+2,1.94903210E-1,
1.286E006,1.26000000E+2,1.25794922E+2,1.82698127E-2,
1.287E006,1.27000000E+2,1.25794922E+2,1.06933393E-1,
1.288E006,1.15000000E+2,1.25794922E+2,-1.00663161E+0,
1.289E006,1.26000000E+2,1.25794922E+2,1.82698127E-2,
1.29E06,1.19000000E+2,1.25794922E+2,-6.22889459E-1,
1.291E006,1.33000000E+2,1.25794922E+2,6.24759495E-1,
1.292E006,1.28000000E+2,1.25794922E+2,1.94903210E-1,
1.293E006,1.19000000E+2,1.25794922E+2,-6.22889459E-1,
1.294E006,1.21000000E+2,1.25794922E+2,-4.35901970E-1,
1.295E006,1.19000000E+2,1.25794922E+2,-6.22889459E-1,
1.296E006,1.06000000E+2,1.25794922E+2,-1.92265284E+0,
1.297E006,1.28000000E+2,1.25794922E+2,1.94903210E-1,
1.298E006,1.12000000E+2,1.25794922E+2,-1.30349767E+0,
1.299E006,1.20000000E+2,1.25794922E+2,-5.29001594E-1,
1.3E06,1.37000000E+2,1.25794922E+2,9.57314432E-1,
1.301E006,1.21000000E+2,1.25794922E+2,-4.35901970E-1,
1.302E006,1.38000000E+2,1.25794922E+2,1.03896523E+0,
1.303E006,1.20000000E+2,1.25794922E+2,-5.29001594E-1,
1.304E006,1.35000000E+2,1.25794922E+2,7.92246997E-1,
1.305E006,1.23000000E+2,1.25794922E+2,-2.52009600E-1,
1.306E006,1.33000000E+2,1.25794922E+2,6.24759495E-1,
1.307E006,1.30000000E+2,1.25794922E+2,3.68809760E-1,
1.308E006,1.28000000E+2,1.25794922E+2,1.94903210E-1,
1.309E006,1.00000000E+2,1.25794922E+2,-2.57949209E+0,
1.31E06,1.32000000E+2,1.25794922E+2,5.40082753E-1,
1.311E006,1.22000000E+2,1.25794922E+2,-3.43576074E-1,
1.312E006,1.34000000E+2,1.25794922E+2,7.08810806E-1,
1.313E006,1.36000000E+2,1.25794922E+2,8.75078261E-1,
1.314E006,1.24000000E+2,1.25794922E+2,-1.61188737E-1,
1.315E006,1.14000000E+2,1.25794922E+2,-1.10469568E+0,
1.316E006,1.25000000E+2,1.25794922E+2,-7.10999742E-2,
1.317E006,1.53000000E+2,1.25794922E+2,2.19940019E+0,
1.318E006,1.39000000E+2,1.25794922E+2,1.12004018E+0,
1.319E006,1.24000000E+2,1.25794922E+2,-1.61188737E-1,
1.32E06,1.30000000E+2,1.25794922E+2,3.68809760E-1,
1.321E006,1.07000000E+2,1.25794922E+2,-1.81697369E+0,
1.322E006,1.11000000E+2,1.25794922E+2,-1.40427184E+0,
1.323E006,1.30000000E+2,1.25794922E+2,3.68809760E-1,
1.324E006,1.41000000E+2,1.25794922E+2,1.28049850E+0,
1.325E006,1.27000000E+2,1.25794922E+2,1.06933393E-1,
1.326E006,1.32000000E+2,1.25794922E+2,5.40082753E-1,
1.327E006,1.20000000E+2,1.25794922E+2,-5.29001594E-1,
1.328E006,1.19000000E+2,1.25794922E+2,-6.22889459E-1,
1.329E006,1.33000000E+2,1.25794922E+2,6.24759495E-1,
1.33E06,1.43000000E+2,1.25794922E+2,1.43876088E+0,
1.331E006,1.04000000E+2,1.25794922E+2,-2.13716793E+0,
1.332E006,1.20000000E+2,1.25794922E+2,-5.29001594E-1,
1.333E006,1.37000000E+2,1.25794922E+2,9.57314432E-1,
1.334E006,1.21000000E+2,1.25794922E+2,-4.35901970E-1,
1.335E006,1.13000000E+2,1.25794922E+2,-1.20364499E+0,
1.336E006,1.16000000E+2,1.25794922E+2,-9.09435689E-1,
1.337E006,1.38000000E+2,1.25794922E+2,1.03896523E+0,
1.338E006,1.19000000E+2,1.25794922E+2,-6.22889459E-1,
1.339E006,1.19000000E+2,1.25794922E+2,-6.22889459E-1,
1.34E06,1.42000000E+2,1.25794922E+2,1.35989988E+0,
1.341E006,1.21000000E+2,1.25794922E+2,-4.35901970E-1,
1.342E006,1.20000000E+2,1.25794922E+2,-5.29001594E-1,
1.343E006,1.47000000E+2,1.25794922E+2,1.74896538E+0,
1.344E006,1.45000000E+2,1.25794922E+2,1.59489489E+0,
1.345E006,1.34000000E+2,1.25794922E+2,7.08810806E-1,
1.346E006,1.25000000E+2,1.25794922E+2,-7.10999742E-2,
1.347E006,1.37000000E+2,1.25794922E+2,9.57314432E-1,
1.348E006,1.26000000E+2,1.25794922E+2,1.82698127E-2,
1.349E006,1.21000000E+2,1.25794922E+2,-4.35901970E-1,
1.35E06,1.39000000E+2,1.25794922E+2,1.12004018E+0,
1.351E006,1.29000000E+2,1.25794922E+2,2.82191396E-1,
1.352E006,1.25000000E+2,1.25794922E+2,-7.10999742E-2,
1.353E006,1.10000000E+2,1.25794922E+2,-1.50598669E+0,
1.354E006,1.32000000E+2,1.25794922E+2,5.40082753E-1,
1.355E006,1.41000000E+2,1.25794922E+2,1.28049850E+0,
1.356E006,1.15000000E+2,1.25794922E+2,-1.00663161E+0,
1.357E006,1.31000000E+2,1.25794922E+2,4.54769790E-1,
1.358E006,1.29000000E+2,1.25794922E+2,2.82191396E-1,
1.359E006,1.36000000E+2,1.25794922E+2,8.75078261E-1,
1.36E06,1.34000000E+2,1.25794922E+2,7.08810806E-1,
1.361E006,1.12000000E+2,1.25794922E+2,-1.30349767E+0,
1.362E006,1.13000000E+2,1.25794922E+2,-1.20364499E+0,
1.363E006,1.46000000E+2,1.25794922E+2,1.67218411E+0,
1.364E006,1.25000000E+2,1.25794922E+2,-7.10999742E-2,
1.365E006,1.30000000E+2,1.25794922E+2,3.68809760E-1,
1.366E006,1.22000000E+2,1.25794922E+2,-3.43576074E-1,
1.367E006,1.33000000E+2,1.25794922E+2,6.24759495E-1,
1.368E006,1.55000000E+2,1.25794922E+2,2.34580827E+0,
1.369E006,1.36000000E+2,1.25794922E+2,8.75078261E-1,
1.37E06,1.23000000E+2,1.25794922E+2,-2.52009600E-1,
1.371E006,1.04000000E+2,1.25794922E+2,-2.13716793E+0,
1.372E006,1.26000000E+2,1.25794922E+2,1.82698127E-2,
1.373E006,1.25000000E+2,1.25794922E+2,-7.10999742E-2,
1.374E006,1.31000000E+2,1.25794922E+2,4.54769790E-1,
1.375E006,1.16000000E+2,1.25794922E+2,-9.09435689E-1,
1.376E006,1.23000000E+2,1.25794922E+2,-2.52009600E-1,
1.377E006,1.34000000E+2,1.25794922E+2,7.08810806E-1,
1.378E006,1.23000000E+2,1.25794922E+2,-2.52009600E-1,
1.379E006,1.60000000E+2,1.25794922E+2,2.70414877E+0,
1.38E06,1.27000000E+2,1.25794922E+2,1.06933393E-1,
1.381E006,1.32000000E+2,1.25794922E+2,5.40082753E-1,
1.382E006,1.30000000E+2,1.25794922E+2,3.68809760E-1,
1.383E006,1.32000000E+2,1.25794922E+2,5.40082753E-1,
1.384E006,1.14000000E+2,1.25794922E+2,-1.10469568E+0,
1.385E006,1.41000000E+2,1.25794922E+2,1.28049850E+0,
1.386E006,1.29000000E+2,1.25794922E+2,2.82191396E-1,
1.387E006,1.47000000E+2,1.25794922E+2,1.74896538E+0,
1.388E006,1.30000000E+2,1.25794922E+2,3.68809760E-1,
1.389E006,1.52000000E+2,1.25794922E+2,2.12551260E+0,
1.39E06,1.30000000E+2,1.25794922E+2,3.68809760E-1,
1.391E006,1.37000000E+2,1.25794922E+2,9.57314432E-1,
1.392E006,1.18000000E+2,1.25794922E+2,-7.17580736E-1,
1.393E006,1.27000000E+2,1.25794922E+2,1.06933393E-1,
1.394E006,1.34000000E+2,1.25794922E+2,7.08810806E-1,
1.395E006,1.34000000E+2,1.25794922E+2,7.08810806E-1,
1.396E006,1.25000000E+2,1.25794922E+2,-7.10999742E-2,
1.397E006,1.16000000E+2,1.25794922E+2,-9.09435689E-1,
1.398E006,1.15000000E+2,1.25794922E+2,-1.00663161E+0,
1.399E006,1.38000000E+2,1.25794922E+2,1.03896523E+0,
1.4E06,1.45000000E+2,1.25794922E+2,1.59489489E+0,
1.401E006,1.47000000E+2,1.25794922E+2,1.74896538E+0,
1.402E006,1.26000000E+2,1.25794922E+2,1.82698127E-2,
1.403E006,1.42000000E+2,1.25794922E+2,1.35989988E+0,
1.404E006,1.05000000E+2,1.25794922E+2,-2.02937651E+0,
1.405E006,9.40000000E+1,1.25794922E+2,-3.27939582E+0,
1.406E006,1.38000000E+2,1.25794922E+2,1.03896523E+0,
1.407E006,1.28000000E+2,1.25794922E+2,1.94903210E-1,
1.408E006,1.26000000E+2,1.25794922E+2,1.82698127E-2,
1.409E006,1.04000000E+2,1.25794922E+2,-2.13716793E+0,
1.41E06,1.25000000E+2,1.25794922E+2,-7.10999742E-2,
1.411E006,1.24000000E+2,1.25794922E+2,-1.61188737E-1,
1.412E006,1.19000000E+2,1.25794922E+2,-6.22889459E-1,
1.413E006,1.31000000E+2,1.25794922E+2,4.54769790E-1,
1.414E006,1.18000000E+2,1.25794922E+2,-7.17580736E-1,
1.415E006,1.29000000E+2,1.25794922E+2,2.82191396E-1,
1.416E006,1.42000000E+2,1.25794922E+2,1.35989988E+0,
1.417E006,1.22000000E+2,1.25794922E+2,-3.43576074E-1,
1.418E006,1.39000000E+2,1.25794922E+2,1.12004018E+0,
1.419E006,1.41000000E+2,1.25794922E+2,1.28049850E+0,
1.42E06,1.11000000E+2,1.25794922E+2,-1.40427184E+0,
1.421E006,1.36000000E+2,1.25794922E+2,8.75078261E-1,
1.422E006,1.21000000E+2,1.25794922E+2,-4.35901970E-1,
1.423E006,1.08000000E+2,1.25794922E+2,-1.71231711E+0,
1.424E006,1.31000000E+2,1.25794922E+2,4.54769790E-1,
1.425E006,1.29000000E+2,1.25794922E+2,2.82191396E-1,
1.426E006,1.33000000E+2,1.25794922E+2,6.24759495E-1,
1.427E006,1.38000000E+2,1.25794922E+2,1.03896523E+0,
1.428E006,1.15000000E+2,1.25794922E+2,-1.00663161E+0,
1.429E006,1.55000000E+2,1.25794922E+2,2.34580827E+0,
1.43E06,1.26000000E+2,1.25794922E+2,1.82698127E-2,
1.431E006,1.25000000E+2,1.25794922E+2,-7.10999742E-2,
1.432E006,1.25000000E+2,1.25794922E+2,-7.10999742E-2,
1.433E006,1.37000000E+2,1.25794922E+2,9.57314432E-1,
1.434E006,1.26000000E+2,1.25794922E+2,1.82698127E-2,
1.435E006,1.31000000E+2,1.25794922E+2,4.54769790E-1,
1.436E006,1.21000000E+2,1.25794922E+2,-4.35901970E-1,
1.437E006,1.27000000E+2,1.25794922E+2,1.06933393E-1,
1.438E006,1.28000000E+2,1.25794922E+2,1.94903210E-1,
1.439E006,1.16000000E+2,1.25794922E+2,-9.09435689E-1,
1.44E06,1.25000000E+2,1.25794922E+2,-7.10999742E-2,
1.441E006,1.29000000E+2,1.25794922E+2,2.82191396E-1,
1.442E006,1.26000000E+2,1.25794922E+2,1.82698127E-2,
1.443E006,1.13000000E+2,1.25794922E+2,-1.20364499E+0,
1.444E006,1.54000000E+2,1.25794922E+2,2.27283001E+0,
1.445E006,1.39000000E+2,1.25794922E+2,1.12004018E+0,
1.446E006,1.19000000E+2,1.25794922E+2,-6.22889459E-1,
1.447E006,1.36000000E+2,1.25794922E+2,8.75078261E-1,
1.448E006,1.31000000E+2,1.25794922E+2,4.54769790E-1,
1.449E006,1.18000000E+2,1.25794922E+2,-7.17580736E-1,
1.45E06,1.17000000E+2,1.25794922E+2,-8.13090861E-1,
1.451E006,1.33000000E+2,1.25794922E+2,6.24759495E-1,
1.452E006,1.37000000E+2,1.25794922E+2,9.57314432E-1,
1.453E006,1.17000000E+2,1.25794922E+2,-8.13090861E-1,
1.454E006,1.42000000E+2,1.25794922E+2,1.35989988E+0,
1.455E006,1.19000000E+2,1.25794922E+2,-6.22889459E-1,
1.456E006,1.38000000E+2,1.25794922E+2,1.03896523E+0,
1.457E006,1.35000000E+2,1.25794922E+2,7.92246997E-1,
1.458E006,1.23000000E+2,1.25794922E+2,-2.52009600E-1,
1.459E006,1.39000000E+2,1.25794922E+2,1.12004018E+0,
1.46E06,1.35000000E+2,1.25794922E+2,7.92246997E-1,
1.461E006,1.18000000E+2,1.25794922E+2,-7.17580736E-1,
1.462E006,1.36000000E+2,1.25794922E+2,8.75078261E-1,
1.463E006,1.22000000E+2,1.25794922E+2,-3.43576074E-1,
1.464E006,1.30000000E+2,1.25794922E+2,3.68809760E-1,
1.465E006,1.43000000E+2,1.25794922E+2,1.43876088E+0,
1.466E006,1.31000000E+2,1.25794922E+2,4.54769790E-1,
1.467E006,1.20000000E+2,1.25794922E+2,-5.29001594E-1,
1.468E006,1.22000000E+2,1.25794922E+2,-3.43576074E-1,
1.469E006,1.35000000E+2,1.25794922E+2,7.92246997E-1,
1.47E06,1.11000000E+2,1.25794922E+2,-1.40427184E+0,
1.471E006,1.43000000E+2,1.25794922E+2,1.43876088E+0,
1.472E006,1.31000000E+2,1.25794922E+2,4.54769790E-1,
1.473E006,1.38000000E+2,1.25794922E+2,1.03896523E+0,
1.474E006,1.09000000E+2,1.25794922E+2,-1.60866177E+0,
1.475E006,1.20000000E+2,1.25794922E+2,-5.29001594E-1,
1.476E006,1.21000000E+2,1.25794922E+2,-4.35901970E-1,
1.477E006,1.22000000E+2,1.25794922E+2,-3.43576074E-1,
1.478E006,1.29000000E+2,1.25794922E+2,2.82191396E-1,
1.479E006,1.12000000E+2,1.25794922E+2,-1.30349767E+0,
1.48E06,1.43000000E+2,1.25794922E+2,1.43876088E+0,
1.481E006,1.27000000E+2,1.25794922E+2,1.06933393E-1,
1.482E006,1.23000000E+2,1.25794922E+2,-2.52009600E-1,
1.483E006,1.31000000E+2,1.25794922E+2,4.54769790E-1,
1.484E006,1.28000000E+2,1.25794922E+2,1.94903210E-1,
1.485E006,1.18000000E+2,1.25794922E+2,-7.17580736E-1,
1.486E006,1.21000000E+2,1.25794922E+2,-4.35901970E-1,
1.487E006,1.39000000E+2,1.25794922E+2,1.12004018E+0,
1.488E006,1.25000000E+2,1.25794922E+2,-7.10999742E-2,
1.489E006,1.27000000E+2,1.25794922E+2,1.06933393E-1,
1.49E06,1.19000000E+2,1.25794922E+2,-6.22889459E-1,
1.491E006,1.26000000E+2,1.25794922E+2,1.82698127E-2,
1.492E006,1.16000000E+2,1.25794922E+2,-9.09435689E-1,
1.493E006,1.18000000E+2,1.25794922E+2,-7.17580736E-1,
1.494E006,1.13000000E+2,1.25794922E+2,-1.20364499E+0,
1.495E006,1.27000000E+2,1.25794922E+2,1.06933393E-1,
1.496E006,1.28000000E+2,1.25794922E+2,1.94903210E-1,
1.497E006,1.30000000E+2,1.25794922E+2,3.68809760E-1,
1.498E006,1.33000000E+2,1.25794922E+2,6.24759495E-1,
1.499E006,1.26000000E+2,1.25794922E+2,1.82698127E-2,
1.5E06,1.16000000E+2,1.25794922E+2,-9.09435689E-1,
1.501E006,1.16000000E+2,1.25794922E+2,-9.09435689E-1,
1.502E006,1.37000000E+2,1.25794922E+2,9.57314432E-1,
1.503E006,1.32000000E+2,1.25794922E+2,5.40082753E-1,
1.504E006,1.17000000E+2,1.25794922E+2,-8.13090861E-1,
1.505E006,1.22000000E+2,1.25794922E+2,-3.43576074E-1,
1.506E006,1.29000000E+2,1.25794922E+2,2.82191396E-1,
1.507E006,1.55000000E+2,1.25794922E+2,2.34580827E+0,
1.508E006,1.19000000E+2,1.25794922E+2,-6.22889459E-1,
1.509E006,1.44000000E+2,1.25794922E+2,1.51708984E+0,
1.51E06,1.27000000E+2,1.25794922E+2,1.06933393E-1,
1.511E006,1.21000000E+2,1.25794922E+2,-4.35901970E-1,
1.512E006,1.14000000E+2,1.25794922E+2,-1.10469568E+0,
1.513E006,1.15000000E+2,1.25794922E+2,-1.00663161E+0,
1.514E006,1.46000000E+2,1.25794922E+2,1.67218411E+0,
1.515E006,1.53000000E+2,1.25794922E+2,2.19940019E+0,
1.516E006,1.29000000E+2,1.25794922E+2,2.82191396E-1,
1.517E006,1.27000000E+2,1.25794922E+2,1.06933393E-1,
1.518E006,1.23000000E+2,1.25794922E+2,-2.52009600E-1,
1.519E006,1.22000000E+2,1.25794922E+2,-3.43576074E-1,
1.52E06,1.12000000E+2,1.25794922E+2,-1.30349767E+0,
1.521E006,1.22000000E+2,1.25794922E+2,-3.43576074E-1,
1.522E006,1.12000000E+2,1.25794922E+2,-1.30349767E+0,
1.523E006,1.43000000E+2,1.25794922E+2,1.43876088E+0,
1.524E006,1.19000000E+2,1.25794922E+2,-6.22889459E-1,
1.525E006,1.34000000E+2,1.25794922E+2,7.08810806E-1,
1.526E006,1.21000000E+2,1.25794922E+2,-4.35901970E-1,
1.527E006,1.20000000E+2,1.25794922E+2,-5.29001594E-1,
1.528E006,1.45000000E+2,1.25794922E+2,1.59489489E+0,
1.529E006,1.31000000E+2,1.25794922E+2,4.54769790E-1,
1.53E06,1.11000000E+2,1.25794922E+2,-1.40427184E+0,
1.531E006,1.20000000E+2,1.25794922E+2,-5.29001594E-1,
1.532E006,1.26000000E+2,1.25794922E+2,1.82698127E-2,
1.533E006,1.38000000E+2,1.25794922E+2,1.03896523E+0,
1.534E006,1.13000000E+2,1.25794922E+2,-1.20364499E+0,
1.535E006,1.27000000E+2,1.25794922E+2,1.06933393E-1,
1.536E006,1.25000000E+2,1.25794922E+2,-7.10999742E-2,
1.537E006,1.31000000E+2,1.25794922E+2,4.54769790E-1,
1.538E006,1.44000000E+2,1.25794922E+2,1.51708984E+0,
1.539E006,1.04000000E+2,1.25794922E+2,-2.13716793E+0,
1.54E06,1.24000000E+2,1.25794922E+2,-1.61188737E-1,
1.541E006,1.30000000E+2,1.25794922E+2,3.68809760E-1,
1.542E006,1.05000000E+2,1.25794922E+2,-2.02937651E+0,
1.543E006,1.38000000E+2,1.25794922E+2,1.03896523E+0,
1.544E006,1.18000000E+2,1.25794922E+2,-7.17580736E-1,
1.545E006,1.31000000E+2,1.25794922E+2,4.54769790E-1,
1.546E006,1.26000000E+2,1.25794922E+2,1.82698127E-2,
1.547E006,1.23000000E+2,1.25794922E+2,-2.52009600E-1,
1.548E006,1.28000000E+2,1.25794922E+2,1.94903210E-1,
1.549E006,1.08000000E+2,1.25794922E+2,-1.71231711E+0,
1.55E06,1.37000000E+2,1.25794922E+2,9.57314432E-1,
1.551E006,1.32000000E+2,1.25794922E+2,5.40082753E-1,
1.552E006,1.13000000E+2,1.25794922E+2,-1.20364499E+0,
1.553E006,1.27000000E+2,1.25794922E+2,1.06933393E-1,
1.554E006,1.06000000E+2,1.25794922E+2,-1.92265284E+0,
1.555E006,1.24000000E+2,1.25794922E+2,-1.61188737E-1,
1.556E006,1.22000000E+2,1.25794922E+2,-3.43576074E-1,
1.557E006,1.16000000E+2,1.25794922E+2,-9.09435689E-1,
1.558E006,1.10000000E+2,1.25794922E+2,-1.50598669E+0,
1.559E006,1.32000000E+2,1.25794922E+2,5.40082753E-1,
1.56E06,1.14000000E+2,1.25794922E+2,-1.10469568E+0,
1.561E006,1.34000000E+2,1.25794922E+2,7.08810806E-1,
1.562E006,1.38000000E+2,1.25794922E+2,1.03896523E+0,
1.563E006,1.30000000E+2,1.25794922E+2,3.68809760E-1,
1.564E006,1.02000000E+2,1.25794922E+2,-2.35604835E+0,
1.565E006,1.19000000E+2,1.25794922E+2,-6.22889459E-1,
1.566E006,1.19000000E+2,1.25794922E+2,-6.22889459E-1,
1.567E006,1.26000000E+2,1.25794922E+2,1.82698127E-2,
1.568E006,1.29000000E+2,1.25794922E+2,2.82191396E-1,
1.569E006,1.34000000E+2,1.25794922E+2,7.08810806E-1,
1.57E06,1.14000000E+2,1.25794922E+2,-1.10469568E+0,
1.571E006,1.30000000E+2,1.25794922E+2,3.68809760E-1,
1.572E006,1.29000000E+2,1.25794922E+2,2.82191396E-1,
1.573E006,1.24000000E+2,1.25794922E+2,-1.61188737E-1,
1.574E006,1.44000000E+2,1.25794922E+2,1.51708984E+0,
1.575E006,1.42000000E+2,1.25794922E+2,1.35989988E+0,
1.576E006,1.20000000E+2,1.25794922E+2,-5.29001594E-1,
1.577E006,1.29000000E+2,1.25794922E+2,2.82191396E-1,
1.578E006,1.29000000E+2,1.25794922E+2,2.82191396E-1,
1.579E006,1.36000000E+2,1.25794922E+2,8.75078261E-1,
1.58E06,1.01000000E+2,1.25794922E+2,-2.46718693E+0,
1.581E006,1.10000000E+2,1.25794922E+2,-1.50598669E+0,
1.582E006,1.23000000E+2,1.25794922E+2,-2.52009600E-1,
1.583E006,1.27000000E+2,1.25794922E+2,1.06933393E-1,
1.584E006,1.36000000E+2,1.25794922E+2,8.75078261E-1,
1.585E006,1.17000000E+2,1.25794922E+2,-8.13090861E-1,
1.586E006,1.14000000E+2,1.25794922E+2,-1.10469568E+0,
1.587E006,1.46000000E+2,1.25794922E+2,1.67218411E+0,
1.588E006,1.32000000E+2,1.25794922E+2,5.40082753E-1,
1.589E006,1.22000000E+2,1.25794922E+2,-3.43576074E-1,
1.59E06,1.23000000E+2,1.25794922E+2,-2.52009600E-1,
1.591E006,1.29000000E+2,1.25794922E+2,2.82191396E-1,
1.592E006,1.19000000E+2,1.25794922E+2,-6.22889459E-1,
1.593E006,1.20000000E+2,1.25794922E+2,-5.29001594E-1,
1.594E006,1.46000000E+2,1.25794922E+2,1.67218411E+0,
1.595E006,1.42000000E+2,1.25794922E+2,1.35989988E+0,
1.596E006,1.24000000E+2,1.25794922E+2,-1.61188737E-1,
1.597E006,1.36000000E+2,1.25794922E+2,8.75078261E-1,
1.598E006,1.34000000E+2,1.25794922E+2,7.08810806E-1,
1.599E006,1.40000000E+2,1.25794922E+2,1.20054817E+0,
1.6E06,1.28000000E+2,1.25794922E+2,1.94903210E-1,
1.601E006,1.17000000E+2,1.25794922E+2,-8.13090861E-1,
1.602E006,1.10000000E+2,1.25794922E+2,-1.50598669E+0,
1.603E006,1.42000000E+2,1.25794922E+2,1.35989988E+0,
1.604E006,1.32000000E+2,1.25794922E+2,5.40082753E-1,
1.605E006,1.41000000E+2,1.25794922E+2,1.28049850E+0,
1.606E006,1.28000000E+2,1.25794922E+2,1.94903210E-1,
1.607E006,1.11000000E+2,1.25794922E+2,-1.40427184E+0,
1.608E006,1.36000000E+2,1.25794922E+2,8.75078261E-1,
1.609E006,1.47000000E+2,1.25794922E+2,1.74896538E+0,
1.61E06,1.20000000E+2,1.25794922E+2,-5.29001594E-1,
1.611E006,1.28000000E+2,1.25794922E+2,1.94903210E-1,
1.612E006,1.38000000E+2,1.25794922E+2,1.03896523E+0,
1.613E006,1.09000000E+2,1.25794922E+2,-1.60866177E+0,
1.614E006,1.20000000E+2,1.25794922E+2,-5.29001594E-1,
1.615E006,1.33000000E+2,1.25794922E+2,6.24759495E-1,
1.616E006,1.24000000E+2,1.25794922E+2,-1.61188737E-1,
1.617E006,1.36000000E+2,1.25794922E+2,8.75078261E-1,
1.618E006,1.46000000E+2,1.25794922E+2,1.67218411E+0,
1.619E006,1.21000000E+2,1.25794922E+2,-4.35901970E-1,
1.62E06,1.37000000E+2,1.25794922E+2,9.57314432E-1,
1.621E006,1.23000000E+2,1.25794922E+2,-2.52009600E-1,
1.622E006,1.32000000E+2,1.25794922E+2,5.40082753E-1,
1.623E006,1.18000000E+2,1.25794922E+2,-7.17580736E-1,
1.624E006,1.36000000E+2,1.25794922E+2,8.75078261E-1,
1.625E006,1.16000000E+2,1.25794922E+2,-9.09435689E-1,
1.626E006,1.34000000E+2,1.25794922E+2,7.08810806E-1,
1.627E006,1.15000000E+2,1.25794922E+2,-1.00663161E+0,
1.628E006,1.31000000E+2,1.25794922E+2,4.54769790E-1,
1.629E006,1.31000000E+2,1.25794922E+2,4.54769790E-1,
1.63E06,1.19000000E+2,1.25794922E+2,-6.22889459E-1,
1.631E006,1.31000000E+2,1.25794922E+2,4.54769790E-1,
1.632E006,1.21000000E+2,1.25794922E+2,-4.35901970E-1,
1.633E006,1.15000000E+2,1.25794922E+2,-1.00663161E+0,
1.634E006,1.24000000E+2,1.25794922E+2,-1.61188737E-1,
1.635E006,1.20000000E+2,1.25794922E+2,-5.29001594E-1,
1.636E006,1.24000000E+2,1.25794922E+2,-1.61188737E-1,
1.637E006,1.48000000E+2,1.25794922E+2,1.82524621E+0,
1.638E006,1.20000000E+2,1.25794922E+2,-5.29001594E-1,
1.639E006,1.30000000E+2,1.25794922E+2,3.68809760E-1,
1.64E06,1.36000000E+2,1.25794922E+2,8.75078261E-1,
1.641E006,1.32000000E+2,1.25794922E+2,5.40082753E-1,
1.642E006,1.26000000E+2,1.25794922E+2,1.82698127E-2,
1.643E006,1.45000000E+2,1.25794922E+2,1.59489489E+0,
1.644E006,1.46000000E+2,1.25794922E+2,1.67218411E+0,
1.645E006,1.31000000E+2,1.25794922E+2,4.54769790E-1,
1.646E006,1.29000000E+2,1.25794922E+2,2.82191396E-1,
1.647E006,1.19000000E+2,1.25794922E+2,-6.22889459E-1,
1.648E006,1.46000000E+2,1.25794922E+2,1.67218411E+0,
1.649E006,1.36000000E+2,1.25794922E+2,8.75078261E-1,
1.65E06,1.31000000E+2,1.25794922E+2,4.54769790E-1,
1.651E006,1.05000000E+2,1.25794922E+2,-2.02937651E+0,
1.652E006,1.36000000E+2,1.25794922E+2,8.75078261E-1,
1.653E006,1.60000000E+2,1.25794922E+2,2.70414877E+0,
1.654E006,1.08000000E+2,1.25794922E+2,-1.71231711E+0,
1.655E006,1.34000000E+2,1.25794922E+2,7.08810806E-1,
1.656E006,1.31000000E+2,1.25794922E+2,4.54769790E-1,
1.657E006,1.28000000E+2,1.25794922E+2,1.94903210E-1,
1.658E006,1.28000000E+2,1.25794922E+2,1.94903210E-1,
1.659E006,1.30000000E+2,1.25794922E+2,3.68809760E-1,
1.66E06,1.19000000E+2,1.25794922E+2,-6.22889459E-1,
1.661E006,1.35000000E+2,1.25794922E+2,7.92246997E-1,
1.662E006,1.31000000E+2,1.25794922E+2,4.54769790E-1,
1.663E006,1.30000000E+2,1.25794922E+2,3.68809760E-1,
1.664E006,1.09000000E+2,1.25794922E+2,-1.60866177E+0,
1.665E006,1.17000000E+2,1.25794922E+2,-8.13090861E-1,
1.666E006,1.34000000E+2,1.25794922E+2,7.08810806E-1,
1.667E006,1.37000000E+2,1.25794922E+2,9.57314432E-1,
1.668E006,1.26000000E+2,1.25794922E+2,1.82698127E-2,
1.669E006,1.12000000E+2,1.25794922E+2,-1.30349767E+0,
1.67E06,1.14000000E+2,1.25794922E+2,-1.10469568E+0,
1.671E006,1.07000000E+2,1.25794922E+2,-1.81697369E+0,
1.672E006,1.34000000E+2,1.25794922E+2,7.08810806E-1,
1.673E006,1.26000000E+2,1.25794922E+2,1.82698127E-2,
1.674E006,1.31000000E+2,1.25794922E+2,4.54769790E-1,
1.675E006,1.29000000E+2,1.25794922E+2,2.82191396E-1,
1.676E006,1.28000000E+2,1.25794922E+2,1.94903210E-1,
1.677E006,1.25000000E+2,1.25794922E+2,-7.10999742E-2,
1.678E006,1.19000000E+2,1.25794922E+2,-6.22889459E-1,
1.679E006,1.24000000E+2,1.25794922E+2,-1.61188737E-1,
1.68E06,1.40000000E+2,1.25794922E+2,1.20054817E+0,
1.681E006,1.35000000E+2,1.25794922E+2,7.92246997E-1,
1.682E006,1.24000000E+2,1.25794922E+2,-1.61188737E-1,
1.683E006,1.26000000E+2,1.25794922E+2,1.82698127E-2,
1.684E006,1.30000000E+2,1.25794922E+2,3.68809760E-1,
1.685E006,1.26000000E+2,1.25794922E+2,1.82698127E-2,
1.686E006,1.25000000E+2,1.25794922E+2,-7.10999742E-2,
1.687E006,1.13000000E+2,1.25794922E+2,-1.20364499E+0,
1.688E006,1.52000000E+2,1.25794922E+2,2.12551260E+0,
1.689E006,1.18000000E+2,1.25794922E+2,-7.17580736E-1,
1.69E06,1.25000000E+2,1.25794922E+2,-7.10999742E-2,
1.691E006,1.24000000E+2,1.25794922E+2,-1.61188737E-1,
1.692E006,1.08000000E+2,1.25794922E+2,-1.71231711E+0,
1.693E006,1.41000000E+2,1.25794922E+2,1.28049850E+0,
1.694E006,1.51000000E+2,1.25794922E+2,2.05116010E+0,
1.695E006,1.27000000E+2,1.25794922E+2,1.06933393E-1,
1.696E006,1.30000000E+2,1.25794922E+2,3.68809760E-1,
1.697E006,1.20000000E+2,1.25794922E+2,-5.29001594E-1,
1.698E006,1.25000000E+2,1.25794922E+2,-7.10999742E-2,
1.699E006,8.80000000E+1,1.25794922E+2,-4.02895212E+0,
1.7E06,1.25000000E+2,1.25794922E+2,-7.10999742E-2,
1.701E006,1.19000000E+2,1.25794922E+2,-6.22889459E-1,
1.702E006,1.17000000E+2,1.25794922E+2,-8.13090861E-1,
1.703E006,1.36000000E+2,1.25794922E+2,8.75078261E-1,
1.704E006,1.39000000E+2,1.25794922E+2,1.12004018E+0,
1.705E006,1.26000000E+2,1.25794922E+2,1.82698127E-2,
1.706E006,1.04000000E+2,1.25794922E+2,-2.13716793E+0,
1.707E006,1.32000000E+2,1.25794922E+2,5.40082753E-1,
1.708E006,1.40000000E+2,1.25794922E+2,1.20054817E+0,
1.709E006,1.24000000E+2,1.25794922E+2,-1.61188737E-1,
1.71E06,1.13000000E+2,1.25794922E+2,-1.20364499E+0,
1.711E006,1.10000000E+2,1.25794922E+2,-1.50598669E+0,
1.712E006,1.36000000E+2,1.25794922E+2,8.75078261E-1,
1.713E006,1.26000000E+2,1.25794922E+2,1.82698127E-2,
1.714E006,1.17000000E+2,1.25794922E+2,-8.13090861E-1,
1.715E006,1.22000000E+2,1.25794922E+2,-3.43576074E-1,
1.716E006,1.37000000E+2,1.25794922E+2,9.57314432E-1,
1.717E006,1.22000000E+2,1.25794922E+2,-3.43576074E-1,
1.718E006,1.49000000E+2,1.25794922E+2,1.90103412E+0,
1.719E006,1.44000000E+2,1.25794922E+2,1.51708984E+0,
1.72E06,1.22000000E+2,1.25794922E+2,-3.43576074E-1,
1.721E006,1.51000000E+2,1.25794922E+2,2.05116010E+0,
1.722E006,1.28000000E+2,1.25794922E+2,1.94903210E-1,
1.723E006,1.11000000E+2,1.25794922E+2,-1.40427184E+0,
1.724E006,1.27000000E+2,1.25794922E+2,1.06933393E-1,
1.725E006,1.37000000E+2,1.25794922E+2,9.57314432E-1,
1.726E006,1.26000000E+2,1.25794922E+2,1.82698127E-2,
1.727E006,1.36000000E+2,1.25794922E+2,8.75078261E-1,
1.728E006,1.53000000E+2,1.25794922E+2,2.19940019E+0,
1.729E006,1.37000000E+2,1.25794922E+2,9.57314432E-1,
1.73E06,1.51000000E+2,1.25794922E+2,2.05116010E+0,
1.731E006,1.18000000E+2,1.25794922E+2,-7.17580736E-1,
1.732E006,1.06000000E+2,1.25794922E+2,-1.92265284E+0,
1.733E006,1.05000000E+2,1.25794922E+2,-2.02937651E+0,
1.734E006,1.25000000E+2,1.25794922E+2,-7.10999742E-2,
1.735E006,1.22000000E+2,1.25794922E+2,-3.43576074E-1,
1.736E006,1.27000000E+2,1.25794922E+2,1.06933393E-1,
1.737E006,1.24000000E+2,1.25794922E+2,-1.61188737E-1,
1.738E006,1.24000000E+2,1.25794922E+2,-1.61188737E-1,
1.739E006,1.16000000E+2,1.25794922E+2,-9.09435689E-1,
1.74E06,1.27000000E+2,1.25794922E+2,1.06933393E-1,
1.741E006,1.49000000E+2,1.25794922E+2,1.90103412E+0,
1.742E006,1.20000000E+2,1.25794922E+2,-5.29001594E-1,
1.743E006,1.41000000E+2,1.25794922E+2,1.28049850E+0,
1.744E006,1.26000000E+2,1.25794922E+2,1.82698127E-2,
1.745E006,1.32000000E+2,1.25794922E+2,5.40082753E-1,
1.746E006,1.21000000E+2,1.25794922E+2,-4.35901970E-1,
1.747E006,1.27000000E+2,1.25794922E+2,1.06933393E-1,
1.748E006,1.16000000E+2,1.25794922E+2,-9.09435689E-1,
1.749E006,1.23000000E+2,1.25794922E+2,-2.52009600E-1,
1.75E06,1.29000000E+2,1.25794922E+2,2.82191396E-1,
1.751E006,1.34000000E+2,1.25794922E+2,7.08810806E-1,
1.752E006,1.37000000E+2,1.25794922E+2,9.57314432E-1,
1.753E006,1.49000000E+2,1.25794922E+2,1.90103412E+0,
1.754E006,1.18000000E+2,1.25794922E+2,-7.17580736E-1,
1.755E006,1.10000000E+2,1.25794922E+2,-1.50598669E+0,
1.756E006,1.10000000E+2,1.25794922E+2,-1.50598669E+0,
1.757E006,1.23000000E+2,1.25794922E+2,-2.52009600E-1,
1.758E006,1.39000000E+2,1.25794922E+2,1.12004018E+0,
1.759E006,1.19000000E+2,1.25794922E+2,-6.22889459E-1,
1.76E06,1.28000000E+2,1.25794922E+2,1.94903210E-1,
1.761E006,1.43000000E+2,1.25794922E+2,1.43876088E+0,
1.762E006,1.43000000E+2,1.25794922E+2,1.43876088E+0,
1.763E006,1.08000000E+2,1.25794922E+2,-1.71231711E+0,
1.764E006,1.24000000E+2,1.25794922E+2,-1.61188737E-1,
1.765E006,1.40000000E+2,1.25794922E+2,1.20054817E+0,
1.766E006,1.31000000E+2,1.25794922E+2,4.54769790E-1,
1.767E006,1.26000000E+2,1.25794922E+2,1.82698127E-2,
1.768E006,1.18000000E+2,1.25794922E+2,-7.17580736E-1,
1.769E006,1.18000000E+2,1.25794922E+2,-7.17580736E-1,
1.77E06,1.24000000E+2,1.25794922E+2,-1.61188737E-1,
1.771E006,1.12000000E+2,1.25794922E+2,-1.30349767E+0,
1.772E006,1.43000000E+2,1.25794922E+2,1.43876088E+0,
1.773E006,1.30000000E+2,1.25794922E+2,3.68809760E-1,
1.774E006,1.34000000E+2,1.25794922E+2,7.08810806E-1,
1.775E006,1.42000000E+2,1.25794922E+2,1.35989988E+0,
1.776E006,1.07000000E+2,1.25794922E+2,-1.81697369E+0,
1.777E006,1.34000000E+2,1.25794922E+2,7.08810806E-1,
1.778E006,1.38000000E+2,1.25794922E+2,1.03896523E+0,
1.779E006,1.11000000E+2,1.25794922E+2,-1.40427184E+0,
1.78E06,1.38000000E+2,1.25794922E+2,1.03896523E+0,
1.781E006,1.30000000E+2,1.25794922E+2,3.68809760E-1,
1.782E006,1.41000000E+2,1.25794922E+2,1.28049850E+0,
1.783E006,1.23000000E+2,1.25794922E+2,-2.52009600E-1,
1.784E006,1.19000000E+2,1.25794922E+2,-6.22889459E-1,
1.785E006,1.22000000E+2,1.25794922E+2,-3.43576074E-1,
1.786E006,1.22000000E+2,1.25794922E+2,-3.43576074E-1,
1.787E006,1.20000000E+2,1.25794922E+2,-5.29001594E-1,
1.788E006,1.15000000E+2,1.25794922E+2,-1.00663161E+0,
1.789E006,1.14000000E+2,1.25794922E+2,-1.10469568E+0,
1.79E06,1.08000000E+2,1.25794922E+2,-1.71231711E+0,
1.791E006,1.08000000E+2,1.25794922E+2,-1.71231711E+0,
1.792E006,1.27000000E+2,1.25794922E+2,1.06933393E-1,
1.793E006,1.07000000E+2,1.25794922E+2,-1.81697369E+0,
1.794E006,1.26000000E+2,1.25794922E+2,1.82698127E-2,
1.795E006,1.38000000E+2,1.25794922E+2,1.03896523E+0,
1.796E006,1.15000000E+2,1.25794922E+2,-1.00663161E+0,
1.797E006,1.34000000E+2,1.25794922E+2,7.08810806E-1,
1.798E006,1.31000000E+2,1.25794922E+2,4.54769790E-1,
1.799E006,1.18000000E+2,1.25794922E+2,-7.17580736E-1,
1.8E06,1.16000000E+2,1.25794922E+2,-9.09435689E-1,
1.801E006,1.47000000E+2,1.25794922E+2,1.74896538E+0,
1.802E006,1.28000000E+2,1.25794922E+2,1.94903210E-1,
1.803E006,1.28000000E+2,1.25794922E+2,1.94903210E-1,
1.804E006,1.22000000E+2,1.25794922E+2,-3.43576074E-1,
1.805E006,1.25000000E+2,1.25794922E+2,-7.10999742E-2,
1.806E006,1.21000000E+2,1.25794922E+2,-4.35901970E-1,
1.807E006,1.25000000E+2,1.25794922E+2,-7.10999742E-2,
1.808E006,1.39000000E+2,1.25794922E+2,1.12004018E+0,
1.809E006,1.17000000E+2,1.25794922E+2,-8.13090861E-1,
1.81E06,1.26000000E+2,1.25794922E+2,1.82698127E-2,
1.811E006,1.29000000E+2,1.25794922E+2,2.82191396E-1,
1.812E006,1.27000000E+2,1.25794922E+2,1.06933393E-1,
1.813E006,1.27000000E+2,1.25794922E+2,1.06933393E-1,
1.814E006,1.17000000E+2,1.25794922E+2,-8.13090861E-1,
1.815E006,1.32000000E+2,1.25794922E+2,5.40082753E-1,
1.816E006,1.20000000E+2,1.25794922E+2,-5.29001594E-1,
1.817E006,1.25000000E+2,1.25794922E+2,-7.10999742E-2,
1.818E006,1.14000000E+2,1.25794922E+2,-1.10469568E+0,
1.819E006,1.24000000E+2,1.25794922E+2,-1.61188737E-1,
1.82E06,1.40000000E+2,1.25794922E+2,1.20054817E+0,
1.821E006,1.27000000E+2,1.25794922E+2,1.06933393E-1,
1.822E006,1.41000000E+2,1.25794922E+2,1.28049850E+0,
1.823E006,1.33000000E+2,1.25794922E+2,6.24759495E-1,
1.824E006,1.24000000E+2,1.25794922E+2,-1.61188737E-1,
1.825E006,1.19000000E+2,1.25794922E+2,-6.22889459E-1,
1.826E006,1.33000000E+2,1.25794922E+2,6.24759495E-1,
1.827E006,1.38000000E+2,1.25794922E+2,1.03896523E+0,
1.828E006,1.05000000E+2,1.25794922E+2,-2.02937651E+0,
1.829E006,1.06000000E+2,1.25794922E+2,-1.92265284E+0,
1.83E06,1.38000000E+2,1.25794922E+2,1.03896523E+0,
1.831E006,1.25000000E+2,1.25794922E+2,-7.10999742E-2,
1.832E006,1.27000000E+2,1.25794922E+2,1.06933393E-1,
1.833E006,1.37000000E+2,1.25794922E+2,9.57314432E-1,
1.834E006,1.23000000E+2,1.25794922E+2,-2.52009600E-1,
1.835E006,1.40000000E+2,1.25794922E+2,1.20054817E+0,
1.836E006,1.26000000E+2,1.25794922E+2,1.82698127E-2,
1.837E006,1.35000000E+2,1.25794922E+2,7.92246997E-1,
1.838E006,1.07000000E+2,1.25794922E+2,-1.81697369E+0,
1.839E006,1.38000000E+2,1.25794922E+2,1.03896523E+0,
1.84E06,1.32000000E+2,1.25794922E+2,5.40082753E-1,
1.841E006,1.20000000E+2,1.25794922E+2,-5.29001594E-1,
1.842E006,1.24000000E+2,1.25794922E+2,-1.61188737E-1,
1.843E006,1.30000000E+2,1.25794922E+2,3.68809760E-1,
1.844E006,1.17000000E+2,1.25794922E+2,-8.13090861E-1,
1.845E006,1.35000000E+2,1.25794922E+2,7.92246997E-1,
1.846E006,1.11000000E+2,1.25794922E+2,-1.40427184E+0,
1.847E006,1.32000000E+2,1.25794922E+2,5.40082753E-1,
1.848E006,1.31000000E+2,1.25794922E+2,4.54769790E-1,
1.849E006,1.17000000E+2,1.25794922E+2,-8.13090861E-1,
1.85E06,1.05000000E+2,1.25794922E+2,-2.02937651E+0,
1.851E006,1.24000000E+2,1.25794922E+2,-1.61188737E-1,
1.852E006,1.29000000E+2,1.25794922E+2,2.82191396E-1,
1.853E006,1.23000000E+2,1.25794922E+2,-2.52009600E-1,
1.854E006,1.51000000E+2,1.25794922E+2,2.05116010E+0,
1.855E006,1.46000000E+2,1.25794922E+2,1.67218411E+0,
1.856E006,1.43000000E+2,1.25794922E+2,1.43876088E+0,
1.857E006,1.25000000E+2,1.25794922E+2,-7.10999742E-2,
1.858E006,1.15000000E+2,1.25794922E+2,-1.00663161E+0,
1.859E006,1.30000000E+2,1.25794922E+2,3.68809760E-1,
1.86E06,1.45000000E+2,1.25794922E+2,1.59489489E+0,
1.861E006,1.18000000E+2,1.25794922E+2,-7.17580736E-1,
1.862E006,1.24000000E+2,1.25794922E+2,-1.61188737E-1,
1.863E006,1.34000000E+2,1.25794922E+2,7.08810806E-1,
1.864E006,1.24000000E+2,1.25794922E+2,-1.61188737E-1,
1.865E006,1.39000000E+2,1.25794922E+2,1.12004018E+0,
1.866E006,1.44000000E+2,1.25794922E+2,1.51708984E+0,
1.867E006,1.43000000E+2,1.25794922E+2,1.43876088E+0,
1.868E006,1.21000000E+2,1.25794922E+2,-4.35901970E-1,
1.869E006,1.34000000E+2,1.25794922E+2,7.08810806E-1,
1.87E06,1.25000000E+2,1.25794922E+2,-7.10999742E-2,
1.871E006,1.32000000E+2,1.25794922E+2,5.40082753E-1,
1.872E006,1.16000000E+2,1.25794922E+2,-9.09435689E-1,
1.873E006,1.32000000E+2,1.25794922E+2,5.40082753E-1,
1.874E006,1.05000000E+2,1.25794922E+2,-2.02937651E+0,
1.875E006,1.20000000E+2,1.25794922E+2,-5.29001594E-1,
1.876E006,1.39000000E+2,1.25794922E+2,1.12004018E+0,
1.877E006,1.21000000E+2,1.25794922E+2,-4.35901970E-1,
1.878E006,1.22000000E+2,1.25794922E+2,-3.43576074E-1,
1.879E006,1.02000000E+2,1.25794922E+2,-2.35604835E+0,
1.88E06,1.21000000E+2,1.25794922E+2,-4.35901970E-1,
1.881E006,9.90000000E+1,1.25794922E+2,-2.69299102E+0,
1.882E006,1.34000000E+2,1.25794922E+2,7.08810806E-1,
1.883E006,1.28000000E+2,1.25794922E+2,1.94903210E-1,
1.884E006,1.36000000E+2,1.25794922E+2,8.75078261E-1,
1.885E006,1.20000000E+2,1.25794922E+2,-5.29001594E-1,
1.886E006,1.46000000E+2,1.25794922E+2,1.67218411E+0,
1.887E006,1.36000000E+2,1.25794922E+2,8.75078261E-1,
1.888E006,1.13000000E+2,1.25794922E+2,-1.20364499E+0,
1.889E006,1.32000000E+2,1.25794922E+2,5.40082753E-1,
1.89E06,1.15000000E+2,1.25794922E+2,-1.00663161E+0,
1.891E006,1.24000000E+2,1.25794922E+2,-1.61188737E-1,
1.892E006,1.38000000E+2,1.25794922E+2,1.03896523E+0,
1.893E006,1.14000000E+2,1.25794922E+2,-1.10469568E+0,
1.894E006,1.39000000E+2,1.25794922E+2,1.12004018E+0,
1.895E006,1.24000000E+2,1.25794922E+2,-1.61188737E-1,
1.896E006,1.26000000E+2,1.25794922E+2,1.82698127E-2,
1.897E006,1.44000000E+2,1.25794922E+2,1.51708984E+0,
1.898E006,1.07000000E+2,1.25794922E+2,-1.81697369E+0,
1.899E006,1.19000000E+2,1.25794922E+2,-6.22889459E-1,
1.9E06,1.04000000E+2,1.25794922E+2,-2.13716793E+0,
1.901E006,1.26000000E+2,1.25794922E+2,1.82698127E-2,
1.902E006,1.45000000E+2,1.25794922E+2,1.59489489E+0,
1.903E006,1.47000000E+2,1.25794922E+2,1.74896538E+0,
1.904E006,1.11000000E+2,1.25794922E+2,-1.40427184E+0,
1.905E006,1.42000000E+2,1.25794922E+2,1.35989988E+0,
1.906E006,1.34000000E+2,1.25794922E+2,7.08810806E-1,
1.907E006,1.04000000E+2,1.25794922E+2,-2.13716793E+0,
1.908E006,1.26000000E+2,1.25794922E+2,1.82698127E-2,
1.909E006,1.48000000E+2,1.25794922E+2,1.82524621E+0,
1.91E06,1.35000000E+2,1.25794922E+2,7.92246997E-1,
1.911E006,1.41000000E+2,1.25794922E+2,1.28049850E+0,
1.912E006,1.18000000E+2,1.25794922E+2,-7.17580736E-1,
1.913E006,1.43000000E+2,1.25794922E+2,1.43876088E+0,
1.914E006,1.23000000E+2,1.25794922E+2,-2.52009600E-1,
1.915E006,1.33000000E+2,1.25794922E+2,6.24759495E-1,
1.916E006,1.17000000E+2,1.25794922E+2,-8.13090861E-1,
1.917E006,1.50000000E+2,1.25794922E+2,1.97633636E+0,
1.918E006,1.17000000E+2,1.25794922E+2,-8.13090861E-1,
1.919E006,1.25000000E+2,1.25794922E+2,-7.10999742E-2,
1.92E06,1.20000000E+2,1.25794922E+2,-5.29001594E-1,
1.921E006,1.52000000E+2,1.25794922E+2,2.12551260E+0,
1.922E006,1.16000000E+2,1.25794922E+2,-9.09435689E-1,
1.923E006,1.05000000E+2,1.25794922E+2,-2.02937651E+0,
1.924E006,1.19000000E+2,1.25794922E+2,-6.22889459E-1,
1.925E006,1.15000000E+2,1.25794922E+2,-1.00663161E+0,
1.926E006,1.09000000E+2,1.25794922E+2,-1.60866177E+0,
1.927E006,1.32000000E+2,1.25794922E+2,5.40082753E-1,
1.928E006,1.31000000E+2,1.25794922E+2,4.54769790E-1,
1.929E006,1.14000000E+2,1.25794922E+2,-1.10469568E+0,
1.93E06,1.18000000E+2,1.25794922E+2,-7.17580736E-1,
1.931E006,1.38000000E+2,1.25794922E+2,1.03896523E+0,
1.932E006,1.29000000E+2,1.25794922E+2,2.82191396E-1,
1.933E006,1.20000000E+2,1.25794922E+2,-5.29001594E-1,
1.934E006,1.32000000E+2,1.25794922E+2,5.40082753E-1,
1.935E006,1.40000000E+2,1.25794922E+2,1.20054817E+0,
1.936E006,1.24000000E+2,1.25794922E+2,-1.61188737E-1,
1.937E006,1.26000000E+2,1.25794922E+2,1.82698127E-2,
1.938E006,1.24000000E+2,1.25794922E+2,-1.61188737E-1,
1.939E006,1.49000000E+2,1.25794922E+2,1.90103412E+0,
1.94E06,1.19000000E+2,1.25794922E+2,-6.22889459E-1,
1.941E006,1.38000000E+2,1.25794922E+2,1.03896523E+0,
1.942E006,1.26000000E+2,1.25794922E+2,1.82698127E-2,
1.943E006,1.35000000E+2,1.25794922E+2,7.92246997E-1,
1.944E006,1.21000000E+2,1.25794922E+2,-4.35901970E-1,
1.945E006,1.31000000E+2,1.25794922E+2,4.54769790E-1,
1.946E006,1.28000000E+2,1.25794922E+2,1.94903210E-1,
1.947E006,1.35000000E+2,1.25794922E+2,7.92246997E-1,
1.948E006,1.22000000E+2,1.25794922E+2,-3.43576074E-1,
1.949E006,1.29000000E+2,1.25794922E+2,2.82191396E-1,
1.95E06,1.05000000E+2,1.25794922E+2,-2.02937651E+0,
1.951E006,9.90000000E+1,1.25794922E+2,-2.69299102E+0,
1.952E006,1.38000000E+2,1.25794922E+2,1.03896523E+0,
1.953E006,1.41000000E+2,1.25794922E+2,1.28049850E+0,
1.954E006,1.24000000E+2,1.25794922E+2,-1.61188737E-1,
1.955E006,1.17000000E+2,1.25794922E+2,-8.13090861E-1,
1.956E006,1.32000000E+2,1.25794922E+2,5.40082753E-1,
1.957E006,1.18000000E+2,1.25794922E+2,-7.17580736E-1,
1.958E006,1.30000000E+2,1.25794922E+2,3.68809760E-1,
1.959E006,1.31000000E+2,1.25794922E+2,4.54769790E-1,
1.96E06,1.26000000E+2,1.25794922E+2,1.82698127E-2,
1.961E006,1.40000000E+2,1.25794922E+2,1.20054817E+0,
1.962E006,1.13000000E+2,1.25794922E+2,-1.20364499E+0,
1.963E006,1.27000000E+2,1.25794922E+2,1.06933393E-1,
1.964E006,1.16000000E+2,1.25794922E+2,-9.09435689E-1,
1.965E006,1.31000000E+2,1.25794922E+2,4.54769790E-1,
1.966E006,1.19000000E+2,1.25794922E+2,-6.22889459E-1,
1.967E006,1.30000000E+2,1.25794922E+2,3.68809760E-1,
1.968E006,1.23000000E+2,1.25794922E+2,-2.52009600E-1,
1.969E006,1.11000000E+2,1.25794922E+2,-1.40427184E+0,
1.97E06,1.00000000E+2,1.25794922E+2,-2.57949209E+0,
1.971E006,1.19000000E+2,1.25794922E+2,-6.22889459E-1,
1.972E006,1.24000000E+2,1.25794922E+2,-1.61188737E-1,
1.973E006,1.22000000E+2,1.25794922E+2,-3.43576074E-1,
1.974E006,1.00000000E+2,1.25794922E+2,-2.57949209E+0,
1.975E006,1.19000000E+2,1.25794922E+2,-6.22889459E-1,
1.976E006,1.18000000E+2,1.25794922E+2,-7.17580736E-1,
1.977E006,1.32000000E+2,1.25794922E+2,5.40082753E-1,
1.978E006,1.18000000E+2,1.25794922E+2,-7.17580736E-1,
1.979E006,1.37000000E+2,1.25794922E+2,9.57314432E-1,
1.98E06,1.39000000E+2,1.25794922E+2,1.12004018E+0,
1.981E006,1.30000000E+2,1.25794922E+2,3.68809760E-1,
1.982E006,1.41000000E+2,1.25794922E+2,1.28049850E+0,
1.983E006,1.43000000E+2,1.25794922E+2,1.43876088E+0,
1.984E006,1.36000000E+2,1.25794922E+2,8.75078261E-1,
1.985E006,1.22000000E+2,1.25794922E+2,-3.43576074E-1,
1.986E006,1.29000000E+2,1.25794922E+2,2.82191396E-1,
1.987E006,1.18000000E+2,1.25794922E+2,-7.17580736E-1,
1.988E006,1.32000000E+2,1.25794922E+2,5.40082753E-1,
1.989E006,1.28000000E+2,1.25794922E+2,1.94903210E-1,
1.99E06,1.24000000E+2,1.25794922E+2,-1.61188737E-1,
1.991E006,1.25000000E+2,1.25794922E+2,-7.10999742E-2,
1.992E006,1.11000000E+2,1.25794922E+2,-1.40427184E+0,
1.993E006,1.23000000E+2,1.25794922E+2,-2.52009600E-1,
1.994E006,1.19000000E+2,1.25794922E+2,-6.22889459E-1,
1.995E006,1.23000000E+2,1.25794922E+2,-2.52009600E-1,
1.996E006,1.28000000E+2,1.25794922E+2,1.94903210E-1,
1.997E006,1.37000000E+2,1.25794922E+2,9.57314432E-1,
1.998E006,1.39000000E+2,1.25794922E+2,1.12004018E+0,
1.999E006,1.17000000E+2,1.25794922E+2,-8.13090861E-1,
