0.07CR-FITTED

Labels,Decay11 on Em1,Decay11 on Em1F2,Decay11 on Em1F2R,
Type,Time Scan,Exponential Fit Time Scan,Weighted Residuals Time Scan,
Comment,,,,
Start,0.00,1.14E05,1.14E05,
Stop,1.999E006,1.999E006,1.999E006,
Step,1000.00,1000.00,1000.00,
Fixed/Offset, , , ,
XAxis,Time(ns),Time,Time,
YAxis,Counts,Counts,Counts,
Chi2,,0.9825150,,
dt,,,,
dtErr,,,,
A,,123.25900,,
Tau1,,23.981117,,
Tau2,,45.318932,,
Tau3,,,,
Tau4,,,,
B1,,7132.491700,,
B2,,933.354550,,
B3,,,,
B4,,,,
Tau1Err,,0.58074123,,
Tau2Err,,4.309270,,
Tau3Err,,,,
Tau4Err,,,,
B1Err,,332.459750,,
B2Err,,349.8100,,
B3Err,,,,
B4Err,,,,
TauAvInt,,28.211662,,
TauAvAmp,,26.450262,,
TauAvIntErr,,1.7813082,,
TauAvAmpErr,,1.0919647,,

0.00,1.23000000E+2, , ,
1000.00,1.24000000E+2, , ,
2000.00,1.11000000E+2, , ,
3000.00,1.41000000E+2, , ,
4000.00,1.12000000E+2, , ,
5000.00,1.23000000E+2, , ,
6000.00,1.25000000E+2, , ,
7000.00,1.23000000E+2, , ,
8000.00,1.32000000E+2, , ,
9000.00,1.31000000E+2, , ,
1E04,1.28000000E+2, , ,
1.1E04,1.05000000E+2, , ,
1.2E04,1.09000000E+2, , ,
1.3E04,1.05000000E+2, , ,
1.4E04,1.14000000E+2, , ,
1.5E04,1.21000000E+2, , ,
1.6E04,1.26000000E+2, , ,
1.7E04,1.14000000E+2, , ,
1.8E04,1.32000000E+2, , ,
1.9E04,1.40000000E+2, , ,
2E04,1.06000000E+2, , ,
2.1E04,1.31000000E+2, , ,
2.2E04,1.34000000E+2, , ,
2.3E04,1.08000000E+2, , ,
2.4E04,1.21000000E+2, , ,
2.5E04,9.90000000E+1, , ,
2.6E04,1.42000000E+2, , ,
2.7E04,1.10000000E+2, , ,
2.8E04,1.44000000E+2, , ,
2.9E04,1.10000000E+2, , ,
3E04,1.10000000E+2, , ,
3.1E04,1.23000000E+2, , ,
3.2E04,1.25000000E+2, , ,
3.3E04,1.37000000E+2, , ,
3.4E04,1.18000000E+2, , ,
3.5E04,1.15000000E+2, , ,
3.6E04,1.14000000E+2, , ,
3.7E04,1.42000000E+2, , ,
3.8E04,1.26000000E+2, , ,
3.9E04,1.30000000E+2, , ,
4E04,1.39000000E+2, , ,
4.1E04,1.16000000E+2, , ,
4.2E04,1.21000000E+2, , ,
4.3E04,1.25000000E+2, , ,
4.4E04,1.24000000E+2, , ,
4.5E04,1.33000000E+2, , ,
4.6E04,1.50000000E+2, , ,
4.7E04,1.21000000E+2, , ,
4.8E04,1.20000000E+2, , ,
4.9E04,1.26000000E+2, , ,
5E04,1.31000000E+2, , ,
5.1E04,1.02000000E+2, , ,
5.2E04,1.16000000E+2, , ,
5.3E04,1.31000000E+2, , ,
5.4E04,1.03000000E+2, , ,
5.5E04,1.22000000E+2, , ,
5.6E04,1.23000000E+2, , ,
5.7E04,1.11000000E+2, , ,
5.8E04,1.21000000E+2, , ,
5.9E04,1.30000000E+2, , ,
6E04,1.20000000E+2, , ,
6.1E04,1.20000000E+2, , ,
6.2E04,1.33000000E+2, , ,
6.3E04,1.38000000E+2, , ,
6.4E04,1.14000000E+2, , ,
6.5E04,1.23000000E+2, , ,
6.6E04,1.36000000E+2, , ,
6.7E04,1.09000000E+2, , ,
6.8E04,1.28000000E+2, , ,
6.9E04,1.18000000E+2, , ,
7E04,1.23000000E+2, , ,
7.1E04,1.21000000E+2, , ,
7.2E04,1.22000000E+2, , ,
7.3E04,1.16000000E+2, , ,
7.4E04,1.21000000E+2, , ,
7.5E04,1.38000000E+2, , ,
7.6E04,1.38000000E+2, , ,
7.7E04,1.33000000E+2, , ,
7.8E04,1.11000000E+2, , ,
7.9E04,1.32000000E+2, , ,
8E04,1.23000000E+2, , ,
8.1E04,1.24000000E+2, , ,
8.2E04,1.18000000E+2, , ,
8.3E04,1.30000000E+2, , ,
8.4E04,1.45000000E+2, , ,
8.5E04,1.29000000E+2, , ,
8.6E04,1.34000000E+2, , ,
8.7E04,1.23000000E+2, , ,
8.8E04,1.33000000E+2, , ,
8.9E04,1.23000000E+2, , ,
9E04,1.20000000E+2, , ,
9.1E04,1.30000000E+2, , ,
9.2E04,1.18000000E+2, , ,
9.3E04,1.33000000E+2, , ,
9.4E04,1.24000000E+2, , ,
9.5E04,1.04000000E+2, , ,
9.6E04,1.19000000E+2, , ,
9.7E04,1.14000000E+2, , ,
9.8E04,1.12000000E+2, , ,
9.9E04,1.27000000E+2, , ,
1E05,1.10000000E+2, , ,
1.01E05,1.36000000E+2, , ,
1.02E05,1.40000000E+2, , ,
1.03E05,1.16000000E+2, , ,
1.04E05,1.35000000E+2, , ,
1.05E05,2.06000000E+2, , ,
1.06E05,1.08500000E+3, , ,
1.07E05,1.15000000E+2, , ,
1.08E05,1.14000000E+2, , ,
1.09E05,3.05000000E+2, , ,
1.1E05,2.22400000E+3, , ,
1.11E05,5.41000000E+3, , ,
1.12E05,7.50200000E+3, , ,
1.13E05,8.00200000E+3, , ,
1.14E05,7.73600000E+3,7.87743066E+3,-1.60799742E+0,
1.15E05,7.54500000E+3,7.57809766E+3,-3.81037414E-1,
1.16E05,7.18100000E+3,7.29061133E+3,-1.29348969E+0,
1.17E05,7.04000000E+3,7.01449512E+3,3.03974390E-1,
1.18E05,6.78400000E+3,6.74929395E+3,4.21368748E-1,
1.19E05,6.54900000E+3,6.49457031E+3,6.72586799E-1,
1.2E05,6.26700000E+3,6.24990234E+3,2.15976626E-1,
1.21E05,6.07800000E+3,6.01488867E+3,8.09518874E-1,
1.22E05,5.83700000E+3,5.78913965E+3,6.26442254E-1,
1.23E05,5.66500000E+3,5.57228711E+3,1.23179984E+0,
1.24E05,5.32300000E+3,5.36397363E+3,-5.61598897E-1,
1.25E05,5.17400000E+3,5.16385742E+3,1.41005203E-1,
1.26E05,4.87700000E+3,4.97161035E+3,-1.35475969E+0,
1.27E05,4.75600000E+3,4.78691797E+3,-4.48321968E-1,
1.28E05,4.72900000E+3,4.60947754E+3,1.73806047E+0,
1.29E05,4.47500000E+3,4.43900000E+3,5.38153291E-1,
1.3E05,4.20800000E+3,4.27520703E+3,-1.03604078E+0,
1.31E05,4.14100000E+3,4.11783154E+3,3.60034823E-1,
1.32E05,3.96500000E+3,3.96661719E+3,-2.56825872E-2,
1.33E05,3.90300000E+3,3.82131812E+3,1.30745411E+0,
1.34E05,3.70200000E+3,3.68169897E+3,3.33656639E-1,
1.35E05,3.57100000E+3,3.54753296E+3,3.92702252E-1,
1.36E05,3.41400000E+3,3.41860254E+3,-7.87708834E-2,
1.37E05,3.33400000E+3,3.29469971E+3,6.80632949E-1,
1.38E05,3.15900000E+3,3.17562378E+3,-2.95770556E-1,
1.39E05,3.02100000E+3,3.06118359E+3,-7.31094360E-1,
1.4E05,2.96300000E+3,2.95119385E+3,2.16891512E-1,
1.41E05,2.91700000E+3,2.84547827E+3,1.32424939E+0,
1.42E05,2.73800000E+3,2.74386670E+3,-1.12118453E-1,
1.43E05,2.76700000E+3,2.64619629E+3,2.29654884E+0,
1.44E05,2.46700000E+3,2.55231055E+3,-1.71758473E+0,
1.45E05,2.42300000E+3,2.46205981E+3,-7.93511927E-1,
1.46E05,2.36400000E+3,2.37529932E+3,-2.32395887E-1,
1.47E05,2.29800000E+3,2.29189136E+3,1.27429411E-1,
1.48E05,2.21900000E+3,2.21170264E+3,1.54912800E-1,
1.49E05,2.08300000E+3,2.13460596E+3,-1.13072038E+0,
1.5E05,2.02200000E+3,2.06047949E+3,-8.55733931E-1,
1.51E05,1.99400000E+3,1.98920532E+3,1.07373431E-1,
1.52E05,1.88800000E+3,1.92067078E+3,-7.51897216E-1,
1.53E05,1.89000000E+3,1.85476782E+3,8.10417116E-1,
1.54E05,1.83100000E+3,1.79139270E+3,9.25616443E-1,
1.55E05,1.71800000E+3,1.73044580E+3,-3.00269544E-1,
1.56E05,1.62400000E+3,1.67183118E+3,-1.18691075E+0,
1.57E05,1.58500000E+3,1.61545715E+3,-7.65023291E-1,
1.58E05,1.54200000E+3,1.56123572E+3,-4.89853501E-1,
1.59E05,1.48100000E+3,1.50908203E+3,-7.29711175E-1,
1.6E05,1.47900000E+3,1.45891479E+3,5.22266507E-1,
1.61E05,1.39800000E+3,1.41065625E+3,-3.38494390E-1,
1.62E05,1.36900000E+3,1.36423120E+3,1.28886461E-1,
1.63E05,1.37700000E+3,1.31956799E+3,1.54770088E+0,
1.64E05,1.25400000E+3,1.27659753E+3,-6.38134599E-1,
1.65E05,1.23700000E+3,1.23525354E+3,4.96562347E-2,
1.66E05,1.19000000E+3,1.19547241E+3,-1.58637300E-1,
1.67E05,1.13300000E+3,1.15719299E+3,-7.18744695E-1,
1.68E05,1.11000000E+3,1.12035669E+3,-3.10856164E-1,
1.69E05,1.11300000E+3,1.08490723E+3,8.42067778E-1,
1.7E05,1.10100000E+3,1.05079041E+3,1.51318860E+0,
1.71E05,1.05700000E+3,1.01795447E+3,1.20097470E+0,
1.72E05,9.43000000E+2,9.86349487E+2,-1.41165352E+0,
1.73E05,8.96000000E+2,9.55927551E+2,-2.00203896E+0,
1.74E05,9.23000000E+2,9.26642761E+2,-1.19902946E-1,
1.75E05,8.61000000E+2,8.98450867E+2,-1.27632213E+0,
1.76E05,8.88000000E+2,8.71309692E+2,5.60090065E-1,
1.77E05,7.76000000E+2,8.45178345E+2,-2.48335791E+0,
1.78E05,8.29000000E+2,8.20017761E+2,3.11966062E-1,
1.79E05,7.88000000E+2,7.95790405E+2,-2.77521700E-1,
1.8E05,8.15000000E+2,7.72460266E+2,1.49010193E+0,
1.81E05,7.42000000E+2,7.49992615E+2,-2.93418109E-1,
1.82E05,7.21000000E+2,7.28354309E+2,-2.73888797E-1,
1.83E05,7.25000000E+2,7.07513367E+2,6.49437249E-1,
1.84E05,6.76000000E+2,6.87439148E+2,-4.39967245E-1,
1.85E05,6.36000000E+2,6.68102051E+2,-1.27292907E+0,
1.86E05,6.52000000E+2,6.49473877E+2,9.89306122E-2,
1.87E05,6.55000000E+2,6.31527466E+2,9.17147815E-1,
1.88E05,6.09000000E+2,6.14236572E+2,-2.12196618E-1,
1.89E05,6.02000000E+2,5.97576294E+2,1.80296794E-1,
1.9E05,6.12000000E+2,5.81522339E+2,1.23198640E+0,
1.91E05,5.91000000E+2,5.66051636E+2,1.02623856E+0,
1.92E05,5.34000000E+2,5.51141968E+2,-7.41805494E-1,
1.93E05,5.38000000E+2,5.36771973E+2,5.29440194E-2,
1.94E05,5.23000000E+2,5.22921082E+2,3.45086306E-3,
1.95E05,5.33000000E+2,5.09569611E+2,1.01488280E+0,
1.96E05,5.10000000E+2,4.96698578E+2,5.88996887E-1,
1.97E05,5.05000000E+2,4.84289764E+2,9.21593428E-1,
1.98E05,4.72000000E+2,4.72325745E+2,-1.49936117E-2,
1.99E05,4.77000000E+2,4.60789642E+2,7.42221296E-1,
2E05,4.46000000E+2,4.49665314E+2,-1.73557639E-1,
2.01E05,4.33000000E+2,4.38937256E+2,-2.85326302E-1,
2.02E05,4.36000000E+2,4.28590546E+2,3.54848504E-1,
2.03E05,4.51000000E+2,4.18610840E+2,1.52514601E+0,
2.04E05,4.46000000E+2,4.08984406E+2,1.75273919E+0,
2.05E05,4.12000000E+2,3.99697937E+2,6.06079161E-1,
2.06E05,3.95000000E+2,3.90738739E+2,2.14407310E-1,
2.07E05,3.84000000E+2,3.82094604E+2,9.72343087E-2,
2.08E05,3.51000000E+2,3.73753693E+2,-1.21450222E+0,
2.09E05,3.50000000E+2,3.65704803E+2,-8.39457035E-1,
2.1E05,3.70000000E+2,3.57937012E+2,6.27124906E-1,
2.11E05,3.15000000E+2,3.50439880E+2,-1.99681103E+0,
2.12E05,3.73000000E+2,3.43203430E+2,1.54280794E+0,
2.13E05,3.42000000E+2,3.36217957E+2,3.12657118E-1,
2.14E05,3.03000000E+2,3.29474152E+2,-1.52090025E+0,
2.15E05,3.56000000E+2,3.22963165E+2,1.75094879E+0,
2.16E05,3.15000000E+2,3.16676392E+2,-9.44539681E-2,
2.17E05,3.11000000E+2,3.10605591E+2,2.23648921E-2,
2.18E05,2.86000000E+2,3.04742798E+2,-1.10828483E+0,
2.19E05,2.90000000E+2,2.99080383E+2,-5.33218443E-1,
2.2E05,2.86000000E+2,2.93611084E+2,-4.50052828E-1,
2.21E05,2.79000000E+2,2.88327820E+2,-5.58441937E-1,
2.22E05,2.71000000E+2,2.83223785E+2,-7.42542088E-1,
2.23E05,2.92000000E+2,2.78292480E+2,8.02171886E-1,
2.24E05,2.62000000E+2,2.73527588E+2,-7.12176740E-1,
2.25E05,2.74000000E+2,2.68923126E+2,3.06705147E-1,
2.26E05,2.66000000E+2,2.64473267E+2,9.36100334E-2,
2.27E05,2.46000000E+2,2.60172424E+2,-9.03600752E-1,
2.28E05,2.76000000E+2,2.56015198E+2,1.20294380E+0,
2.29E05,2.48000000E+2,2.51996490E+2,-2.53777385E-1,
2.3E05,2.47000000E+2,2.48111282E+2,-7.07092062E-2,
2.31E05,2.62000000E+2,2.44354797E+2,1.09012425E+0,
2.32E05,2.29000000E+2,2.40722427E+2,-7.74639785E-1,
2.33E05,2.17000000E+2,2.37209747E+2,-1.37192702E+0,
2.34E05,2.38000000E+2,2.33812485E+2,2.71436304E-1,
2.35E05,2.27000000E+2,2.30526550E+2,-2.34065354E-1,
2.36E05,2.12000000E+2,2.27347992E+2,-1.05410445E+0,
2.37E05,2.34000000E+2,2.24273010E+2,6.35873199E-1,
2.38E05,2.24000000E+2,2.21297943E+2,1.80538774E-1,
2.39E05,2.39000000E+2,2.18419281E+2,1.33125603E+0,
2.4E05,2.27000000E+2,2.15633636E+2,7.54412055E-1,
2.41E05,1.93000000E+2,2.12937714E+2,-1.43514800E+0,
2.42E05,1.91000000E+2,2.10328400E+2,-1.39855397E+0,
2.43E05,2.25000000E+2,2.07802689E+2,1.14648747E+0,
2.44E05,2.05000000E+2,2.05357635E+2,-2.49783471E-2,
2.45E05,2.20000000E+2,2.02990448E+2,1.14678371E+0,
2.46E05,2.10000000E+2,2.00698425E+2,6.41869664E-1,
2.47E05,2.10000000E+2,1.98478958E+2,7.95027435E-1,
2.48E05,1.88000000E+2,1.96329559E+2,-6.07495546E-1,
2.49E05,2.02000000E+2,1.94247803E+2,5.45442700E-1,
2.5E05,2.07000000E+2,1.92231384E+2,1.02648973E+0,
2.51E05,2.01000000E+2,1.90278030E+2,7.56269395E-1,
2.52E05,1.88000000E+2,1.88385620E+2,-2.81242374E-2,
2.53E05,1.64000000E+2,1.86552063E+2,-1.76102018E+0,
2.54E05,1.90000000E+2,1.84775360E+2,3.79035234E-1,
2.55E05,2.05000000E+2,1.83053574E+2,1.53280497E+0,
2.56E05,1.58000000E+2,1.81384857E+2,-1.86039937E+0,
2.57E05,1.77000000E+2,1.79767410E+2,-2.08011299E-1,
2.58E05,2.07000000E+2,1.78199509E+2,2.00177240E+0,
2.59E05,1.53000000E+2,1.76679504E+2,-1.91437447E+0,
2.6E05,2.00000000E+2,1.75205780E+2,1.75321615E+0,
2.61E05,1.83000000E+2,1.73776794E+2,6.81798995E-1,
2.62E05,1.58000000E+2,1.72391052E+2,-1.14489067E+0,
2.63E05,1.57000000E+2,1.71047119E+2,-1.12108219E+0,
2.64E05,1.55000000E+2,1.69743622E+2,-1.18423617E+0,
2.65E05,1.69000000E+2,1.68479187E+2,4.00625393E-2,
2.66E05,1.80000000E+2,1.67252579E+2,9.50136721E-1,
2.67E05,1.74000000E+2,1.66062531E+2,6.01738036E-1,
2.68E05,1.48000000E+2,1.64907837E+2,-1.38981569E+0,
2.69E05,1.56000000E+2,1.63787354E+2,-6.23487294E-1,
2.7E05,1.82000000E+2,1.62699966E+2,1.43061364E+0,
2.71E05,1.58000000E+2,1.61644592E+2,-2.89948195E-1,
2.72E05,1.48000000E+2,1.60620209E+2,-1.03737473E+0,
2.73E05,1.66000000E+2,1.59625793E+2,4.94734377E-1,
2.74E05,1.63000000E+2,1.58660400E+2,3.39903682E-1,
2.75E05,1.67000000E+2,1.57723083E+2,7.17869341E-1,
2.76E05,1.72000000E+2,1.56812958E+2,1.15800107E+0,
2.77E05,1.82000000E+2,1.55929138E+2,1.93250084E+0,
2.78E05,1.69000000E+2,1.55070801E+2,1.07147682E+0,
2.79E05,1.40000000E+2,1.54237122E+2,-1.20325637E+0,
2.8E05,1.57000000E+2,1.53427338E+2,2.85129488E-1,
2.81E05,1.56000000E+2,1.52640686E+2,2.68960387E-1,
2.82E05,1.35000000E+2,1.51876450E+2,-1.45249355E+0,
2.83E05,1.72000000E+2,1.51133911E+2,1.59102440E+0,
2.84E05,1.47000000E+2,1.50412384E+2,-2.81448692E-1,
2.85E05,1.68000000E+2,1.49711243E+2,1.41100824E+0,
2.86E05,1.60000000E+2,1.49029831E+2,8.67268026E-1,
2.87E05,1.48000000E+2,1.48367554E+2,-3.02127302E-2,
2.88E05,1.46000000E+2,1.47723785E+2,-1.42661497E-1,
2.89E05,1.67000000E+2,1.47097992E+2,1.54006362E+0,
2.9E05,1.53000000E+2,1.46489609E+2,5.26333928E-1,
2.91E05,1.47000000E+2,1.45898102E+2,9.08830315E-2,
2.92E05,1.33000000E+2,1.45322952E+2,-1.06853545E+0,
2.93E05,1.44000000E+2,1.44763672E+2,-6.36393204E-2,
2.94E05,1.39000000E+2,1.44219772E+2,-4.42735314E-1,
2.95E05,1.67000000E+2,1.43690781E+2,1.80372155E+0,
2.96E05,1.25000000E+2,1.43176270E+2,-1.62573504E+0,
2.97E05,1.26000000E+2,1.42675781E+2,-1.48559666E+0,
2.98E05,1.40000000E+2,1.42188904E+2,-1.84996143E-1,
2.99E05,1.28000000E+2,1.41715225E+2,-1.21226609E+0,
3E05,1.44000000E+2,1.41254364E+2,2.28802994E-1,
3.01E05,1.55000000E+2,1.40805923E+2,1.14009571E+0,
3.02E05,1.49000000E+2,1.40369553E+2,7.07033813E-1,
3.03E05,1.12000000E+2,1.39944885E+2,-2.64054346E+0,
3.04E05,1.17000000E+2,1.39531586E+2,-2.08304596E+0,
3.05E05,1.36000000E+2,1.39129303E+2,-2.68335521E-1,
3.06E05,1.62000000E+2,1.38737732E+2,1.82765639E+0,
3.07E05,1.39000000E+2,1.38356552E+2,5.45765385E-2,
3.08E05,1.43000000E+2,1.37985458E+2,4.19337034E-1,
3.09E05,1.27000000E+2,1.37624161E+2,-9.42741811E-1,
3.1E05,1.52000000E+2,1.37272385E+2,1.19456732E+0,
3.11E05,1.40000000E+2,1.36929855E+2,2.59474576E-1,
3.12E05,1.21000000E+2,1.36596283E+2,-1.41784382E+0,
3.13E05,1.23000000E+2,1.36271439E+2,-1.19664526E+0,
3.14E05,1.51000000E+2,1.35955063E+2,1.22433960E+0,
3.15E05,1.33000000E+2,1.35646912E+2,-2.29516342E-1,
3.16E05,1.47000000E+2,1.35346756E+2,9.61143374E-1,
3.17E05,1.43000000E+2,1.35054367E+2,6.64447188E-1,
3.18E05,1.23000000E+2,1.34769531E+2,-1.06122291E+0,
3.19E05,1.49000000E+2,1.34492035E+2,1.18853879E+0,
3.2E05,1.30000000E+2,1.34221664E+2,-3.70264471E-1,
3.21E05,1.43000000E+2,1.33958221E+2,7.56111503E-1,
3.22E05,1.27000000E+2,1.33701508E+2,-5.94662607E-1,
3.23E05,1.47000000E+2,1.33451355E+2,1.11747336E+0,
3.24E05,1.45000000E+2,1.33207565E+2,9.79308367E-1,
3.25E05,1.23000000E+2,1.32969971E+2,-8.98961961E-1,
3.26E05,1.40000000E+2,1.32738403E+2,6.13716960E-1,
3.27E05,1.13000000E+2,1.32512695E+2,-1.83560002E+0,
3.28E05,1.35000000E+2,1.32292664E+2,2.33010411E-1,
3.29E05,1.23000000E+2,1.32078186E+2,-8.18552434E-1,
3.3E05,1.47000000E+2,1.31869095E+2,1.24797606E+0,
3.31E05,1.06000000E+2,1.31665237E+2,-2.49282813E+0,
3.32E05,1.23000000E+2,1.31466492E+2,-7.63397813E-1,
3.33E05,1.40000000E+2,1.31272705E+2,7.37591028E-1,
3.34E05,1.25000000E+2,1.31083740E+2,-5.44146299E-1,
3.35E05,1.29000000E+2,1.30899490E+2,-1.67240798E-1,
3.36E05,1.30000000E+2,1.30719788E+2,-6.31295517E-2,
3.37E05,1.31000000E+2,1.30544556E+2,3.97923551E-2,
3.38E05,1.33000000E+2,1.30373642E+2,2.27734134E-1,
3.39E05,1.23000000E+2,1.30206955E+2,-6.49829209E-1,
3.4E05,1.45000000E+2,1.30044373E+2,1.24199724E+0,
3.41E05,1.11000000E+2,1.29885773E+2,-1.79255819E+0,
3.42E05,1.31000000E+2,1.29731079E+2,1.10866137E-1,
3.43E05,1.18000000E+2,1.29580170E+2,-1.06604099E+0,
3.44E05,1.23000000E+2,1.29432938E+2,-5.80038428E-1,
3.45E05,1.60000000E+2,1.29289307E+2,2.42789340E+0,
3.46E05,1.43000000E+2,1.29149170E+2,1.15826464E+0,
3.47E05,1.32000000E+2,1.29012451E+2,2.60032743E-1,
3.48E05,1.24000000E+2,1.28879028E+2,-4.38149661E-1,
3.49E05,1.35000000E+2,1.28748856E+2,5.38012862E-1,
3.5E05,1.31000000E+2,1.28621826E+2,2.07782015E-1,
3.51E05,1.08000000E+2,1.28497864E+2,-1.97240782E+0,
3.52E05,1.29000000E+2,1.28376892E+2,5.48615940E-2,
3.53E05,1.14000000E+2,1.28258820E+2,-1.33546078E+0,
3.54E05,1.22000000E+2,1.28143600E+2,-5.56215465E-1,
3.55E05,1.37000000E+2,1.28031143E+2,7.66261160E-1,
3.56E05,1.43000000E+2,1.27921371E+2,1.26093829E+0,
3.57E05,1.19000000E+2,1.27814224E+2,-8.07998657E-1,
3.58E05,1.24000000E+2,1.27709641E+2,-3.33135545E-1,
3.59E05,1.27000000E+2,1.27607552E+2,-5.39114848E-2,
3.6E05,1.37000000E+2,1.27507889E+2,8.10965776E-1,
3.61E05,1.36000000E+2,1.27410599E+2,7.36535072E-1,
3.62E05,1.24000000E+2,1.27315620E+2,-2.97751486E-1,
3.63E05,1.29000000E+2,1.27222885E+2,1.56466246E-1,
3.64E05,1.25000000E+2,1.27132355E+2,-1.90723613E-1,
3.65E05,1.23000000E+2,1.27043961E+2,-3.64631653E-1,
3.66E05,1.27000000E+2,1.26957649E+2,3.75802303E-3,
3.67E05,1.32000000E+2,1.26873383E+2,4.46214765E-1,
3.68E05,1.16000000E+2,1.26791092E+2,-1.00192773E+0,
3.69E05,1.32000000E+2,1.26710739E+2,4.60371077E-1,
3.7E05,1.31000000E+2,1.26632271E+2,3.81610274E-1,
3.71E05,1.18000000E+2,1.26555649E+2,-7.87611306E-1,
3.72E05,1.38000000E+2,1.26480820E+2,9.80577767E-1,
3.73E05,1.46000000E+2,1.26407738E+2,1.62146711E+0,
3.74E05,1.07000000E+2,1.26336365E+2,-1.86931694E+0,
3.75E05,1.34000000E+2,1.26266663E+2,6.68058574E-1,
3.76E05,1.20000000E+2,1.26198578E+2,-5.65850198E-1,
3.77E05,1.31000000E+2,1.26132088E+2,4.25311476E-1,
3.78E05,1.31000000E+2,1.26067139E+2,4.30986106E-1,
3.79E05,1.49000000E+2,1.26003700E+2,1.88393033E+0,
3.8E05,1.25000000E+2,1.25941734E+2,-8.42312798E-2,
3.81E05,1.22000000E+2,1.25881203E+2,-3.51387560E-1,
3.82E05,1.21000000E+2,1.25822075E+2,-4.38370436E-1,
3.83E05,1.24000000E+2,1.25764313E+2,-1.58439964E-1,
3.84E05,1.27000000E+2,1.25707893E+2,1.14655919E-1,
3.85E05,1.27000000E+2,1.25652771E+2,1.19547240E-1,
3.86E05,1.33000000E+2,1.25598923E+2,6.41754806E-1,
3.87E05,1.41000000E+2,1.25546310E+2,1.30143547E+0,
3.88E05,1.17000000E+2,1.25494911E+2,-7.85354853E-1,
3.89E05,1.42000000E+2,1.25444695E+2,1.38929033E+0,
3.9E05,1.18000000E+2,1.25395630E+2,-6.80822909E-1,
3.91E05,1.25000000E+2,1.25347694E+2,-3.10987327E-2,
3.92E05,1.46000000E+2,1.25300865E+2,1.71307254E+0,
3.93E05,1.08000000E+2,1.25255096E+2,-1.66037238E+0,
3.94E05,1.31000000E+2,1.25210381E+2,5.05841374E-1,
3.95E05,1.03000000E+2,1.25166695E+2,-2.18414927E+0,
3.96E05,1.53000000E+2,1.25124001E+2,2.25364089E+0,
3.97E05,1.00000000E+2,1.25082283E+2,-2.50822830E+0,
3.98E05,1.30000000E+2,1.25041512E+2,4.34888214E-1,
3.99E05,1.31000000E+2,1.25001678E+2,5.24075806E-1,
4E05,1.49000000E+2,1.24962746E+2,1.96920860E+0,
4.01E05,1.25000000E+2,1.24924706E+2,6.73454441E-3,
4.02E05,1.16000000E+2,1.24887527E+2,-8.25186193E-1,
4.03E05,1.47000000E+2,1.24851196E+2,1.82680249E+0,
4.04E05,1.32000000E+2,1.24815689E+2,6.25313997E-1,
4.05E05,1.39000000E+2,1.24780983E+2,1.20604134E+0,
4.06E05,1.14000000E+2,1.24747070E+2,-1.00655532E+0,
4.07E05,1.34000000E+2,1.24713928E+2,8.02194417E-1,
4.08E05,1.29000000E+2,1.24681534E+2,3.80219758E-1,
4.09E05,8.10000000E+1,1.24649872E+2,-4.84998560E+0,
4.1E05,1.29000000E+2,1.24618927E+2,3.85731965E-1,
4.11E05,1.13000000E+2,1.24588676E+2,-1.09017098E+0,
4.12E05,1.14000000E+2,1.24559120E+2,-9.88952219E-1,
4.13E05,1.35000000E+2,1.24530220E+2,9.01095152E-1,
4.14E05,1.23000000E+2,1.24501976E+2,-1.35428607E-1,
4.15E05,1.10000000E+2,1.24474373E+2,-1.38007724E+0,
4.16E05,1.14000000E+2,1.24447388E+2,-9.78487492E-1,
4.17E05,1.23000000E+2,1.24421013E+2,-1.28128409E-1,
4.18E05,1.20000000E+2,1.24395226E+2,-4.01227385E-1,
4.19E05,1.16000000E+2,1.24370026E+2,-7.77137399E-1,
4.2E05,1.38000000E+2,1.24345390E+2,1.16235757E+0,
4.21E05,1.33000000E+2,1.24321304E+2,7.52538383E-1,
4.22E05,1.43000000E+2,1.24297768E+2,1.56395924E+0,
4.23E05,1.38000000E+2,1.24274750E+2,1.16837084E+0,
4.24E05,1.32000000E+2,1.24252258E+2,6.74354374E-1,
4.25E05,1.34000000E+2,1.24230263E+2,8.43976736E-1,
4.26E05,1.33000000E+2,1.24208763E+2,7.62296915E-1,
4.27E05,1.21000000E+2,1.24187744E+2,-2.89794922E-1,
4.28E05,1.24000000E+2,1.24167198E+2,-1.50148394E-2,
4.29E05,1.14000000E+2,1.24147110E+2,-9.50363934E-1,
4.3E05,1.16000000E+2,1.24127472E+2,-7.54616797E-1,
4.31E05,1.10000000E+2,1.24108269E+2,-1.34517062E+0,
4.32E05,1.19000000E+2,1.24089500E+2,-4.66553748E-1,
4.33E05,1.48000000E+2,1.24071152E+2,1.96693921E+0,
4.34E05,1.23000000E+2,1.24053207E+2,-9.49645117E-2,
4.35E05,1.24000000E+2,1.24035667E+2,-3.20302881E-3,
4.36E05,1.20000000E+2,1.24018517E+2,-3.66838694E-1,
4.37E05,1.28000000E+2,1.24001755E+2,3.53398293E-1,
4.38E05,1.12000000E+2,1.23985359E+2,-1.13251007E+0,
4.39E05,1.38000000E+2,1.23969330E+2,1.19437003E+0,
4.4E05,1.15000000E+2,1.23953659E+2,-8.34932983E-1,
4.41E05,1.72000000E+2,1.23938339E+2,3.66466737E+0,
4.42E05,1.13000000E+2,1.23923355E+2,-1.02758276E+0,
4.43E05,1.21000000E+2,1.23908707E+2,-2.64427871E-1,
4.44E05,1.42000000E+2,1.23894386E+2,1.51938939E+0,
4.45E05,1.27000000E+2,1.23880386E+2,2.76820958E-1,
4.46E05,1.22000000E+2,1.23866692E+2,-1.69002309E-1,
4.47E05,1.27000000E+2,1.23853302E+2,2.79224306E-1,
4.48E05,1.36000000E+2,1.23840210E+2,1.04269338E+0,
4.49E05,1.38000000E+2,1.23827415E+2,1.20645058E+0,
4.5E05,1.25000000E+2,1.23814896E+2,1.05998963E-1,
4.51E05,1.22000000E+2,1.23802658E+2,-1.63204983E-1,
4.52E05,9.40000000E+1,1.23790688E+2,-3.07267475E+0,
4.53E05,1.26000000E+2,1.23778992E+2,1.97863147E-1,
4.54E05,1.21000000E+2,1.23767548E+2,-2.51595229E-1,
4.55E05,1.30000000E+2,1.23756363E+2,5.47603190E-1,
4.56E05,1.45000000E+2,1.23745422E+2,1.76509655E+0,
4.57E05,1.37000000E+2,1.23734718E+2,1.13332951E+0,
4.58E05,1.23000000E+2,1.23724258E+2,-6.53041825E-2,
4.59E05,1.13000000E+2,1.23714027E+2,-1.00789094E+0,
4.6E05,1.54000000E+2,1.23704025E+2,2.44131923E+0,
4.61E05,1.29000000E+2,1.23694244E+2,4.67145741E-1,
4.62E05,1.15000000E+2,1.23684677E+2,-8.09850276E-1,
4.63E05,1.33000000E+2,1.23675323E+2,8.08552027E-1,
4.64E05,1.31000000E+2,1.23666176E+2,6.40759170E-1,
4.65E05,1.36000000E+2,1.23657234E+2,1.05838346E+0,
4.66E05,1.42000000E+2,1.23648483E+2,1.54002512E+0,
4.67E05,1.07000000E+2,1.23639931E+2,-1.60864282E+0,
4.68E05,1.32000000E+2,1.23631561E+2,7.28379130E-1,
4.69E05,1.18000000E+2,1.23623383E+2,-5.17674327E-1,
4.7E05,1.13000000E+2,1.23615379E+2,-9.98610914E-1,
4.71E05,1.34000000E+2,1.23607559E+2,8.97770107E-1,
4.72E05,1.44000000E+2,1.23599907E+2,1.70000780E+0,
4.73E05,1.17000000E+2,1.23592430E+2,-6.09470367E-1,
4.74E05,1.20000000E+2,1.23585106E+2,-3.27273905E-1,
4.75E05,1.31000000E+2,1.23577957E+2,6.48466885E-1,
4.76E05,1.23000000E+2,1.23570953E+2,-5.14811315E-2,
4.77E05,1.34000000E+2,1.23564110E+2,9.01523590E-1,
4.78E05,1.35000000E+2,1.23557419E+2,9.84820604E-1,
4.79E05,1.31000000E+2,1.23550873E+2,6.50833249E-1,
4.8E05,1.29000000E+2,1.23544472E+2,4.80332494E-1,
4.81E05,1.21000000E+2,1.23538216E+2,-2.30746865E-1,
4.82E05,1.41000000E+2,1.23532089E+2,1.47106349E+0,
4.83E05,1.45000000E+2,1.23526100E+2,1.78331029E+0,
4.84E05,1.08000000E+2,1.23520248E+2,-1.49343657E+0,
4.85E05,1.33000000E+2,1.23514519E+2,8.22495520E-1,
4.86E05,1.15000000E+2,1.23508919E+2,-7.93460727E-1,
4.87E05,1.23000000E+2,1.23503441E+2,-4.53937314E-2,
4.88E05,1.27000000E+2,1.23498085E+2,3.10744703E-1,
4.89E05,1.36000000E+2,1.23492844E+2,1.07247984E+0,
4.9E05,1.23000000E+2,1.23487724E+2,-4.39766198E-2,
4.91E05,1.20000000E+2,1.23482712E+2,-3.17926645E-1,
4.92E05,1.10000000E+2,1.23477814E+2,-1.28505909E+0,
4.93E05,1.31000000E+2,1.23473015E+2,6.57635748E-1,
4.94E05,1.32000000E+2,1.23468330E+2,7.42586553E-1,
4.95E05,1.18000000E+2,1.23463745E+2,-5.02978504E-1,
4.96E05,1.13000000E+2,1.23459259E+2,-9.83924329E-1,
4.97E05,1.34000000E+2,1.23454872E+2,9.10960317E-1,
4.98E05,1.24000000E+2,1.23450584E+2,4.93389741E-2,
4.99E05,1.16000000E+2,1.23446388E+2,-6.91379786E-1,
5E05,1.24000000E+2,1.23442291E+2,5.00837229E-2,
5.01E05,1.18000000E+2,1.23438278E+2,-5.00634074E-1,
5.02E05,1.29000000E+2,1.23434349E+2,4.90028232E-1,
5.03E05,1.47000000E+2,1.23430511E+2,1.94397867E+0,
5.04E05,1.23000000E+2,1.23426758E+2,-3.84794548E-2,
5.05E05,1.14000000E+2,1.23423088E+2,-8.82553041E-1,
5.06E05,1.29000000E+2,1.23419495E+2,4.91336107E-1,
5.07E05,1.21000000E+2,1.23415985E+2,-2.19635010E-1,
5.08E05,1.03000000E+2,1.23412552E+2,-2.01130843E+0,
5.09E05,1.32000000E+2,1.23409187E+2,7.47734308E-1,
5.1E05,1.20000000E+2,1.23405899E+2,-3.10914636E-1,
5.11E05,1.36000000E+2,1.23402687E+2,1.08021069E+0,
5.12E05,1.29000000E+2,1.23399544E+2,4.93092686E-1,
5.13E05,1.50000000E+2,1.23396469E+2,2.17216921E+0,
5.14E05,1.52000000E+2,1.23393463E+2,2.32029653E+0,
5.15E05,1.37000000E+2,1.23390518E+2,1.16273654E+0,
5.16E05,1.34000000E+2,1.23387642E+2,9.16768074E-1,
5.17E05,1.39000000E+2,1.23384834E+2,1.32446110E+0,
5.18E05,1.09000000E+2,1.23382080E+2,-1.37755346E+0,
5.19E05,1.09000000E+2,1.23379387E+2,-1.37729549E+0,
5.2E05,1.36000000E+2,1.23376755E+2,1.08243430E+0,
5.21E05,1.38000000E+2,1.23374184E+2,1.24503219E+0,
5.22E05,1.18000000E+2,1.23371658E+2,-4.94501233E-1,
5.23E05,1.17000000E+2,1.23369202E+2,-5.88832915E-1,
5.24E05,1.00000000E+2,1.23366791E+2,-2.33667898E+0,
5.25E05,1.28000000E+2,1.23364433E+2,4.09730077E-1,
5.26E05,1.26000000E+2,1.23362129E+2,2.35000208E-1,
5.27E05,1.15000000E+2,1.23359871E+2,-7.79561937E-1,
5.28E05,1.29000000E+2,1.23357666E+2,4.96779799E-1,
5.29E05,1.09000000E+2,1.23355515E+2,-1.37500894E+0,
5.3E05,1.31000000E+2,1.23353401E+2,6.68086469E-1,
5.31E05,1.25000000E+2,1.23351341E+2,1.47460520E-1,
5.32E05,1.25000000E+2,1.23349319E+2,1.47641361E-1,
5.33E05,1.29000000E+2,1.23347343E+2,4.97688651E-1,
5.34E05,1.14000000E+2,1.23345413E+2,-8.75278115E-1,
5.35E05,1.35000000E+2,1.23343529E+2,1.00322926E+0,
5.36E05,1.29000000E+2,1.23341682E+2,4.98187095E-1,
5.37E05,1.26000000E+2,1.23339874E+2,2.36982837E-1,
5.38E05,1.41000000E+2,1.23338104E+2,1.48739994E+0,
5.39E05,1.34000000E+2,1.23336380E+2,9.21196461E-1,
5.4E05,1.41000000E+2,1.23334686E+2,1.48768771E+0,
5.41E05,1.00000000E+2,1.23333031E+2,-2.33330297E+0,
5.42E05,1.38000000E+2,1.23331413E+2,1.24867308E+0,
5.43E05,1.38000000E+2,1.23329834E+2,1.24880743E+0,
5.44E05,1.20000000E+2,1.23328285E+2,-3.03829491E-1,
5.45E05,1.14000000E+2,1.23326775E+2,-8.73532474E-1,
5.46E05,1.02000000E+2,1.23325294E+2,-2.11151886E+0,
5.47E05,1.34000000E+2,1.23323845E+2,9.22279298E-1,
5.48E05,1.42000000E+2,1.23322426E+2,1.56738722E+0,
5.49E05,1.19000000E+2,1.23321045E+2,-3.96109551E-1,
5.5E05,1.29000000E+2,1.23319687E+2,5.00123680E-1,
5.51E05,1.14000000E+2,1.23318359E+2,-8.72744322E-1,
5.52E05,1.46000000E+2,1.23317062E+2,1.87725329E+0,
5.53E05,1.17000000E+2,1.23315796E+2,-5.83895564E-1,
5.54E05,1.04000000E+2,1.23314560E+2,-1.89394844E+0,
5.55E05,1.34000000E+2,1.23313347E+2,9.23186183E-1,
5.56E05,1.41000000E+2,1.23312157E+2,1.48958504E+0,
5.57E05,1.28000000E+2,1.23310997E+2,4.14453238E-1,
5.58E05,1.28000000E+2,1.23309860E+2,4.14553702E-1,
5.59E05,1.37000000E+2,1.23308754E+2,1.16972208E+0,
5.6E05,1.55000000E+2,1.23307663E+2,2.54558969E+0,
5.61E05,1.10000000E+2,1.23306602E+2,-1.26873469E+0,
5.62E05,1.28000000E+2,1.23305565E+2,4.14933354E-1,
5.63E05,1.37000000E+2,1.23304550E+2,1.17008126E+0,
5.64E05,1.27000000E+2,1.23303551E+2,3.28006834E-1,
5.65E05,1.23000000E+2,1.23302582E+2,-2.72828806E-2,
5.66E05,1.28000000E+2,1.23301628E+2,4.15281326E-1,
5.67E05,1.04000000E+2,1.23300697E+2,-1.89258909E+0,
5.68E05,1.17000000E+2,1.23299789E+2,-5.82415760E-1,
5.69E05,1.20000000E+2,1.23298897E+2,-3.01146716E-1,
5.7E05,1.16000000E+2,1.23298027E+2,-6.77604795E-1,
5.71E05,1.37000000E+2,1.23297173E+2,1.17071152E+0,
5.72E05,1.15000000E+2,1.23296341E+2,-7.73637772E-1,
5.73E05,1.19000000E+2,1.23295525E+2,-3.93770099E-1,
5.74E05,1.22000000E+2,1.23294731E+2,-1.17219448E-1,
5.75E05,1.22000000E+2,1.23293953E+2,-1.17148988E-1,
5.76E05,1.08000000E+2,1.23293190E+2,-1.47158790E+0,
5.77E05,1.27000000E+2,1.23292442E+2,3.28992546E-1,
5.78E05,1.24000000E+2,1.23291710E+2,6.36063293E-2,
5.79E05,1.00000000E+2,1.23291000E+2,-2.32909989E+0,
5.8E05,1.51000000E+2,1.23290298E+2,2.25498343E+0,
5.81E05,1.26000000E+2,1.23289619E+2,2.41459891E-1,
5.82E05,1.05000000E+2,1.23288948E+2,-1.78481865E+0,
5.83E05,1.20000000E+2,1.23288300E+2,-3.00179303E-1,
5.84E05,1.37000000E+2,1.23287659E+2,1.17152441E+0,
5.85E05,1.29000000E+2,1.23287033E+2,5.02998710E-1,
5.86E05,1.33000000E+2,1.23286423E+2,8.42273951E-1,
5.87E05,1.22000000E+2,1.23285820E+2,-1.16412669E-1,
5.88E05,1.31000000E+2,1.23285240E+2,6.74041688E-1,
5.89E05,1.21000000E+2,1.23284668E+2,-2.07697079E-1,
5.9E05,1.47000000E+2,1.23284103E+2,1.95605421E+0,
5.91E05,1.13000000E+2,1.23283562E+2,-9.67396080E-1,
5.92E05,1.19000000E+2,1.23283020E+2,-3.92623812E-1,
5.93E05,1.04000000E+2,1.23282501E+2,-1.89080489E+0,
5.94E05,1.30000000E+2,1.23281990E+2,5.89208424E-1,
5.95E05,1.32000000E+2,1.23281487E+2,7.58849204E-1,
5.96E05,1.37000000E+2,1.23280998E+2,1.17209339E+0,
5.97E05,1.12000000E+2,1.23280518E+2,-1.06590879E+0,
5.98E05,1.41000000E+2,1.23280045E+2,1.49228942E+0,
5.99E05,1.06000000E+2,1.23279587E+2,-1.67834187E+0,
6E05,1.30000000E+2,1.23279137E+2,5.89458704E-1,
6.01E05,1.49000000E+2,1.23278702E+2,2.10717082E+0,
6.02E05,1.01000000E+2,1.23278267E+2,-2.21677041E+0,
6.03E05,1.27000000E+2,1.23277847E+2,3.30287635E-1,
6.04E05,1.22000000E+2,1.23277443E+2,-1.15654245E-1,
6.05E05,1.16000000E+2,1.23277039E+2,-6.75656080E-1,
6.06E05,1.19000000E+2,1.23276642E+2,-3.92039120E-1,
6.07E05,1.19000000E+2,1.23276260E+2,-3.92004162E-1,
6.08E05,1.32000000E+2,1.23275887E+2,7.59336650E-1,
6.09E05,1.07000000E+2,1.23275513E+2,-1.57341313E+0,
6.1E05,1.19000000E+2,1.23275154E+2,-3.91902745E-1,
6.11E05,1.13000000E+2,1.23274803E+2,-9.66572165E-1,
6.12E05,1.40000000E+2,1.23274460E+2,1.41356611E+0,
6.13E05,1.20000000E+2,1.23274124E+2,-2.98885286E-1,
6.14E05,1.24000000E+2,1.23273796E+2,6.52150363E-2,
6.15E05,1.34000000E+2,1.23273468E+2,9.26631212E-1,
6.16E05,1.08000000E+2,1.23273155E+2,-1.46966004E+0,
6.17E05,1.56000000E+2,1.23272850E+2,2.62026906E+0,
6.18E05,1.28000000E+2,1.23272545E+2,4.17851955E-1,
6.19E05,1.21000000E+2,1.23272255E+2,-2.06568629E-1,
6.2E05,9.90000000E+1,1.23271965E+2,-2.43942428E+0,
6.21E05,1.21000000E+2,1.23271683E+2,-2.06516609E-1,
6.22E05,1.12000000E+2,1.23271408E+2,-1.06504798E+0,
6.23E05,1.10000000E+2,1.23271133E+2,-1.26535285E+0,
6.24E05,1.36000000E+2,1.23270866E+2,1.09151423E+0,
6.25E05,1.19000000E+2,1.23270615E+2,-3.91486615E-1,
6.26E05,1.34000000E+2,1.23270355E+2,9.26900148E-1,
6.27E05,1.38000000E+2,1.23270111E+2,1.25389147E+0,
6.28E05,1.25000000E+2,1.23269867E+2,1.54747814E-1,
6.29E05,1.10000000E+2,1.23269630E+2,-1.26520956E+0,
6.3E05,1.37000000E+2,1.23269402E+2,1.17308414E+0,
6.31E05,1.14000000E+2,1.23269173E+2,-8.68137538E-1,
6.32E05,1.16000000E+2,1.23268951E+2,-6.74905181E-1,
6.33E05,1.32000000E+2,1.23268738E+2,7.59958863E-1,
6.34E05,1.33000000E+2,1.23268524E+2,8.43825996E-1,
6.35E05,1.32000000E+2,1.23268318E+2,7.59995341E-1,
6.36E05,1.26000000E+2,1.23268112E+2,2.43375912E-1,
6.37E05,1.05000000E+2,1.23267914E+2,-1.78276587E+0,
6.38E05,1.09000000E+2,1.23267723E+2,-1.36660004E+0,
6.39E05,1.01000000E+2,1.23267532E+2,-2.21570230E+0,
6.4E05,1.22000000E+2,1.23267349E+2,-1.14740409E-1,
6.41E05,1.40000000E+2,1.23267166E+2,1.41418254E+0,
6.42E05,1.28000000E+2,1.23266991E+2,4.18342888E-1,
6.43E05,1.15000000E+2,1.23266815E+2,-7.70884454E-1,
6.44E05,1.21000000E+2,1.23266647E+2,-2.06058845E-1,
6.45E05,1.28000000E+2,1.23266479E+2,4.18388069E-1,
6.46E05,1.20000000E+2,1.23266319E+2,-2.98172802E-1,
6.47E05,1.30000000E+2,1.23266159E+2,5.90596914E-1,
6.48E05,1.25000000E+2,1.23265999E+2,1.55093789E-1,
6.49E05,1.26000000E+2,1.23265854E+2,2.43577108E-1,
6.5E05,1.38000000E+2,1.23265701E+2,1.25426686E+0,
6.51E05,1.12000000E+2,1.23265556E+2,-1.06449509E+0,
6.52E05,1.11000000E+2,1.23265411E+2,-1.16418135E+0,
6.53E05,1.29000000E+2,1.23265274E+2,5.04914463E-1,
6.54E05,1.12000000E+2,1.23265137E+2,-1.06445539E+0,
6.55E05,1.25000000E+2,1.23265007E+2,1.55182496E-1,
6.56E05,1.03000000E+2,1.23264877E+2,-1.99675775E+0,
6.57E05,1.30000000E+2,1.23264748E+2,5.90720713E-1,
6.58E05,1.26000000E+2,1.23264626E+2,2.43686527E-1,
6.59E05,1.10000000E+2,1.23264503E+2,-1.26472080E+0,
6.6E05,1.34000000E+2,1.23264381E+2,9.27416205E-1,
6.61E05,1.05000000E+2,1.23264267E+2,-1.78241003E+0,
6.62E05,1.27000000E+2,1.23264153E+2,3.31502855E-1,
6.63E05,1.18000000E+2,1.23264038E+2,-4.84593987E-1,
6.64E05,1.31000000E+2,1.23263931E+2,6.75903440E-1,
6.65E05,1.20000000E+2,1.23263824E+2,-2.97945052E-1,
6.66E05,1.36000000E+2,1.23263718E+2,1.09212720E+0,
6.67E05,1.12000000E+2,1.23263618E+2,-1.06431198E+0,
6.68E05,1.20000000E+2,1.23263519E+2,-2.97917187E-1,
6.69E05,1.36000000E+2,1.23263420E+2,1.09215271E+0,
6.7E05,1.26000000E+2,1.23263321E+2,2.43802756E-1,
6.71E05,1.25000000E+2,1.23263229E+2,1.55341491E-1,
6.72E05,1.29000000E+2,1.23263138E+2,5.05102575E-1,
6.73E05,1.38000000E+2,1.23263046E+2,1.25449288E+0,
6.74E05,1.24000000E+2,1.23262962E+2,6.61879331E-2,
6.75E05,1.41000000E+2,1.23262871E+2,1.49373567E+0,
6.76E05,1.08000000E+2,1.23262787E+2,-1.46866238E+0,
6.77E05,1.10000000E+2,1.23262711E+2,-1.26454985E+0,
6.78E05,1.15000000E+2,1.23262627E+2,-7.70493865E-1,
6.79E05,1.29000000E+2,1.23262550E+2,5.05154252E-1,
6.8E05,1.22000000E+2,1.23262474E+2,-1.14299029E-1,
6.81E05,1.29000000E+2,1.23262398E+2,5.05167723E-1,
6.82E05,1.17000000E+2,1.23262321E+2,-5.78951836E-1,
6.83E05,1.07000000E+2,1.23262253E+2,-1.57213128E+0,
6.84E05,1.21000000E+2,1.23262184E+2,-2.05653101E-1,
6.85E05,1.43000000E+2,1.23262115E+2,1.65056479E+0,
6.86E05,1.11000000E+2,1.23262047E+2,-1.16386199E+0,
6.87E05,1.41000000E+2,1.23261978E+2,1.49381089E+0,
6.88E05,1.22000000E+2,1.23261917E+2,-1.14248604E-1,
6.89E05,1.30000000E+2,1.23261856E+2,5.90974331E-1,
6.9E05,1.33000000E+2,1.23261795E+2,8.44409466E-1,
6.91E05,1.17000000E+2,1.23261734E+2,-5.78897536E-1,
6.92E05,9.40000000E+1,1.23261673E+2,-3.01811099E+0,
6.93E05,1.41000000E+2,1.23261612E+2,1.49384177E+0,
6.94E05,1.56000000E+2,1.23261559E+2,2.62117314E+0,
6.95E05,1.28000000E+2,1.23261505E+2,4.18827742E-1,
6.96E05,1.24000000E+2,1.23261452E+2,6.63235933E-2,
6.97E05,1.34000000E+2,1.23261398E+2,9.27673876E-1,
6.98E05,1.27000000E+2,1.23261345E+2,3.31752002E-1,
6.99E05,1.02000000E+2,1.23261292E+2,-2.10518169E+0,
7E05,1.07000000E+2,1.23261246E+2,-1.57203388E+0,
7.01E05,1.18000000E+2,1.23261200E+2,-4.84332711E-1,
7.02E05,1.20000000E+2,1.23261147E+2,-2.97700584E-1,
7.03E05,1.17000000E+2,1.23261101E+2,-5.78839004E-1,
7.04E05,1.31000000E+2,1.23261055E+2,6.76154792E-1,
7.05E05,1.23000000E+2,1.23261017E+2,-2.35350952E-2,
7.06E05,1.01000000E+2,1.23260971E+2,-2.21504951E+0,
7.07E05,1.09000000E+2,1.23260925E+2,-1.36594892E+0,
7.08E05,1.25000000E+2,1.23260887E+2,1.55550987E-1,
7.09E05,1.17000000E+2,1.23260849E+2,-5.78815699E-1,
7.1E05,1.58000000E+2,1.23260811E+2,2.76370144E+0,
7.11E05,1.26000000E+2,1.23260765E+2,2.44030446E-1,
7.12E05,1.20000000E+2,1.23260727E+2,-2.97662288E-1,
7.13E05,1.31000000E+2,1.23260696E+2,6.76186085E-1,
7.14E05,1.32000000E+2,1.23260658E+2,7.60662079E-1,
7.15E05,1.12000000E+2,1.23260620E+2,-1.06402862E+0,
7.16E05,1.25000000E+2,1.23260590E+2,1.55577600E-1,
7.17E05,1.25000000E+2,1.23260551E+2,1.55581012E-1,
7.18E05,1.43000000E+2,1.23260521E+2,1.65069818E+0,
7.19E05,1.22000000E+2,1.23260490E+2,-1.14119440E-1,
7.2E05,1.32000000E+2,1.23260452E+2,7.60680020E-1,
7.21E05,1.25000000E+2,1.23260422E+2,1.55592605E-1,
7.22E05,1.18000000E+2,1.23260391E+2,-4.84258264E-1,
7.23E05,1.44000000E+2,1.23260368E+2,1.72830260E+0,
7.24E05,1.42000000E+2,1.23260338E+2,1.57259750E+0,
7.25E05,1.09000000E+2,1.23260307E+2,-1.36588967E+0,
7.26E05,1.09000000E+2,1.23260277E+2,-1.36588681E+0,
7.27E05,1.39000000E+2,1.23260254E+2,1.33502781E+0,
7.28E05,1.40000000E+2,1.23260223E+2,1.41476929E+0,
7.29E05,1.24000000E+2,1.23260201E+2,6.64359555E-2,
7.3E05,1.44000000E+2,1.23260178E+2,1.72831857E+0,
7.31E05,1.15000000E+2,1.23260147E+2,-7.70262659E-1,
7.32E05,1.30000000E+2,1.23260124E+2,5.91126204E-1,
7.33E05,1.15000000E+2,1.23260101E+2,-7.70258427E-1,
7.34E05,1.33000000E+2,1.23260078E+2,8.44558299E-1,
7.35E05,1.18000000E+2,1.23260056E+2,-4.84227359E-1,
7.36E05,1.37000000E+2,1.23260033E+2,1.17388463E+0,
7.37E05,1.39000000E+2,1.23260010E+2,1.33504856E+0,
7.38E05,1.10000000E+2,1.23259987E+2,-1.26429009E+0,
7.39E05,1.23000000E+2,1.23259972E+2,-2.34408509E-2,
7.4E05,1.33000000E+2,1.23259949E+2,8.44569564E-1,
7.41E05,1.44000000E+2,1.23259926E+2,1.72833955E+0,
7.42E05,1.11000000E+2,1.23259911E+2,-1.16365921E+0,
7.43E05,1.17000000E+2,1.23259888E+2,-5.78726828E-1,
7.44E05,1.27000000E+2,1.23259872E+2,3.31882656E-1,
7.45E05,1.36000000E+2,1.23259850E+2,1.09245884E+0,
7.46E05,1.15000000E+2,1.23259834E+2,-7.70233512E-1,
7.47E05,1.23000000E+2,1.23259819E+2,-2.34270934E-2,
7.48E05,1.32000000E+2,1.23259804E+2,7.60736465E-1,
7.49E05,1.48000000E+2,1.23259781E+2,2.03363347E+0,
7.5E05,1.27000000E+2,1.23259766E+2,3.31892133E-1,
7.51E05,1.21000000E+2,1.23259750E+2,-2.05431849E-1,
7.52E05,1.24000000E+2,1.23259735E+2,6.64777458E-2,
7.53E05,1.06000000E+2,1.23259720E+2,-1.67641222E+0,
7.54E05,1.38000000E+2,1.23259705E+2,1.25477731E+0,
7.55E05,1.24000000E+2,1.23259689E+2,6.64818585E-2,
7.56E05,1.30000000E+2,1.23259674E+2,5.91165662E-1,
7.57E05,1.14000000E+2,1.23259659E+2,-8.67246509E-1,
7.58E05,1.28000000E+2,1.23259651E+2,4.18991596E-1,
7.59E05,1.19000000E+2,1.23259636E+2,-3.90480191E-1,
7.6E05,1.21000000E+2,1.23259621E+2,-2.05420062E-1,
7.61E05,1.45000000E+2,1.23259605E+2,1.80544150E+0,
7.62E05,1.04000000E+2,1.23259598E+2,-1.88855898E+0,
7.63E05,1.21000000E+2,1.23259583E+2,-2.05416590E-1,
7.64E05,1.10000000E+2,1.23259575E+2,-1.26425087E+0,
7.65E05,1.31000000E+2,1.23259560E+2,6.76285446E-1,
7.66E05,1.17000000E+2,1.23259552E+2,-5.78695774E-1,
7.67E05,1.34000000E+2,1.23259537E+2,9.27834690E-1,
7.68E05,1.11000000E+2,1.23259529E+2,-1.16362298E+0,
7.69E05,1.17000000E+2,1.23259514E+2,-5.78692257E-1,
7.7E05,1.23000000E+2,1.23259506E+2,-2.33988874E-2,
7.71E05,1.25000000E+2,1.23259499E+2,1.55675188E-1,
7.72E05,1.16000000E+2,1.23259483E+2,-6.74026132E-1,
7.73E05,1.35000000E+2,1.23259476E+2,1.01046348E+0,
7.74E05,1.21000000E+2,1.23259468E+2,-2.05406189E-1,
7.75E05,1.26000000E+2,1.23259453E+2,2.44147360E-1,
7.76E05,1.36000000E+2,1.23259445E+2,1.09249353E+0,
7.77E05,1.07000000E+2,1.23259438E+2,-1.57185912E+0,
7.78E05,1.32000000E+2,1.23259430E+2,7.60769010E-1,
7.79E05,1.32000000E+2,1.23259422E+2,7.60769665E-1,
7.8E05,1.24000000E+2,1.23259415E+2,6.65065274E-2,
7.81E05,1.39000000E+2,1.23259407E+2,1.33509970E+0,
7.82E05,1.23000000E+2,1.23259392E+2,-2.33885683E-2,
7.83E05,1.20000000E+2,1.23259384E+2,-2.97539711E-1,
7.84E05,1.09000000E+2,1.23259377E+2,-1.36580050E+0,
7.85E05,1.12000000E+2,1.23259369E+2,-1.06391037E+0,
7.86E05,1.41000000E+2,1.23259361E+2,1.49403131E+0,
7.87E05,1.10000000E+2,1.23259361E+2,-1.26423049E+0,
7.88E05,1.12000000E+2,1.23259354E+2,-1.06390893E+0,
7.89E05,1.34000000E+2,1.23259346E+2,9.27851200E-1,
7.9E05,1.21000000E+2,1.23259338E+2,-2.05394387E-1,
7.91E05,1.44000000E+2,1.23259331E+2,1.72838914E+0,
7.92E05,1.16000000E+2,1.23259323E+2,-6.74011230E-1,
7.93E05,1.44000000E+2,1.23259315E+2,1.72839034E+0,
7.94E05,1.24000000E+2,1.23259308E+2,6.65161163E-2,
7.95E05,1.30000000E+2,1.23259308E+2,5.91197789E-1,
7.96E05,1.24000000E+2,1.23259300E+2,6.65168017E-2,
7.97E05,1.20000000E+2,1.23259293E+2,-2.97531366E-1,
7.98E05,1.24000000E+2,1.23259285E+2,6.65181726E-2,
7.99E05,1.21000000E+2,1.23259285E+2,-2.05389544E-1,
8E05,1.27000000E+2,1.23259277E+2,3.31935465E-1,
8.01E05,1.41000000E+2,1.23259270E+2,1.49403894E+0,
8.02E05,1.18000000E+2,1.23259270E+2,-4.84155029E-1,
8.03E05,1.32000000E+2,1.23259262E+2,7.60783613E-1,
8.04E05,1.17000000E+2,1.23259254E+2,-5.78668296E-1,
8.05E05,1.32000000E+2,1.23259254E+2,7.60784268E-1,
8.06E05,1.25000000E+2,1.23259247E+2,1.55697703E-1,
8.07E05,1.15000000E+2,1.23259239E+2,-7.70178020E-1,
8.08E05,1.28000000E+2,1.23259239E+2,4.19028014E-1,
8.09E05,1.27000000E+2,1.23259232E+2,3.31939518E-1,
8.1E05,1.25000000E+2,1.23259232E+2,1.55699059E-1,
8.11E05,1.35000000E+2,1.23259224E+2,1.01048505E+0,
8.12E05,1.21000000E+2,1.23259216E+2,-2.05383301E-1,
8.13E05,1.28000000E+2,1.23259216E+2,4.19030041E-1,
8.14E05,1.38000000E+2,1.23259209E+2,1.25481951E+0,
8.15E05,1.34000000E+2,1.23259209E+2,9.27863061E-1,
8.16E05,1.34000000E+2,1.23259201E+2,9.27863717E-1,
8.17E05,1.11000000E+2,1.23259201E+2,-1.16359186E+0,
8.18E05,1.28000000E+2,1.23259193E+2,4.19032067E-1,
8.19E05,1.05000000E+2,1.23259193E+2,-1.78191483E+0,
8.2E05,1.28000000E+2,1.23259193E+2,4.19032067E-1,
8.21E05,1.22000000E+2,1.23259186E+2,-1.14001319E-1,
8.22E05,1.16000000E+2,1.23259186E+2,-6.73998475E-1,
8.23E05,1.01000000E+2,1.23259178E+2,-2.21487093E+0,
8.24E05,1.34000000E+2,1.23259178E+2,9.27865684E-1,
8.25E05,1.23000000E+2,1.23259171E+2,-2.33686194E-2,
8.26E05,1.25000000E+2,1.23259171E+2,1.55704528E-1,
8.27E05,1.30000000E+2,1.23259171E+2,5.91209829E-1,
8.28E05,1.23000000E+2,1.23259163E+2,-2.33679321E-2,
8.29E05,1.27000000E+2,1.23259163E+2,3.31945628E-1,
8.3E05,1.20000000E+2,1.23259155E+2,-2.97518820E-1,
8.31E05,1.26000000E+2,1.23259155E+2,2.44173869E-1,
8.32E05,1.08000000E+2,1.23259155E+2,-1.46831286E+0,
8.33E05,1.31000000E+2,1.23259148E+2,6.76321387E-1,
8.34E05,1.43000000E+2,1.23259148E+2,1.65081298E+0,
8.35E05,1.11000000E+2,1.23259148E+2,-1.16358685E+0,
8.36E05,1.23000000E+2,1.23259140E+2,-2.33658683E-2,
8.37E05,1.25000000E+2,1.23259140E+2,1.55707255E-1,
8.38E05,1.12000000E+2,1.23259140E+2,-1.06388879E+0,
8.39E05,1.30000000E+2,1.23259132E+2,5.91213226E-1,
8.4E05,1.02000000E+2,1.23259132E+2,-2.10496783E+0,
8.41E05,1.36000000E+2,1.23259132E+2,1.09252036E+0,
8.42E05,1.18000000E+2,1.23259132E+2,-4.84142393E-1,
8.43E05,1.35000000E+2,1.23259125E+2,1.01049364E+0,
8.44E05,1.14000000E+2,1.23259125E+2,-8.67196500E-1,
8.45E05,1.18000000E+2,1.23259125E+2,-4.84141678E-1,
8.46E05,1.18000000E+2,1.23259125E+2,-4.84141678E-1,
8.47E05,1.13000000E+2,1.23259117E+2,-9.65096533E-1,
8.48E05,1.20000000E+2,1.23259117E+2,-2.97515333E-1,
8.49E05,1.33000000E+2,1.23259117E+2,8.44641685E-1,
8.5E05,9.70000000E+1,1.23259117E+2,-2.66620946E+0,
8.51E05,1.38000000E+2,1.23259109E+2,1.25482798E+0,
8.52E05,1.04000000E+2,1.23259109E+2,-1.88851106E+0,
8.53E05,1.15000000E+2,1.23259109E+2,-7.70165920E-1,
8.54E05,1.30000000E+2,1.23259109E+2,5.91215193E-1,
8.55E05,1.16000000E+2,1.23259102E+2,-6.73990667E-1,
8.56E05,1.27000000E+2,1.23259102E+2,3.31951022E-1,
8.57E05,1.36000000E+2,1.23259102E+2,1.09252298E+0,
8.58E05,1.18000000E+2,1.23259102E+2,-4.84139562E-1,
8.59E05,1.19000000E+2,1.23259102E+2,-3.90431225E-1,
8.6E05,1.37000000E+2,1.23259094E+2,1.17396486E+0,
8.61E05,1.19000000E+2,1.23259094E+2,-3.90430540E-1,
8.62E05,1.20000000E+2,1.23259094E+2,-2.97513247E-1,
8.63E05,1.25000000E+2,1.23259094E+2,1.55711353E-1,
8.64E05,1.31000000E+2,1.23259094E+2,6.76326096E-1,
8.65E05,1.24000000E+2,1.23259094E+2,6.65353015E-2,
8.66E05,1.17000000E+2,1.23259087E+2,-5.78652799E-1,
8.67E05,1.29000000E+2,1.23259087E+2,5.05459249E-1,
8.68E05,1.18000000E+2,1.23259087E+2,-4.84138161E-1,
8.69E05,1.23000000E+2,1.23259087E+2,-2.33610515E-2,
8.7E05,1.22000000E+2,1.23259087E+2,-1.13992341E-1,
8.71E05,1.26000000E+2,1.23259087E+2,2.44179979E-1,
8.72E05,1.17000000E+2,1.23259087E+2,-5.78652799E-1,
8.73E05,1.17000000E+2,1.23259079E+2,-5.78652084E-1,
8.74E05,1.26000000E+2,1.23259079E+2,2.44180664E-1,
8.75E05,1.29000000E+2,1.23259079E+2,5.05459905E-1,
8.76E05,1.21000000E+2,1.23259079E+2,-2.05370814E-1,
8.77E05,1.14000000E+2,1.23259079E+2,-8.67192209E-1,
8.78E05,1.27000000E+2,1.23259079E+2,3.31953049E-1,
8.79E05,1.15000000E+2,1.23259079E+2,-7.70163059E-1,
8.8E05,1.29000000E+2,1.23259071E+2,5.05460560E-1,
8.81E05,1.27000000E+2,1.23259071E+2,3.31953734E-1,
8.82E05,1.27000000E+2,1.23259071E+2,3.31953734E-1,
8.83E05,1.42000000E+2,1.23259071E+2,1.57270384E+0,
8.84E05,1.17000000E+2,1.23259071E+2,-5.78651369E-1,
8.85E05,1.21000000E+2,1.23259071E+2,-2.05370113E-1,
8.86E05,1.15000000E+2,1.23259071E+2,-7.70162344E-1,
8.87E05,1.31000000E+2,1.23259071E+2,6.76328063E-1,
8.88E05,1.08000000E+2,1.23259071E+2,-1.46830487E+0,
8.89E05,1.35000000E+2,1.23259064E+2,1.01049888E+0,
8.9E05,1.11000000E+2,1.23259064E+2,-1.16357887E+0,
8.91E05,1.49000000E+2,1.23259064E+2,2.10877967E+0,
8.92E05,1.23000000E+2,1.23259064E+2,-2.33589895E-2,
8.93E05,1.34000000E+2,1.23259064E+2,9.27875578E-1,
8.94E05,1.33000000E+2,1.23259064E+2,8.44646335E-1,
8.95E05,1.14000000E+2,1.23259064E+2,-8.67190778E-1,
8.96E05,1.34000000E+2,1.23259064E+2,9.27875578E-1,
8.97E05,1.29000000E+2,1.23259064E+2,5.05461276E-1,
8.98E05,1.22000000E+2,1.23259064E+2,-1.13990270E-1,
8.99E05,1.27000000E+2,1.23259064E+2,3.31954420E-1,
9E05,1.33000000E+2,1.23259064E+2,8.44646335E-1,
9.01E05,1.32000000E+2,1.23259056E+2,7.60801554E-1,
9.02E05,1.47000000E+2,1.23259056E+2,1.95811999E+0,
9.03E05,1.18000000E+2,1.23259056E+2,-4.84135360E-1,
9.04E05,1.23000000E+2,1.23259056E+2,-2.33583003E-2,
9.05E05,1.19000000E+2,1.23259056E+2,-3.90427053E-1,
9.06E05,1.15000000E+2,1.23259056E+2,-7.70160913E-1,
9.07E05,1.24000000E+2,1.23259056E+2,6.65387288E-2,
9.08E05,1.30000000E+2,1.23259056E+2,5.91219902E-1,
9.09E05,1.19000000E+2,1.23259056E+2,-3.90427053E-1,
9.1E05,1.18000000E+2,1.23259056E+2,-4.84135360E-1,
9.11E05,1.20000000E+2,1.23259056E+2,-2.97509760E-1,
9.12E05,1.19000000E+2,1.23259056E+2,-3.90427053E-1,
9.13E05,1.28000000E+2,1.23259056E+2,4.19044197E-1,
9.14E05,1.03000000E+2,1.23259056E+2,-1.99618411E+0,
9.15E05,1.24000000E+2,1.23259056E+2,6.65387288E-2,
9.16E05,1.37000000E+2,1.23259048E+2,1.17396867E+0,
9.17E05,1.32000000E+2,1.23259048E+2,7.60802209E-1,
9.18E05,1.25000000E+2,1.23259048E+2,1.55715436E-1,
9.19E05,1.12000000E+2,1.23259048E+2,-1.06388009E+0,
9.2E05,1.31000000E+2,1.23259048E+2,6.76330090E-1,
9.21E05,1.55000000E+2,1.23259048E+2,2.54949450E+0,
9.22E05,1.26000000E+2,1.23259048E+2,2.44183376E-1,
9.23E05,1.13000000E+2,1.23259048E+2,-9.65090096E-1,
9.24E05,1.18000000E+2,1.23259048E+2,-4.84134644E-1,
9.25E05,1.18000000E+2,1.23259048E+2,-4.84134644E-1,
9.26E05,1.28000000E+2,1.23259048E+2,4.19044882E-1,
9.27E05,1.20000000E+2,1.23259048E+2,-2.97509074E-1,
9.28E05,1.20000000E+2,1.23259048E+2,-2.97509074E-1,
9.29E05,1.32000000E+2,1.23259048E+2,7.60802209E-1,
9.3E05,1.25000000E+2,1.23259048E+2,1.55715436E-1,
9.31E05,1.14000000E+2,1.23259048E+2,-8.67189348E-1,
9.32E05,1.18000000E+2,1.23259048E+2,-4.84134644E-1,
9.33E05,1.42000000E+2,1.23259048E+2,1.57270575E+0,
9.34E05,1.12000000E+2,1.23259048E+2,-1.06388009E+0,
9.35E05,1.10000000E+2,1.23259048E+2,-1.26420069E+0,
9.36E05,1.15000000E+2,1.23259048E+2,-7.70160198E-1,
9.37E05,1.31000000E+2,1.23259048E+2,6.76330090E-1,
9.38E05,1.25000000E+2,1.23259048E+2,1.55715436E-1,
9.39E05,1.27000000E+2,1.23259041E+2,3.31956446E-1,
9.4E05,1.27000000E+2,1.23259041E+2,3.31956446E-1,
9.41E05,1.15000000E+2,1.23259041E+2,-7.70159483E-1,
9.42E05,1.39000000E+2,1.23259041E+2,1.33513069E+0,
9.43E05,1.39000000E+2,1.23259041E+2,1.33513069E+0,
9.44E05,1.15000000E+2,1.23259041E+2,-7.70159483E-1,
9.45E05,1.30000000E+2,1.23259041E+2,5.91221213E-1,
9.46E05,1.18000000E+2,1.23259041E+2,-4.84133959E-1,
9.47E05,1.23000000E+2,1.23259041E+2,-2.33569257E-2,
9.48E05,1.14000000E+2,1.23259041E+2,-8.67188632E-1,
9.49E05,1.27000000E+2,1.23259041E+2,3.31956446E-1,
9.5E05,1.00000000E+2,1.23259041E+2,-2.32590413E+0,
9.51E05,1.37000000E+2,1.23259041E+2,1.17396939E+0,
9.52E05,1.30000000E+2,1.23259041E+2,5.91221213E-1,
9.53E05,1.27000000E+2,1.23259041E+2,3.31956446E-1,
9.54E05,1.22000000E+2,1.23259041E+2,-1.13988198E-1,
9.55E05,1.31000000E+2,1.23259041E+2,6.76330745E-1,
9.56E05,1.53000000E+2,1.23259041E+2,2.40441394E+0,
9.57E05,1.38000000E+2,1.23259041E+2,1.25483382E+0,
9.58E05,1.49000000E+2,1.23259041E+2,2.10878158E+0,
9.59E05,1.21000000E+2,1.23259041E+2,-2.05367342E-1,
9.6E05,1.43000000E+2,1.23259041E+2,1.65082192E+0,
9.61E05,1.13000000E+2,1.23259041E+2,-9.65089381E-1,
9.62E05,1.36000000E+2,1.23259041E+2,1.09252822E+0,
9.63E05,1.37000000E+2,1.23259041E+2,1.17396939E+0,
9.64E05,1.15000000E+2,1.23259041E+2,-7.70159483E-1,
9.65E05,1.17000000E+2,1.23259041E+2,-5.78648567E-1,
9.66E05,1.00000000E+2,1.23259041E+2,-2.32590413E+0,
9.67E05,1.28000000E+2,1.23259041E+2,4.19045538E-1,
9.68E05,1.09000000E+2,1.23259041E+2,-1.36576843E+0,
9.69E05,1.20000000E+2,1.23259041E+2,-2.97508359E-1,
9.7E05,1.29000000E+2,1.23259041E+2,5.05463243E-1,
9.71E05,1.17000000E+2,1.23259041E+2,-5.78648567E-1,
9.72E05,1.49000000E+2,1.23259041E+2,2.10878158E+0,
9.73E05,1.35000000E+2,1.23259041E+2,1.01050091E+0,
9.74E05,1.29000000E+2,1.23259041E+2,5.05463243E-1,
9.75E05,1.20000000E+2,1.23259041E+2,-2.97508359E-1,
9.76E05,1.26000000E+2,1.23259041E+2,2.44184062E-1,
9.77E05,1.20000000E+2,1.23259041E+2,-2.97508359E-1,
9.78E05,1.22000000E+2,1.23259041E+2,-1.13988198E-1,
9.79E05,1.11000000E+2,1.23259041E+2,-1.16357672E+0,
9.8E05,1.46000000E+2,1.23259041E+2,1.88205516E+0,
9.81E05,1.37000000E+2,1.23259041E+2,1.17396939E+0,
9.82E05,1.26000000E+2,1.23259041E+2,2.44184062E-1,
9.83E05,1.11000000E+2,1.23259041E+2,-1.16357672E+0,
9.84E05,1.27000000E+2,1.23259041E+2,3.31956446E-1,
9.85E05,1.22000000E+2,1.23259041E+2,-1.13988198E-1,
9.86E05,1.46000000E+2,1.23259041E+2,1.88205516E+0,
9.87E05,1.38000000E+2,1.23259041E+2,1.25483382E+0,
9.88E05,1.22000000E+2,1.23259041E+2,-1.13988198E-1,
9.89E05,1.26000000E+2,1.23259033E+2,2.44184732E-1,
9.9E05,1.29000000E+2,1.23259033E+2,5.05463958E-1,
9.91E05,1.41000000E+2,1.23259033E+2,1.49405885E+0,
9.92E05,1.20000000E+2,1.23259033E+2,-2.97507674E-1,
9.93E05,1.25000000E+2,1.23259033E+2,1.55716807E-1,
9.94E05,1.22000000E+2,1.23259033E+2,-1.13987505E-1,
9.95E05,1.13000000E+2,1.23259033E+2,-9.65088665E-1,
9.96E05,1.26000000E+2,1.23259033E+2,2.44184732E-1,
9.97E05,1.39000000E+2,1.23259033E+2,1.33513141E+0,
9.98E05,1.09000000E+2,1.23259033E+2,-1.36576760E+0,
9.99E05,1.27000000E+2,1.23259033E+2,3.31957132E-1,
1E06,1.26000000E+2,1.23259033E+2,2.44184732E-1,
1.001E006,1.28000000E+2,1.23259033E+2,4.19046223E-1,
1.002E006,1.37000000E+2,1.23259033E+2,1.17396998E+0,
1.003E006,1.29000000E+2,1.23259033E+2,5.05463958E-1,
1.004E006,1.29000000E+2,1.23259033E+2,5.05463958E-1,
1.005E006,1.33000000E+2,1.23259033E+2,8.44648957E-1,
1.006E006,1.13000000E+2,1.23259033E+2,-9.65088665E-1,
1.007E006,1.32000000E+2,1.23259033E+2,7.60803521E-1,
1.008E006,1.26000000E+2,1.23259033E+2,2.44184732E-1,
1.009E006,1.27000000E+2,1.23259033E+2,3.31957132E-1,
1.01E06,1.26000000E+2,1.23259033E+2,2.44184732E-1,
1.011E006,1.21000000E+2,1.23259033E+2,-2.05366656E-1,
1.012E006,1.35000000E+2,1.23259033E+2,1.01050150E+0,
1.013E006,1.11000000E+2,1.23259033E+2,-1.16357601E+0,
1.014E006,1.17000000E+2,1.23259033E+2,-5.78647852E-1,
1.015E006,1.24000000E+2,1.23259033E+2,6.65407851E-2,
1.016E006,1.24000000E+2,1.23259033E+2,6.65407851E-2,
1.017E006,1.20000000E+2,1.23259033E+2,-2.97507674E-1,
1.018E006,1.25000000E+2,1.23259033E+2,1.55716807E-1,
1.019E006,1.39000000E+2,1.23259033E+2,1.33513141E+0,
1.02E06,1.25000000E+2,1.23259033E+2,1.55716807E-1,
1.021E006,1.12000000E+2,1.23259033E+2,-1.06387866E+0,
1.022E006,1.25000000E+2,1.23259033E+2,1.55716807E-1,
1.023E006,1.33000000E+2,1.23259033E+2,8.44648957E-1,
1.024E006,1.01000000E+2,1.23259033E+2,-2.21485662E+0,
1.025E006,1.44000000E+2,1.23259033E+2,1.72841394E+0,
1.026E006,1.38000000E+2,1.23259033E+2,1.25483441E+0,
1.027E006,1.16000000E+2,1.23259033E+2,-6.73984289E-1,
1.028E006,1.24000000E+2,1.23259033E+2,6.65407851E-2,
1.029E006,1.24000000E+2,1.23259033E+2,6.65407851E-2,
1.03E06,1.20000000E+2,1.23259033E+2,-2.97507674E-1,
1.031E006,1.22000000E+2,1.23259033E+2,-1.13987505E-1,
1.032E006,1.09000000E+2,1.23259033E+2,-1.36576760E+0,
1.033E006,1.15000000E+2,1.23259033E+2,-7.70158827E-1,
1.034E006,1.18000000E+2,1.23259033E+2,-4.84133244E-1,
1.035E006,1.33000000E+2,1.23259033E+2,8.44648957E-1,
1.036E006,1.15000000E+2,1.23259033E+2,-7.70158827E-1,
1.037E006,1.18000000E+2,1.23259033E+2,-4.84133244E-1,
1.038E006,1.31000000E+2,1.23259033E+2,6.76331401E-1,
1.039E006,1.24000000E+2,1.23259033E+2,6.65407851E-2,
1.04E06,1.24000000E+2,1.23259033E+2,6.65407851E-2,
1.041E006,1.43000000E+2,1.23259033E+2,1.65082252E+0,
1.042E006,1.18000000E+2,1.23259033E+2,-4.84133244E-1,
1.043E006,1.24000000E+2,1.23259033E+2,6.65407851E-2,
1.044E006,1.23000000E+2,1.23259033E+2,-2.33562365E-2,
1.045E006,1.31000000E+2,1.23259033E+2,6.76331401E-1,
1.046E006,1.34000000E+2,1.23259033E+2,9.27878201E-1,
1.047E006,1.07000000E+2,1.23259033E+2,-1.57182002E+0,
1.048E006,1.09000000E+2,1.23259033E+2,-1.36576760E+0,
1.049E006,1.22000000E+2,1.23259033E+2,-1.13987505E-1,
1.05E06,1.23000000E+2,1.23259033E+2,-2.33562365E-2,
1.051E006,1.13000000E+2,1.23259033E+2,-9.65088665E-1,
1.052E006,1.56000000E+2,1.23259033E+2,2.62137532E+0,
1.053E006,1.26000000E+2,1.23259033E+2,2.44184732E-1,
1.054E006,1.22000000E+2,1.23259033E+2,-1.13987505E-1,
1.055E006,1.24000000E+2,1.23259033E+2,6.65407851E-2,
1.056E006,1.19000000E+2,1.23259033E+2,-3.90424937E-1,
1.057E006,1.52000000E+2,1.23259033E+2,2.33120036E+0,
1.058E006,1.21000000E+2,1.23259033E+2,-2.05366656E-1,
1.059E006,1.18000000E+2,1.23259033E+2,-4.84133244E-1,
1.06E06,1.22000000E+2,1.23259033E+2,-1.13987505E-1,
1.061E006,1.35000000E+2,1.23259033E+2,1.01050150E+0,
1.062E006,1.15000000E+2,1.23259033E+2,-7.70158827E-1,
1.063E006,1.15000000E+2,1.23259033E+2,-7.70158827E-1,
1.064E006,1.12000000E+2,1.23259033E+2,-1.06387866E+0,
1.065E006,1.43000000E+2,1.23259033E+2,1.65082252E+0,
1.066E006,1.32000000E+2,1.23259033E+2,7.60803521E-1,
1.067E006,1.28000000E+2,1.23259033E+2,4.19046223E-1,
1.068E006,1.38000000E+2,1.23259033E+2,1.25483441E+0,
1.069E006,1.26000000E+2,1.23259033E+2,2.44184732E-1,
1.07E06,1.43000000E+2,1.23259033E+2,1.65082252E+0,
1.071E006,1.29000000E+2,1.23259033E+2,5.05463958E-1,
1.072E006,1.21000000E+2,1.23259033E+2,-2.05366656E-1,
1.073E006,1.38000000E+2,1.23259033E+2,1.25483441E+0,
1.074E006,1.19000000E+2,1.23259033E+2,-3.90424937E-1,
1.075E006,1.37000000E+2,1.23259033E+2,1.17396998E+0,
1.076E006,1.22000000E+2,1.23259033E+2,-1.13987505E-1,
1.077E006,1.26000000E+2,1.23259033E+2,2.44184732E-1,
1.078E006,1.23000000E+2,1.23259033E+2,-2.33562365E-2,
1.079E006,1.25000000E+2,1.23259033E+2,1.55716807E-1,
1.08E06,1.19000000E+2,1.23259033E+2,-3.90424937E-1,
1.081E006,1.40000000E+2,1.23259033E+2,1.41486990E+0,
1.082E006,1.27000000E+2,1.23259033E+2,3.31957132E-1,
1.083E006,1.19000000E+2,1.23259033E+2,-3.90424937E-1,
1.084E006,1.21000000E+2,1.23259033E+2,-2.05366656E-1,
1.085E006,1.22000000E+2,1.23259033E+2,-1.13987505E-1,
1.086E006,1.33000000E+2,1.23259033E+2,8.44648957E-1,
1.087E006,1.40000000E+2,1.23259033E+2,1.41486990E+0,
1.088E006,1.25000000E+2,1.23259033E+2,1.55716807E-1,
1.089E006,1.28000000E+2,1.23259033E+2,4.19046223E-1,
1.09E06,1.29000000E+2,1.23259033E+2,5.05463958E-1,
1.091E006,1.22000000E+2,1.23259033E+2,-1.13987505E-1,
1.092E006,1.31000000E+2,1.23259033E+2,6.76331401E-1,
1.093E006,1.23000000E+2,1.23259033E+2,-2.33562365E-2,
1.094E006,1.07000000E+2,1.23259033E+2,-1.57182002E+0,
1.095E006,1.21000000E+2,1.23259033E+2,-2.05366656E-1,
1.096E006,1.05000000E+2,1.23259033E+2,-1.78189921E+0,
1.097E006,1.48000000E+2,1.23259033E+2,2.03369498E+0,
1.098E006,1.34000000E+2,1.23259033E+2,9.27878201E-1,
1.099E006,1.33000000E+2,1.23259033E+2,8.44648957E-1,
1.1E06,1.23000000E+2,1.23259033E+2,-2.33562365E-2,
1.101E006,1.24000000E+2,1.23259033E+2,6.65407851E-2,
1.102E006,1.32000000E+2,1.23259033E+2,7.60803521E-1,
1.103E006,1.15000000E+2,1.23259033E+2,-7.70158827E-1,
1.104E006,1.17000000E+2,1.23259033E+2,-5.78647852E-1,
1.105E006,1.11000000E+2,1.23259033E+2,-1.16357601E+0,
1.106E006,1.13000000E+2,1.23259033E+2,-9.65088665E-1,
1.107E006,1.23000000E+2,1.23259033E+2,-2.33562365E-2,
1.108E006,1.19000000E+2,1.23259033E+2,-3.90424937E-1,
1.109E006,1.20000000E+2,1.23259033E+2,-2.97507674E-1,
1.11E06,1.37000000E+2,1.23259033E+2,1.17396998E+0,
1.111E006,1.29000000E+2,1.23259033E+2,5.05463958E-1,
1.112E006,1.30000000E+2,1.23259033E+2,5.91221929E-1,
1.113E006,1.26000000E+2,1.23259033E+2,2.44184732E-1,
1.114E006,1.15000000E+2,1.23259033E+2,-7.70158827E-1,
1.115E006,1.27000000E+2,1.23259033E+2,3.31957132E-1,
1.116E006,1.08000000E+2,1.23259033E+2,-1.46830118E+0,
1.117E006,1.18000000E+2,1.23259033E+2,-4.84133244E-1,
1.118E006,1.23000000E+2,1.23259033E+2,-2.33562365E-2,
1.119E006,1.33000000E+2,1.23259033E+2,8.44648957E-1,
1.12E06,1.15000000E+2,1.23259033E+2,-7.70158827E-1,
1.121E006,1.23000000E+2,1.23259033E+2,-2.33562365E-2,
1.122E006,1.12000000E+2,1.23259033E+2,-1.06387866E+0,
1.123E006,1.20000000E+2,1.23259033E+2,-2.97507674E-1,
1.124E006,1.28000000E+2,1.23259033E+2,4.19046223E-1,
1.125E006,1.21000000E+2,1.23259033E+2,-2.05366656E-1,
1.126E006,1.29000000E+2,1.23259033E+2,5.05463958E-1,
1.127E006,1.07000000E+2,1.23259033E+2,-1.57182002E+0,
1.128E006,1.38000000E+2,1.23259033E+2,1.25483441E+0,
1.129E006,1.29000000E+2,1.23259033E+2,5.05463958E-1,
1.13E06,1.07000000E+2,1.23259033E+2,-1.57182002E+0,
1.131E006,1.31000000E+2,1.23259033E+2,6.76331401E-1,
1.132E006,1.24000000E+2,1.23259033E+2,6.65407851E-2,
1.133E006,1.07000000E+2,1.23259033E+2,-1.57182002E+0,
1.134E006,1.32000000E+2,1.23259033E+2,7.60803521E-1,
1.135E006,1.26000000E+2,1.23259033E+2,2.44184732E-1,
1.136E006,1.21000000E+2,1.23259033E+2,-2.05366656E-1,
1.137E006,1.45000000E+2,1.23259033E+2,1.80548906E+0,
1.138E006,1.14000000E+2,1.23259033E+2,-8.67187917E-1,
1.139E006,1.13000000E+2,1.23259033E+2,-9.65088665E-1,
1.14E06,1.15000000E+2,1.23259033E+2,-7.70158827E-1,
1.141E006,1.10000000E+2,1.23259033E+2,-1.26419914E+0,
1.142E006,1.36000000E+2,1.23259033E+2,1.09252894E+0,
1.143E006,1.08000000E+2,1.23259033E+2,-1.46830118E+0,
1.144E006,1.13000000E+2,1.23259033E+2,-9.65088665E-1,
1.145E006,1.42000000E+2,1.23259033E+2,1.57270694E+0,
1.146E006,1.18000000E+2,1.23259033E+2,-4.84133244E-1,
1.147E006,1.15000000E+2,1.23259033E+2,-7.70158827E-1,
1.148E006,9.30000000E+1,1.23259033E+2,-3.13771558E+0,
1.149E006,1.38000000E+2,1.23259033E+2,1.25483441E+0,
1.15E06,1.28000000E+2,1.23259033E+2,4.19046223E-1,
1.151E006,1.23000000E+2,1.23259033E+2,-2.33562365E-2,
1.152E006,1.24000000E+2,1.23259033E+2,6.65407851E-2,
1.153E006,1.23000000E+2,1.23259033E+2,-2.33562365E-2,
1.154E006,1.15000000E+2,1.23259033E+2,-7.70158827E-1,
1.155E006,1.22000000E+2,1.23259033E+2,-1.13987505E-1,
1.156E006,1.27000000E+2,1.23259033E+2,3.31957132E-1,
1.157E006,1.27000000E+2,1.23259033E+2,3.31957132E-1,
1.158E006,1.23000000E+2,1.23259033E+2,-2.33562365E-2,
1.159E006,1.29000000E+2,1.23259033E+2,5.05463958E-1,
1.16E06,1.17000000E+2,1.23259033E+2,-5.78647852E-1,
1.161E006,1.41000000E+2,1.23259033E+2,1.49405885E+0,
1.162E006,1.15000000E+2,1.23259033E+2,-7.70158827E-1,
1.163E006,1.37000000E+2,1.23259033E+2,1.17396998E+0,
1.164E006,1.34000000E+2,1.23259033E+2,9.27878201E-1,
1.165E006,1.18000000E+2,1.23259033E+2,-4.84133244E-1,
1.166E006,1.31000000E+2,1.23259033E+2,6.76331401E-1,
1.167E006,1.25000000E+2,1.23259033E+2,1.55716807E-1,
1.168E006,1.29000000E+2,1.23259033E+2,5.05463958E-1,
1.169E006,1.29000000E+2,1.23259033E+2,5.05463958E-1,
1.17E06,1.28000000E+2,1.23259033E+2,4.19046223E-1,
1.171E006,1.30000000E+2,1.23259033E+2,5.91221929E-1,
1.172E006,1.30000000E+2,1.23259033E+2,5.91221929E-1,
1.173E006,1.11000000E+2,1.23259033E+2,-1.16357601E+0,
1.174E006,1.12000000E+2,1.23259033E+2,-1.06387866E+0,
1.175E006,1.35000000E+2,1.23259033E+2,1.01050150E+0,
1.176E006,1.16000000E+2,1.23259033E+2,-6.73984289E-1,
1.177E006,1.24000000E+2,1.23259033E+2,6.65407851E-2,
1.178E006,1.26000000E+2,1.23259033E+2,2.44184732E-1,
1.179E006,1.36000000E+2,1.23259033E+2,1.09252894E+0,
1.18E06,1.26000000E+2,1.23259033E+2,2.44184732E-1,
1.181E006,1.40000000E+2,1.23259033E+2,1.41486990E+0,
1.182E006,1.28000000E+2,1.23259033E+2,4.19046223E-1,
1.183E006,1.42000000E+2,1.23259033E+2,1.57270694E+0,
1.184E006,1.41000000E+2,1.23259033E+2,1.49405885E+0,
1.185E006,9.90000000E+1,1.23259033E+2,-2.43812466E+0,
1.186E006,1.15000000E+2,1.23259033E+2,-7.70158827E-1,
1.187E006,1.17000000E+2,1.23259033E+2,-5.78647852E-1,
1.188E006,1.44000000E+2,1.23259033E+2,1.72841394E+0,
1.189E006,1.12000000E+2,1.23259033E+2,-1.06387866E+0,
1.19E06,1.19000000E+2,1.23259033E+2,-3.90424937E-1,
1.191E006,1.30000000E+2,1.23259033E+2,5.91221929E-1,
1.192E006,1.25000000E+2,1.23259033E+2,1.55716807E-1,
1.193E006,1.10000000E+2,1.23259033E+2,-1.26419914E+0,
1.194E006,1.10000000E+2,1.23259033E+2,-1.26419914E+0,
1.195E006,1.23000000E+2,1.23259033E+2,-2.33562365E-2,
1.196E006,1.33000000E+2,1.23259033E+2,8.44648957E-1,
1.197E006,1.29000000E+2,1.23259033E+2,5.05463958E-1,
1.198E006,1.24000000E+2,1.23259033E+2,6.65407851E-2,
1.199E006,1.26000000E+2,1.23259033E+2,2.44184732E-1,
1.2E06,1.16000000E+2,1.23259033E+2,-6.73984289E-1,
1.201E006,1.36000000E+2,1.23259033E+2,1.09252894E+0,
1.202E006,1.29000000E+2,1.23259033E+2,5.05463958E-1,
1.203E006,1.22000000E+2,1.23259033E+2,-1.13987505E-1,
1.204E006,1.23000000E+2,1.23259033E+2,-2.33562365E-2,
1.205E006,1.15000000E+2,1.23259033E+2,-7.70158827E-1,
1.206E006,1.36000000E+2,1.23259033E+2,1.09252894E+0,
1.207E006,1.38000000E+2,1.23259033E+2,1.25483441E+0,
1.208E006,1.46000000E+2,1.23259033E+2,1.88205576E+0,
1.209E006,1.29000000E+2,1.23259033E+2,5.05463958E-1,
1.21E06,1.40000000E+2,1.23259033E+2,1.41486990E+0,
1.211E006,1.21000000E+2,1.23259033E+2,-2.05366656E-1,
1.212E006,1.24000000E+2,1.23259033E+2,6.65407851E-2,
1.213E006,1.32000000E+2,1.23259033E+2,7.60803521E-1,
1.214E006,1.18000000E+2,1.23259033E+2,-4.84133244E-1,
1.215E006,1.29000000E+2,1.23259033E+2,5.05463958E-1,
1.216E006,1.10000000E+2,1.23259033E+2,-1.26419914E+0,
1.217E006,1.30000000E+2,1.23259033E+2,5.91221929E-1,
1.218E006,1.31000000E+2,1.23259033E+2,6.76331401E-1,
1.219E006,1.16000000E+2,1.23259033E+2,-6.73984289E-1,
1.22E06,1.27000000E+2,1.23259033E+2,3.31957132E-1,
1.221E006,1.14000000E+2,1.23259033E+2,-8.67187917E-1,
1.222E006,1.10000000E+2,1.23259033E+2,-1.26419914E+0,
1.223E006,1.06000000E+2,1.23259033E+2,-1.67634547E+0,
1.224E006,1.31000000E+2,1.23259033E+2,6.76331401E-1,
1.225E006,1.32000000E+2,1.23259033E+2,7.60803521E-1,
1.226E006,1.36000000E+2,1.23259033E+2,1.09252894E+0,
1.227E006,1.28000000E+2,1.23259033E+2,4.19046223E-1,
1.228E006,1.24000000E+2,1.23259033E+2,6.65407851E-2,
1.229E006,1.26000000E+2,1.23259033E+2,2.44184732E-1,
1.23E06,1.23000000E+2,1.23259033E+2,-2.33562365E-2,
1.231E006,1.14000000E+2,1.23259033E+2,-8.67187917E-1,
1.232E006,1.32000000E+2,1.23259033E+2,7.60803521E-1,
1.233E006,1.19000000E+2,1.23259033E+2,-3.90424937E-1,
1.234E006,1.22000000E+2,1.23259033E+2,-1.13987505E-1,
1.235E006,1.21000000E+2,1.23259033E+2,-2.05366656E-1,
1.236E006,1.40000000E+2,1.23259033E+2,1.41486990E+0,
1.237E006,1.18000000E+2,1.23259033E+2,-4.84133244E-1,
1.238E006,1.18000000E+2,1.23259033E+2,-4.84133244E-1,
1.239E006,1.15000000E+2,1.23259033E+2,-7.70158827E-1,
1.24E06,1.41000000E+2,1.23259033E+2,1.49405885E+0,
1.241E006,1.23000000E+2,1.23259033E+2,-2.33562365E-2,
1.242E006,1.23000000E+2,1.23259033E+2,-2.33562365E-2,
1.243E006,1.40000000E+2,1.23259033E+2,1.41486990E+0,
1.244E006,1.21000000E+2,1.23259033E+2,-2.05366656E-1,
1.245E006,1.13000000E+2,1.23259033E+2,-9.65088665E-1,
1.246E006,1.32000000E+2,1.23259033E+2,7.60803521E-1,
1.247E006,1.29000000E+2,1.23259033E+2,5.05463958E-1,
1.248E006,1.20000000E+2,1.23259033E+2,-2.97507674E-1,
1.249E006,1.43000000E+2,1.23259033E+2,1.65082252E+0,
1.25E06,1.18000000E+2,1.23259033E+2,-4.84133244E-1,
1.251E006,1.28000000E+2,1.23259033E+2,4.19046223E-1,
1.252E006,1.12000000E+2,1.23259033E+2,-1.06387866E+0,
1.253E006,1.31000000E+2,1.23259033E+2,6.76331401E-1,
1.254E006,1.33000000E+2,1.23259033E+2,8.44648957E-1,
1.255E006,1.20000000E+2,1.23259033E+2,-2.97507674E-1,
1.256E006,1.21000000E+2,1.23259033E+2,-2.05366656E-1,
1.257E006,1.37000000E+2,1.23259033E+2,1.17396998E+0,
1.258E006,1.25000000E+2,1.23259033E+2,1.55716807E-1,
1.259E006,1.20000000E+2,1.23259033E+2,-2.97507674E-1,
1.26E06,1.30000000E+2,1.23259033E+2,5.91221929E-1,
1.261E006,1.36000000E+2,1.23259033E+2,1.09252894E+0,
1.262E006,1.10000000E+2,1.23259033E+2,-1.26419914E+0,
1.263E006,1.37000000E+2,1.23259033E+2,1.17396998E+0,
1.264E006,1.19000000E+2,1.23259033E+2,-3.90424937E-1,
1.265E006,1.16000000E+2,1.23259033E+2,-6.73984289E-1,
1.266E006,1.28000000E+2,1.23259033E+2,4.19046223E-1,
1.267E006,1.15000000E+2,1.23259033E+2,-7.70158827E-1,
1.268E006,1.16000000E+2,1.23259033E+2,-6.73984289E-1,
1.269E006,1.03000000E+2,1.23259033E+2,-1.99618185E+0,
1.27E06,1.38000000E+2,1.23259033E+2,1.25483441E+0,
1.271E006,1.38000000E+2,1.23259033E+2,1.25483441E+0,
1.272E006,1.24000000E+2,1.23259033E+2,6.65407851E-2,
1.273E006,1.24000000E+2,1.23259033E+2,6.65407851E-2,
1.274E006,1.34000000E+2,1.23259033E+2,9.27878201E-1,
1.275E006,1.21000000E+2,1.23259033E+2,-2.05366656E-1,
1.276E006,1.15000000E+2,1.23259033E+2,-7.70158827E-1,
1.277E006,1.27000000E+2,1.23259033E+2,3.31957132E-1,
1.278E006,1.20000000E+2,1.23259033E+2,-2.97507674E-1,
1.279E006,1.30000000E+2,1.23259033E+2,5.91221929E-1,
1.28E06,1.33000000E+2,1.23259033E+2,8.44648957E-1,
1.281E006,1.37000000E+2,1.23259033E+2,1.17396998E+0,
1.282E006,1.21000000E+2,1.23259033E+2,-2.05366656E-1,
1.283E006,1.24000000E+2,1.23259033E+2,6.65407851E-2,
1.284E006,1.24000000E+2,1.23259033E+2,6.65407851E-2,
1.285E006,1.12000000E+2,1.23259033E+2,-1.06387866E+0,
1.286E006,1.13000000E+2,1.23259033E+2,-9.65088665E-1,
1.287E006,1.35000000E+2,1.23259033E+2,1.01050150E+0,
1.288E006,1.05000000E+2,1.23259033E+2,-1.78189921E+0,
1.289E006,1.15000000E+2,1.23259033E+2,-7.70158827E-1,
1.29E06,1.38000000E+2,1.23259033E+2,1.25483441E+0,
1.291E006,1.22000000E+2,1.23259033E+2,-1.13987505E-1,
1.292E006,1.39000000E+2,1.23259033E+2,1.33513141E+0,
1.293E006,1.07000000E+2,1.23259033E+2,-1.57182002E+0,
1.294E006,1.48000000E+2,1.23259033E+2,2.03369498E+0,
1.295E006,1.16000000E+2,1.23259033E+2,-6.73984289E-1,
1.296E006,1.25000000E+2,1.23259033E+2,1.55716807E-1,
1.297E006,1.36000000E+2,1.23259033E+2,1.09252894E+0,
1.298E006,1.16000000E+2,1.23259033E+2,-6.73984289E-1,
1.299E006,1.36000000E+2,1.23259033E+2,1.09252894E+0,
1.3E06,1.28000000E+2,1.23259033E+2,4.19046223E-1,
1.301E006,1.46000000E+2,1.23259033E+2,1.88205576E+0,
1.302E006,1.11000000E+2,1.23259033E+2,-1.16357601E+0,
1.303E006,1.45000000E+2,1.23259033E+2,1.80548906E+0,
1.304E006,1.37000000E+2,1.23259033E+2,1.17396998E+0,
1.305E006,1.33000000E+2,1.23259033E+2,8.44648957E-1,
1.306E006,1.09000000E+2,1.23259033E+2,-1.36576760E+0,
1.307E006,1.10000000E+2,1.23259033E+2,-1.26419914E+0,
1.308E006,1.18000000E+2,1.23259033E+2,-4.84133244E-1,
1.309E006,1.25000000E+2,1.23259033E+2,1.55716807E-1,
1.31E06,1.05000000E+2,1.23259033E+2,-1.78189921E+0,
1.311E006,1.18000000E+2,1.23259033E+2,-4.84133244E-1,
1.312E006,1.28000000E+2,1.23259033E+2,4.19046223E-1,
1.313E006,1.20000000E+2,1.23259033E+2,-2.97507674E-1,
1.314E006,1.19000000E+2,1.23259033E+2,-3.90424937E-1,
1.315E006,1.16000000E+2,1.23259033E+2,-6.73984289E-1,
1.316E006,1.29000000E+2,1.23259033E+2,5.05463958E-1,
1.317E006,1.21000000E+2,1.23259033E+2,-2.05366656E-1,
1.318E006,1.22000000E+2,1.23259033E+2,-1.13987505E-1,
1.319E006,1.17000000E+2,1.23259033E+2,-5.78647852E-1,
1.32E06,1.21000000E+2,1.23259033E+2,-2.05366656E-1,
1.321E006,1.20000000E+2,1.23259033E+2,-2.97507674E-1,
1.322E006,1.17000000E+2,1.23259033E+2,-5.78647852E-1,
1.323E006,1.28000000E+2,1.23259033E+2,4.19046223E-1,
1.324E006,1.27000000E+2,1.23259033E+2,3.31957132E-1,
1.325E006,1.29000000E+2,1.23259033E+2,5.05463958E-1,
1.326E006,9.60000000E+1,1.23259033E+2,-2.78211355E+0,
1.327E006,1.20000000E+2,1.23259033E+2,-2.97507674E-1,
1.328E006,1.10000000E+2,1.23259033E+2,-1.26419914E+0,
1.329E006,1.30000000E+2,1.23259033E+2,5.91221929E-1,
1.33E06,1.13000000E+2,1.23259033E+2,-9.65088665E-1,
1.331E006,1.26000000E+2,1.23259033E+2,2.44184732E-1,
1.332E006,1.15000000E+2,1.23259033E+2,-7.70158827E-1,
1.333E006,1.16000000E+2,1.23259033E+2,-6.73984289E-1,
1.334E006,1.13000000E+2,1.23259033E+2,-9.65088665E-1,
1.335E006,1.21000000E+2,1.23259033E+2,-2.05366656E-1,
1.336E006,1.31000000E+2,1.23259033E+2,6.76331401E-1,
1.337E006,1.36000000E+2,1.23259033E+2,1.09252894E+0,
1.338E006,1.26000000E+2,1.23259033E+2,2.44184732E-1,
1.339E006,1.21000000E+2,1.23259033E+2,-2.05366656E-1,
1.34E06,1.20000000E+2,1.23259033E+2,-2.97507674E-1,
1.341E006,1.11000000E+2,1.23259033E+2,-1.16357601E+0,
1.342E006,1.35000000E+2,1.23259033E+2,1.01050150E+0,
1.343E006,1.23000000E+2,1.23259033E+2,-2.33562365E-2,
1.344E006,1.19000000E+2,1.23259033E+2,-3.90424937E-1,
1.345E006,1.14000000E+2,1.23259033E+2,-8.67187917E-1,
1.346E006,1.06000000E+2,1.23259033E+2,-1.67634547E+0,
1.347E006,1.45000000E+2,1.23259033E+2,1.80548906E+0,
1.348E006,1.12000000E+2,1.23259033E+2,-1.06387866E+0,
1.349E006,1.26000000E+2,1.23259033E+2,2.44184732E-1,
1.35E06,9.80000000E+1,1.23259033E+2,-2.55154753E+0,
1.351E006,1.18000000E+2,1.23259033E+2,-4.84133244E-1,
1.352E006,1.38000000E+2,1.23259033E+2,1.25483441E+0,
1.353E006,1.18000000E+2,1.23259033E+2,-4.84133244E-1,
1.354E006,1.36000000E+2,1.23259033E+2,1.09252894E+0,
1.355E006,1.29000000E+2,1.23259033E+2,5.05463958E-1,
1.356E006,1.16000000E+2,1.23259033E+2,-6.73984289E-1,
1.357E006,1.25000000E+2,1.23259033E+2,1.55716807E-1,
1.358E006,1.23000000E+2,1.23259033E+2,-2.33562365E-2,
1.359E006,1.38000000E+2,1.23259033E+2,1.25483441E+0,
1.36E06,1.08000000E+2,1.23259033E+2,-1.46830118E+0,
1.361E006,1.04000000E+2,1.23259033E+2,-1.88850367E+0,
1.362E006,1.28000000E+2,1.23259033E+2,4.19046223E-1,
1.363E006,1.19000000E+2,1.23259033E+2,-3.90424937E-1,
1.364E006,1.38000000E+2,1.23259033E+2,1.25483441E+0,
1.365E006,1.13000000E+2,1.23259033E+2,-9.65088665E-1,
1.366E006,1.08000000E+2,1.23259033E+2,-1.46830118E+0,
1.367E006,1.34000000E+2,1.23259033E+2,9.27878201E-1,
1.368E006,1.42000000E+2,1.23259033E+2,1.57270694E+0,
1.369E006,1.13000000E+2,1.23259033E+2,-9.65088665E-1,
1.37E06,1.23000000E+2,1.23259033E+2,-2.33562365E-2,
1.371E006,1.16000000E+2,1.23259033E+2,-6.73984289E-1,
1.372E006,1.36000000E+2,1.23259033E+2,1.09252894E+0,
1.373E006,1.28000000E+2,1.23259033E+2,4.19046223E-1,
1.374E006,1.04000000E+2,1.23259033E+2,-1.88850367E+0,
1.375E006,1.40000000E+2,1.23259033E+2,1.41486990E+0,
1.376E006,1.41000000E+2,1.23259033E+2,1.49405885E+0,
1.377E006,1.21000000E+2,1.23259033E+2,-2.05366656E-1,
1.378E006,1.31000000E+2,1.23259033E+2,6.76331401E-1,
1.379E006,1.20000000E+2,1.23259033E+2,-2.97507674E-1,
1.38E06,1.26000000E+2,1.23259033E+2,2.44184732E-1,
1.381E006,1.37000000E+2,1.23259033E+2,1.17396998E+0,
1.382E006,1.37000000E+2,1.23259033E+2,1.17396998E+0,
1.383E006,1.14000000E+2,1.23259033E+2,-8.67187917E-1,
1.384E006,1.21000000E+2,1.23259033E+2,-2.05366656E-1,
1.385E006,1.16000000E+2,1.23259033E+2,-6.73984289E-1,
1.386E006,1.03000000E+2,1.23259033E+2,-1.99618185E+0,
1.387E006,1.13000000E+2,1.23259033E+2,-9.65088665E-1,
1.388E006,1.33000000E+2,1.23259033E+2,8.44648957E-1,
1.389E006,1.23000000E+2,1.23259033E+2,-2.33562365E-2,
1.39E06,1.37000000E+2,1.23259033E+2,1.17396998E+0,
1.391E006,1.26000000E+2,1.23259033E+2,2.44184732E-1,
1.392E006,1.26000000E+2,1.23259033E+2,2.44184732E-1,
1.393E006,1.22000000E+2,1.23259033E+2,-1.13987505E-1,
1.394E006,1.03000000E+2,1.23259033E+2,-1.99618185E+0,
1.395E006,1.24000000E+2,1.23259033E+2,6.65407851E-2,
1.396E006,1.26000000E+2,1.23259033E+2,2.44184732E-1,
1.397E006,1.19000000E+2,1.23259033E+2,-3.90424937E-1,
1.398E006,1.26000000E+2,1.23259033E+2,2.44184732E-1,
1.399E006,1.21000000E+2,1.23259033E+2,-2.05366656E-1,
1.4E06,1.35000000E+2,1.23259033E+2,1.01050150E+0,
1.401E006,1.13000000E+2,1.23259033E+2,-9.65088665E-1,
1.402E006,1.30000000E+2,1.23259033E+2,5.91221929E-1,
1.403E006,1.24000000E+2,1.23259033E+2,6.65407851E-2,
1.404E006,1.33000000E+2,1.23259033E+2,8.44648957E-1,
1.405E006,1.20000000E+2,1.23259033E+2,-2.97507674E-1,
1.406E006,1.47000000E+2,1.23259033E+2,1.95812190E+0,
1.407E006,1.28000000E+2,1.23259033E+2,4.19046223E-1,
1.408E006,1.31000000E+2,1.23259033E+2,6.76331401E-1,
1.409E006,1.24000000E+2,1.23259033E+2,6.65407851E-2,
1.41E06,1.27000000E+2,1.23259033E+2,3.31957132E-1,
1.411E006,1.29000000E+2,1.23259033E+2,5.05463958E-1,
1.412E006,1.29000000E+2,1.23259033E+2,5.05463958E-1,
1.413E006,1.30000000E+2,1.23259033E+2,5.91221929E-1,
1.414E006,1.18000000E+2,1.23259033E+2,-4.84133244E-1,
1.415E006,1.22000000E+2,1.23259033E+2,-1.13987505E-1,
1.416E006,1.27000000E+2,1.23259033E+2,3.31957132E-1,
1.417E006,1.31000000E+2,1.23259033E+2,6.76331401E-1,
1.418E006,1.04000000E+2,1.23259033E+2,-1.88850367E+0,
1.419E006,1.31000000E+2,1.23259033E+2,6.76331401E-1,
1.42E06,1.18000000E+2,1.23259033E+2,-4.84133244E-1,
1.421E006,1.26000000E+2,1.23259033E+2,2.44184732E-1,
1.422E006,1.17000000E+2,1.23259033E+2,-5.78647852E-1,
1.423E006,1.32000000E+2,1.23259033E+2,7.60803521E-1,
1.424E006,1.24000000E+2,1.23259033E+2,6.65407851E-2,
1.425E006,1.12000000E+2,1.23259033E+2,-1.06387866E+0,
1.426E006,1.24000000E+2,1.23259033E+2,6.65407851E-2,
1.427E006,1.17000000E+2,1.23259033E+2,-5.78647852E-1,
1.428E006,1.36000000E+2,1.23259033E+2,1.09252894E+0,
1.429E006,1.09000000E+2,1.23259033E+2,-1.36576760E+0,
1.43E06,1.22000000E+2,1.23259033E+2,-1.13987505E-1,
1.431E006,1.33000000E+2,1.23259033E+2,8.44648957E-1,
1.432E006,1.22000000E+2,1.23259033E+2,-1.13987505E-1,
1.433E006,1.35000000E+2,1.23259033E+2,1.01050150E+0,
1.434E006,1.30000000E+2,1.23259033E+2,5.91221929E-1,
1.435E006,1.09000000E+2,1.23259033E+2,-1.36576760E+0,
1.436E006,1.36000000E+2,1.23259033E+2,1.09252894E+0,
1.437E006,1.14000000E+2,1.23259033E+2,-8.67187917E-1,
1.438E006,1.36000000E+2,1.23259033E+2,1.09252894E+0,
1.439E006,1.31000000E+2,1.23259033E+2,6.76331401E-1,
1.44E06,1.32000000E+2,1.23259033E+2,7.60803521E-1,
1.441E006,1.17000000E+2,1.23259033E+2,-5.78647852E-1,
1.442E006,1.22000000E+2,1.23259033E+2,-1.13987505E-1,
1.443E006,1.12000000E+2,1.23259033E+2,-1.06387866E+0,
1.444E006,1.17000000E+2,1.23259033E+2,-5.78647852E-1,
1.445E006,1.16000000E+2,1.23259033E+2,-6.73984289E-1,
1.446E006,1.35000000E+2,1.23259033E+2,1.01050150E+0,
1.447E006,1.39000000E+2,1.23259033E+2,1.33513141E+0,
1.448E006,1.17000000E+2,1.23259033E+2,-5.78647852E-1,
1.449E006,1.31000000E+2,1.23259033E+2,6.76331401E-1,
1.45E06,1.12000000E+2,1.23259033E+2,-1.06387866E+0,
1.451E006,1.26000000E+2,1.23259033E+2,2.44184732E-1,
1.452E006,1.29000000E+2,1.23259033E+2,5.05463958E-1,
1.453E006,1.29000000E+2,1.23259033E+2,5.05463958E-1,
1.454E006,1.18000000E+2,1.23259033E+2,-4.84133244E-1,
1.455E006,1.15000000E+2,1.23259033E+2,-7.70158827E-1,
1.456E006,1.09000000E+2,1.23259033E+2,-1.36576760E+0,
1.457E006,1.32000000E+2,1.23259033E+2,7.60803521E-1,
1.458E006,1.33000000E+2,1.23259033E+2,8.44648957E-1,
1.459E006,1.09000000E+2,1.23259033E+2,-1.36576760E+0,
1.46E06,1.29000000E+2,1.23259033E+2,5.05463958E-1,
1.461E006,1.33000000E+2,1.23259033E+2,8.44648957E-1,
1.462E006,1.47000000E+2,1.23259033E+2,1.95812190E+0,
1.463E006,1.20000000E+2,1.23259033E+2,-2.97507674E-1,
1.464E006,1.26000000E+2,1.23259033E+2,2.44184732E-1,
1.465E006,1.16000000E+2,1.23259033E+2,-6.73984289E-1,
1.466E006,1.13000000E+2,1.23259033E+2,-9.65088665E-1,
1.467E006,1.27000000E+2,1.23259033E+2,3.31957132E-1,
1.468E006,1.39000000E+2,1.23259033E+2,1.33513141E+0,
1.469E006,1.13000000E+2,1.23259033E+2,-9.65088665E-1,
1.47E06,1.34000000E+2,1.23259033E+2,9.27878201E-1,
1.471E006,1.32000000E+2,1.23259033E+2,7.60803521E-1,
1.472E006,1.31000000E+2,1.23259033E+2,6.76331401E-1,
1.473E006,1.22000000E+2,1.23259033E+2,-1.13987505E-1,
1.474E006,1.08000000E+2,1.23259033E+2,-1.46830118E+0,
1.475E006,1.20000000E+2,1.23259033E+2,-2.97507674E-1,
1.476E006,1.26000000E+2,1.23259033E+2,2.44184732E-1,
1.477E006,1.35000000E+2,1.23259033E+2,1.01050150E+0,
1.478E006,1.19000000E+2,1.23259033E+2,-3.90424937E-1,
1.479E006,1.33000000E+2,1.23259033E+2,8.44648957E-1,
1.48E06,1.26000000E+2,1.23259033E+2,2.44184732E-1,
1.481E006,1.38000000E+2,1.23259033E+2,1.25483441E+0,
1.482E006,1.23000000E+2,1.23259033E+2,-2.33562365E-2,
1.483E006,1.18000000E+2,1.23259033E+2,-4.84133244E-1,
1.484E006,1.19000000E+2,1.23259033E+2,-3.90424937E-1,
1.485E006,1.28000000E+2,1.23259033E+2,4.19046223E-1,
1.486E006,1.24000000E+2,1.23259033E+2,6.65407851E-2,
1.487E006,1.23000000E+2,1.23259033E+2,-2.33562365E-2,
1.488E006,1.16000000E+2,1.23259033E+2,-6.73984289E-1,
1.489E006,1.36000000E+2,1.23259033E+2,1.09252894E+0,
1.49E06,1.22000000E+2,1.23259033E+2,-1.13987505E-1,
1.491E006,1.07000000E+2,1.23259033E+2,-1.57182002E+0,
1.492E006,1.17000000E+2,1.23259033E+2,-5.78647852E-1,
1.493E006,1.24000000E+2,1.23259033E+2,6.65407851E-2,
1.494E006,1.22000000E+2,1.23259033E+2,-1.13987505E-1,
1.495E006,1.10000000E+2,1.23259033E+2,-1.26419914E+0,
1.496E006,1.23000000E+2,1.23259033E+2,-2.33562365E-2,
1.497E006,1.14000000E+2,1.23259033E+2,-8.67187917E-1,
1.498E006,1.33000000E+2,1.23259033E+2,8.44648957E-1,
1.499E006,1.22000000E+2,1.23259033E+2,-1.13987505E-1,
1.5E06,1.15000000E+2,1.23259033E+2,-7.70158827E-1,
1.501E006,1.33000000E+2,1.23259033E+2,8.44648957E-1,
1.502E006,1.24000000E+2,1.23259033E+2,6.65407851E-2,
1.503E006,1.08000000E+2,1.23259033E+2,-1.46830118E+0,
1.504E006,1.34000000E+2,1.23259033E+2,9.27878201E-1,
1.505E006,1.27000000E+2,1.23259033E+2,3.31957132E-1,
1.506E006,1.37000000E+2,1.23259033E+2,1.17396998E+0,
1.507E006,1.37000000E+2,1.23259033E+2,1.17396998E+0,
1.508E006,1.34000000E+2,1.23259033E+2,9.27878201E-1,
1.509E006,1.24000000E+2,1.23259033E+2,6.65407851E-2,
1.51E06,1.20000000E+2,1.23259033E+2,-2.97507674E-1,
1.511E006,1.16000000E+2,1.23259033E+2,-6.73984289E-1,
1.512E006,1.34000000E+2,1.23259033E+2,9.27878201E-1,
1.513E006,1.35000000E+2,1.23259033E+2,1.01050150E+0,
1.514E006,1.34000000E+2,1.23259033E+2,9.27878201E-1,
1.515E006,1.20000000E+2,1.23259033E+2,-2.97507674E-1,
1.516E006,1.15000000E+2,1.23259033E+2,-7.70158827E-1,
1.517E006,1.47000000E+2,1.23259033E+2,1.95812190E+0,
1.518E006,9.50000000E+1,1.23259033E+2,-2.89931560E+0,
1.519E006,1.24000000E+2,1.23259033E+2,6.65407851E-2,
1.52E06,1.42000000E+2,1.23259033E+2,1.57270694E+0,
1.521E006,1.16000000E+2,1.23259033E+2,-6.73984289E-1,
1.522E006,1.33000000E+2,1.23259033E+2,8.44648957E-1,
1.523E006,1.30000000E+2,1.23259033E+2,5.91221929E-1,
1.524E006,1.11000000E+2,1.23259033E+2,-1.16357601E+0,
1.525E006,1.36000000E+2,1.23259033E+2,1.09252894E+0,
1.526E006,1.11000000E+2,1.23259033E+2,-1.16357601E+0,
1.527E006,1.29000000E+2,1.23259033E+2,5.05463958E-1,
1.528E006,1.13000000E+2,1.23259033E+2,-9.65088665E-1,
1.529E006,1.20000000E+2,1.23259033E+2,-2.97507674E-1,
1.53E06,1.28000000E+2,1.23259033E+2,4.19046223E-1,
1.531E006,1.30000000E+2,1.23259033E+2,5.91221929E-1,
1.532E006,1.20000000E+2,1.23259033E+2,-2.97507674E-1,
1.533E006,1.15000000E+2,1.23259033E+2,-7.70158827E-1,
1.534E006,1.23000000E+2,1.23259033E+2,-2.33562365E-2,
1.535E006,1.29000000E+2,1.23259033E+2,5.05463958E-1,
1.536E006,1.04000000E+2,1.23259033E+2,-1.88850367E+0,
1.537E006,1.47000000E+2,1.23259033E+2,1.95812190E+0,
1.538E006,1.38000000E+2,1.23259033E+2,1.25483441E+0,
1.539E006,1.18000000E+2,1.23259033E+2,-4.84133244E-1,
1.54E06,1.31000000E+2,1.23259033E+2,6.76331401E-1,
1.541E006,1.20000000E+2,1.23259033E+2,-2.97507674E-1,
1.542E006,1.10000000E+2,1.23259033E+2,-1.26419914E+0,
1.543E006,1.34000000E+2,1.23259033E+2,9.27878201E-1,
1.544E006,1.09000000E+2,1.23259033E+2,-1.36576760E+0,
1.545E006,1.20000000E+2,1.23259033E+2,-2.97507674E-1,
1.546E006,1.38000000E+2,1.23259033E+2,1.25483441E+0,
1.547E006,1.10000000E+2,1.23259033E+2,-1.26419914E+0,
1.548E006,1.20000000E+2,1.23259033E+2,-2.97507674E-1,
1.549E006,1.40000000E+2,1.23259033E+2,1.41486990E+0,
1.55E06,1.31000000E+2,1.23259033E+2,6.76331401E-1,
1.551E006,1.19000000E+2,1.23259033E+2,-3.90424937E-1,
1.552E006,1.13000000E+2,1.23259033E+2,-9.65088665E-1,
1.553E006,1.30000000E+2,1.23259033E+2,5.91221929E-1,
1.554E006,1.39000000E+2,1.23259033E+2,1.33513141E+0,
1.555E006,1.54000000E+2,1.23259033E+2,2.47717762E+0,
1.556E006,1.30000000E+2,1.23259033E+2,5.91221929E-1,
1.557E006,1.38000000E+2,1.23259033E+2,1.25483441E+0,
1.558E006,1.19000000E+2,1.23259033E+2,-3.90424937E-1,
1.559E006,1.30000000E+2,1.23259033E+2,5.91221929E-1,
1.56E06,1.26000000E+2,1.23259033E+2,2.44184732E-1,
1.561E006,1.39000000E+2,1.23259033E+2,1.33513141E+0,
1.562E006,1.17000000E+2,1.23259033E+2,-5.78647852E-1,
1.563E006,1.21000000E+2,1.23259033E+2,-2.05366656E-1,
1.564E006,1.22000000E+2,1.23259033E+2,-1.13987505E-1,
1.565E006,1.29000000E+2,1.23259033E+2,5.05463958E-1,
1.566E006,1.18000000E+2,1.23259033E+2,-4.84133244E-1,
1.567E006,1.15000000E+2,1.23259033E+2,-7.70158827E-1,
1.568E006,1.15000000E+2,1.23259033E+2,-7.70158827E-1,
1.569E006,1.04000000E+2,1.23259033E+2,-1.88850367E+0,
1.57E06,1.35000000E+2,1.23259033E+2,1.01050150E+0,
1.571E006,1.27000000E+2,1.23259033E+2,3.31957132E-1,
1.572E006,1.34000000E+2,1.23259033E+2,9.27878201E-1,
1.573E006,1.41000000E+2,1.23259033E+2,1.49405885E+0,
1.574E006,1.27000000E+2,1.23259033E+2,3.31957132E-1,
1.575E006,1.31000000E+2,1.23259033E+2,6.76331401E-1,
1.576E006,1.34000000E+2,1.23259033E+2,9.27878201E-1,
1.577E006,1.27000000E+2,1.23259033E+2,3.31957132E-1,
1.578E006,1.24000000E+2,1.23259033E+2,6.65407851E-2,
1.579E006,1.32000000E+2,1.23259033E+2,7.60803521E-1,
1.58E06,1.20000000E+2,1.23259033E+2,-2.97507674E-1,
1.581E006,1.21000000E+2,1.23259033E+2,-2.05366656E-1,
1.582E006,1.39000000E+2,1.23259033E+2,1.33513141E+0,
1.583E006,1.14000000E+2,1.23259033E+2,-8.67187917E-1,
1.584E006,1.29000000E+2,1.23259033E+2,5.05463958E-1,
1.585E006,1.31000000E+2,1.23259033E+2,6.76331401E-1,
1.586E006,1.18000000E+2,1.23259033E+2,-4.84133244E-1,
1.587E006,1.07000000E+2,1.23259033E+2,-1.57182002E+0,
1.588E006,1.32000000E+2,1.23259033E+2,7.60803521E-1,
1.589E006,1.35000000E+2,1.23259033E+2,1.01050150E+0,
1.59E06,1.42000000E+2,1.23259033E+2,1.57270694E+0,
1.591E006,1.06000000E+2,1.23259033E+2,-1.67634547E+0,
1.592E006,1.24000000E+2,1.23259033E+2,6.65407851E-2,
1.593E006,1.16000000E+2,1.23259033E+2,-6.73984289E-1,
1.594E006,1.34000000E+2,1.23259033E+2,9.27878201E-1,
1.595E006,1.20000000E+2,1.23259033E+2,-2.97507674E-1,
1.596E006,1.08000000E+2,1.23259033E+2,-1.46830118E+0,
1.597E006,1.39000000E+2,1.23259033E+2,1.33513141E+0,
1.598E006,1.18000000E+2,1.23259033E+2,-4.84133244E-1,
1.599E006,1.39000000E+2,1.23259033E+2,1.33513141E+0,
1.6E06,1.16000000E+2,1.23259033E+2,-6.73984289E-1,
1.601E006,1.19000000E+2,1.23259033E+2,-3.90424937E-1,
1.602E006,1.27000000E+2,1.23259033E+2,3.31957132E-1,
1.603E006,1.32000000E+2,1.23259033E+2,7.60803521E-1,
1.604E006,1.25000000E+2,1.23259033E+2,1.55716807E-1,
1.605E006,1.17000000E+2,1.23259033E+2,-5.78647852E-1,
1.606E006,1.31000000E+2,1.23259033E+2,6.76331401E-1,
1.607E006,1.30000000E+2,1.23259033E+2,5.91221929E-1,
1.608E006,1.26000000E+2,1.23259033E+2,2.44184732E-1,
1.609E006,1.12000000E+2,1.23259033E+2,-1.06387866E+0,
1.61E06,1.59000000E+2,1.23259033E+2,2.83444309E+0,
1.611E006,1.26000000E+2,1.23259033E+2,2.44184732E-1,
1.612E006,1.17000000E+2,1.23259033E+2,-5.78647852E-1,
1.613E006,1.26000000E+2,1.23259033E+2,2.44184732E-1,
1.614E006,1.29000000E+2,1.23259033E+2,5.05463958E-1,
1.615E006,1.21000000E+2,1.23259033E+2,-2.05366656E-1,
1.616E006,1.23000000E+2,1.23259033E+2,-2.33562365E-2,
1.617E006,1.21000000E+2,1.23259033E+2,-2.05366656E-1,
1.618E006,1.22000000E+2,1.23259033E+2,-1.13987505E-1,
1.619E006,1.04000000E+2,1.23259033E+2,-1.88850367E+0,
1.62E06,1.27000000E+2,1.23259033E+2,3.31957132E-1,
1.621E006,1.33000000E+2,1.23259033E+2,8.44648957E-1,
1.622E006,1.27000000E+2,1.23259033E+2,3.31957132E-1,
1.623E006,1.35000000E+2,1.23259033E+2,1.01050150E+0,
1.624E006,1.13000000E+2,1.23259033E+2,-9.65088665E-1,
1.625E006,1.47000000E+2,1.23259033E+2,1.95812190E+0,
1.626E006,1.27000000E+2,1.23259033E+2,3.31957132E-1,
1.627E006,1.23000000E+2,1.23259033E+2,-2.33562365E-2,
1.628E006,1.30000000E+2,1.23259033E+2,5.91221929E-1,
1.629E006,1.46000000E+2,1.23259033E+2,1.88205576E+0,
1.63E06,1.25000000E+2,1.23259033E+2,1.55716807E-1,
1.631E006,1.29000000E+2,1.23259033E+2,5.05463958E-1,
1.632E006,1.16000000E+2,1.23259033E+2,-6.73984289E-1,
1.633E006,9.40000000E+1,1.23259033E+2,-3.01783872E+0,
1.634E006,1.33000000E+2,1.23259033E+2,8.44648957E-1,
1.635E006,1.21000000E+2,1.23259033E+2,-2.05366656E-1,
1.636E006,1.23000000E+2,1.23259033E+2,-2.33562365E-2,
1.637E006,1.37000000E+2,1.23259033E+2,1.17396998E+0,
1.638E006,1.14000000E+2,1.23259033E+2,-8.67187917E-1,
1.639E006,1.35000000E+2,1.23259033E+2,1.01050150E+0,
1.64E06,1.24000000E+2,1.23259033E+2,6.65407851E-2,
1.641E006,1.10000000E+2,1.23259033E+2,-1.26419914E+0,
1.642E006,1.20000000E+2,1.23259033E+2,-2.97507674E-1,
1.643E006,1.23000000E+2,1.23259033E+2,-2.33562365E-2,
1.644E006,1.07000000E+2,1.23259033E+2,-1.57182002E+0,
1.645E006,1.40000000E+2,1.23259033E+2,1.41486990E+0,
1.646E006,1.14000000E+2,1.23259033E+2,-8.67187917E-1,
1.647E006,1.14000000E+2,1.23259033E+2,-8.67187917E-1,
1.648E006,1.37000000E+2,1.23259033E+2,1.17396998E+0,
1.649E006,1.03000000E+2,1.23259033E+2,-1.99618185E+0,
1.65E06,1.23000000E+2,1.23259033E+2,-2.33562365E-2,
1.651E006,1.12000000E+2,1.23259033E+2,-1.06387866E+0,
1.652E006,1.05000000E+2,1.23259033E+2,-1.78189921E+0,
1.653E006,9.70000000E+1,1.23259033E+2,-2.66620088E+0,
1.654E006,1.10000000E+2,1.23259033E+2,-1.26419914E+0,
1.655E006,1.22000000E+2,1.23259033E+2,-1.13987505E-1,
1.656E006,1.12000000E+2,1.23259033E+2,-1.06387866E+0,
1.657E006,1.10000000E+2,1.23259033E+2,-1.26419914E+0,
1.658E006,1.17000000E+2,1.23259033E+2,-5.78647852E-1,
1.659E006,1.27000000E+2,1.23259033E+2,3.31957132E-1,
1.66E06,1.17000000E+2,1.23259033E+2,-5.78647852E-1,
1.661E006,1.05000000E+2,1.23259033E+2,-1.78189921E+0,
1.662E006,1.19000000E+2,1.23259033E+2,-3.90424937E-1,
1.663E006,1.27000000E+2,1.23259033E+2,3.31957132E-1,
1.664E006,1.13000000E+2,1.23259033E+2,-9.65088665E-1,
1.665E006,1.16000000E+2,1.23259033E+2,-6.73984289E-1,
1.666E006,1.31000000E+2,1.23259033E+2,6.76331401E-1,
1.667E006,1.23000000E+2,1.23259033E+2,-2.33562365E-2,
1.668E006,1.25000000E+2,1.23259033E+2,1.55716807E-1,
1.669E006,1.19000000E+2,1.23259033E+2,-3.90424937E-1,
1.67E06,1.19000000E+2,1.23259033E+2,-3.90424937E-1,
1.671E006,1.42000000E+2,1.23259033E+2,1.57270694E+0,
1.672E006,1.07000000E+2,1.23259033E+2,-1.57182002E+0,
1.673E006,1.26000000E+2,1.23259033E+2,2.44184732E-1,
1.674E006,1.21000000E+2,1.23259033E+2,-2.05366656E-1,
1.675E006,1.30000000E+2,1.23259033E+2,5.91221929E-1,
1.676E006,1.32000000E+2,1.23259033E+2,7.60803521E-1,
1.677E006,1.35000000E+2,1.23259033E+2,1.01050150E+0,
1.678E006,1.17000000E+2,1.23259033E+2,-5.78647852E-1,
1.679E006,1.03000000E+2,1.23259033E+2,-1.99618185E+0,
1.68E06,1.41000000E+2,1.23259033E+2,1.49405885E+0,
1.681E006,1.33000000E+2,1.23259033E+2,8.44648957E-1,
1.682E006,1.34000000E+2,1.23259033E+2,9.27878201E-1,
1.683E006,1.44000000E+2,1.23259033E+2,1.72841394E+0,
1.684E006,1.26000000E+2,1.23259033E+2,2.44184732E-1,
1.685E006,1.11000000E+2,1.23259033E+2,-1.16357601E+0,
1.686E006,1.12000000E+2,1.23259033E+2,-1.06387866E+0,
1.687E006,1.15000000E+2,1.23259033E+2,-7.70158827E-1,
1.688E006,1.33000000E+2,1.23259033E+2,8.44648957E-1,
1.689E006,1.14000000E+2,1.23259033E+2,-8.67187917E-1,
1.69E06,1.33000000E+2,1.23259033E+2,8.44648957E-1,
1.691E006,1.48000000E+2,1.23259033E+2,2.03369498E+0,
1.692E006,1.27000000E+2,1.23259033E+2,3.31957132E-1,
1.693E006,1.06000000E+2,1.23259033E+2,-1.67634547E+0,
1.694E006,1.25000000E+2,1.23259033E+2,1.55716807E-1,
1.695E006,1.30000000E+2,1.23259033E+2,5.91221929E-1,
1.696E006,1.26000000E+2,1.23259033E+2,2.44184732E-1,
1.697E006,1.16000000E+2,1.23259033E+2,-6.73984289E-1,
1.698E006,1.24000000E+2,1.23259033E+2,6.65407851E-2,
1.699E006,1.37000000E+2,1.23259033E+2,1.17396998E+0,
1.7E06,1.18000000E+2,1.23259033E+2,-4.84133244E-1,
1.701E006,1.28000000E+2,1.23259033E+2,4.19046223E-1,
1.702E006,1.12000000E+2,1.23259033E+2,-1.06387866E+0,
1.703E006,1.36000000E+2,1.23259033E+2,1.09252894E+0,
1.704E006,1.23000000E+2,1.23259033E+2,-2.33562365E-2,
1.705E006,1.12000000E+2,1.23259033E+2,-1.06387866E+0,
1.706E006,1.38000000E+2,1.23259033E+2,1.25483441E+0,
1.707E006,1.10000000E+2,1.23259033E+2,-1.26419914E+0,
1.708E006,1.10000000E+2,1.23259033E+2,-1.26419914E+0,
1.709E006,1.23000000E+2,1.23259033E+2,-2.33562365E-2,
1.71E06,1.33000000E+2,1.23259033E+2,8.44648957E-1,
1.711E006,1.24000000E+2,1.23259033E+2,6.65407851E-2,
1.712E006,1.29000000E+2,1.23259033E+2,5.05463958E-1,
1.713E006,1.24000000E+2,1.23259033E+2,6.65407851E-2,
1.714E006,1.35000000E+2,1.23259033E+2,1.01050150E+0,
1.715E006,1.17000000E+2,1.23259033E+2,-5.78647852E-1,
1.716E006,1.41000000E+2,1.23259033E+2,1.49405885E+0,
1.717E006,1.13000000E+2,1.23259033E+2,-9.65088665E-1,
1.718E006,1.34000000E+2,1.23259033E+2,9.27878201E-1,
1.719E006,1.20000000E+2,1.23259033E+2,-2.97507674E-1,
1.72E06,1.19000000E+2,1.23259033E+2,-3.90424937E-1,
1.721E006,1.23000000E+2,1.23259033E+2,-2.33562365E-2,
1.722E006,1.29000000E+2,1.23259033E+2,5.05463958E-1,
1.723E006,1.37000000E+2,1.23259033E+2,1.17396998E+0,
1.724E006,1.16000000E+2,1.23259033E+2,-6.73984289E-1,
1.725E006,1.23000000E+2,1.23259033E+2,-2.33562365E-2,
1.726E006,1.30000000E+2,1.23259033E+2,5.91221929E-1,
1.727E006,1.21000000E+2,1.23259033E+2,-2.05366656E-1,
1.728E006,1.41000000E+2,1.23259033E+2,1.49405885E+0,
1.729E006,1.31000000E+2,1.23259033E+2,6.76331401E-1,
1.73E06,1.12000000E+2,1.23259033E+2,-1.06387866E+0,
1.731E006,1.22000000E+2,1.23259033E+2,-1.13987505E-1,
1.732E006,1.16000000E+2,1.23259033E+2,-6.73984289E-1,
1.733E006,1.08000000E+2,1.23259033E+2,-1.46830118E+0,
1.734E006,1.28000000E+2,1.23259033E+2,4.19046223E-1,
1.735E006,1.23000000E+2,1.23259033E+2,-2.33562365E-2,
1.736E006,1.17000000E+2,1.23259033E+2,-5.78647852E-1,
1.737E006,1.33000000E+2,1.23259033E+2,8.44648957E-1,
1.738E006,1.34000000E+2,1.23259033E+2,9.27878201E-1,
1.739E006,1.15000000E+2,1.23259033E+2,-7.70158827E-1,
1.74E06,1.26000000E+2,1.23259033E+2,2.44184732E-1,
1.741E006,1.03000000E+2,1.23259033E+2,-1.99618185E+0,
1.742E006,9.10000000E+1,1.23259033E+2,-3.38166547E+0,
1.743E006,1.16000000E+2,1.23259033E+2,-6.73984289E-1,
1.744E006,1.31000000E+2,1.23259033E+2,6.76331401E-1,
1.745E006,1.24000000E+2,1.23259033E+2,6.65407851E-2,
1.746E006,1.21000000E+2,1.23259033E+2,-2.05366656E-1,
1.747E006,1.10000000E+2,1.23259033E+2,-1.26419914E+0,
1.748E006,1.28000000E+2,1.23259033E+2,4.19046223E-1,
1.749E006,1.11000000E+2,1.23259033E+2,-1.16357601E+0,
1.75E06,1.15000000E+2,1.23259033E+2,-7.70158827E-1,
1.751E006,1.26000000E+2,1.23259033E+2,2.44184732E-1,
1.752E006,1.24000000E+2,1.23259033E+2,6.65407851E-2,
1.753E006,1.36000000E+2,1.23259033E+2,1.09252894E+0,
1.754E006,1.06000000E+2,1.23259033E+2,-1.67634547E+0,
1.755E006,1.12000000E+2,1.23259033E+2,-1.06387866E+0,
1.756E006,1.32000000E+2,1.23259033E+2,7.60803521E-1,
1.757E006,1.24000000E+2,1.23259033E+2,6.65407851E-2,
1.758E006,1.35000000E+2,1.23259033E+2,1.01050150E+0,
1.759E006,1.36000000E+2,1.23259033E+2,1.09252894E+0,
1.76E06,1.16000000E+2,1.23259033E+2,-6.73984289E-1,
1.761E006,1.33000000E+2,1.23259033E+2,8.44648957E-1,
1.762E006,1.35000000E+2,1.23259033E+2,1.01050150E+0,
1.763E006,1.09000000E+2,1.23259033E+2,-1.36576760E+0,
1.764E006,1.18000000E+2,1.23259033E+2,-4.84133244E-1,
1.765E006,1.48000000E+2,1.23259033E+2,2.03369498E+0,
1.766E006,1.19000000E+2,1.23259033E+2,-3.90424937E-1,
1.767E006,1.27000000E+2,1.23259033E+2,3.31957132E-1,
1.768E006,1.40000000E+2,1.23259033E+2,1.41486990E+0,
1.769E006,1.37000000E+2,1.23259033E+2,1.17396998E+0,
1.77E06,1.31000000E+2,1.23259033E+2,6.76331401E-1,
1.771E006,1.40000000E+2,1.23259033E+2,1.41486990E+0,
1.772E006,1.10000000E+2,1.23259033E+2,-1.26419914E+0,
1.773E006,1.14000000E+2,1.23259033E+2,-8.67187917E-1,
1.774E006,1.12000000E+2,1.23259033E+2,-1.06387866E+0,
1.775E006,1.18000000E+2,1.23259033E+2,-4.84133244E-1,
1.776E006,1.13000000E+2,1.23259033E+2,-9.65088665E-1,
1.777E006,1.23000000E+2,1.23259033E+2,-2.33562365E-2,
1.778E006,1.23000000E+2,1.23259033E+2,-2.33562365E-2,
1.779E006,1.30000000E+2,1.23259033E+2,5.91221929E-1,
1.78E06,1.39000000E+2,1.23259033E+2,1.33513141E+0,
1.781E006,1.12000000E+2,1.23259033E+2,-1.06387866E+0,
1.782E006,1.20000000E+2,1.23259033E+2,-2.97507674E-1,
1.783E006,1.39000000E+2,1.23259033E+2,1.33513141E+0,
1.784E006,1.11000000E+2,1.23259033E+2,-1.16357601E+0,
1.785E006,1.15000000E+2,1.23259033E+2,-7.70158827E-1,
1.786E006,1.24000000E+2,1.23259033E+2,6.65407851E-2,
1.787E006,1.22000000E+2,1.23259033E+2,-1.13987505E-1,
1.788E006,1.20000000E+2,1.23259033E+2,-2.97507674E-1,
1.789E006,1.07000000E+2,1.23259033E+2,-1.57182002E+0,
1.79E06,1.15000000E+2,1.23259033E+2,-7.70158827E-1,
1.791E006,1.22000000E+2,1.23259033E+2,-1.13987505E-1,
1.792E006,1.17000000E+2,1.23259033E+2,-5.78647852E-1,
1.793E006,1.18000000E+2,1.23259033E+2,-4.84133244E-1,
1.794E006,1.34000000E+2,1.23259033E+2,9.27878201E-1,
1.795E006,1.02000000E+2,1.23259033E+2,-2.10495806E+0,
1.796E006,1.24000000E+2,1.23259033E+2,6.65407851E-2,
1.797E006,1.24000000E+2,1.23259033E+2,6.65407851E-2,
1.798E006,1.31000000E+2,1.23259033E+2,6.76331401E-1,
1.799E006,1.17000000E+2,1.23259033E+2,-5.78647852E-1,
1.8E06,1.21000000E+2,1.23259033E+2,-2.05366656E-1,
1.801E006,1.09000000E+2,1.23259033E+2,-1.36576760E+0,
1.802E006,1.19000000E+2,1.23259033E+2,-3.90424937E-1,
1.803E006,1.23000000E+2,1.23259033E+2,-2.33562365E-2,
1.804E006,1.20000000E+2,1.23259033E+2,-2.97507674E-1,
1.805E006,1.17000000E+2,1.23259033E+2,-5.78647852E-1,
1.806E006,1.30000000E+2,1.23259033E+2,5.91221929E-1,
1.807E006,1.11000000E+2,1.23259033E+2,-1.16357601E+0,
1.808E006,1.12000000E+2,1.23259033E+2,-1.06387866E+0,
1.809E006,1.32000000E+2,1.23259033E+2,7.60803521E-1,
1.81E06,1.33000000E+2,1.23259033E+2,8.44648957E-1,
1.811E006,1.29000000E+2,1.23259033E+2,5.05463958E-1,
1.812E006,1.31000000E+2,1.23259033E+2,6.76331401E-1,
1.813E006,1.25000000E+2,1.23259033E+2,1.55716807E-1,
1.814E006,1.38000000E+2,1.23259033E+2,1.25483441E+0,
1.815E006,1.21000000E+2,1.23259033E+2,-2.05366656E-1,
1.816E006,1.12000000E+2,1.23259033E+2,-1.06387866E+0,
1.817E006,1.03000000E+2,1.23259033E+2,-1.99618185E+0,
1.818E006,1.02000000E+2,1.23259033E+2,-2.10495806E+0,
1.819E006,1.22000000E+2,1.23259033E+2,-1.13987505E-1,
1.82E06,1.16000000E+2,1.23259033E+2,-6.73984289E-1,
1.821E006,1.31000000E+2,1.23259033E+2,6.76331401E-1,
1.822E006,1.35000000E+2,1.23259033E+2,1.01050150E+0,
1.823E006,1.40000000E+2,1.23259033E+2,1.41486990E+0,
1.824E006,1.26000000E+2,1.23259033E+2,2.44184732E-1,
1.825E006,1.36000000E+2,1.23259033E+2,1.09252894E+0,
1.826E006,1.23000000E+2,1.23259033E+2,-2.33562365E-2,
1.827E006,1.16000000E+2,1.23259033E+2,-6.73984289E-1,
1.828E006,1.28000000E+2,1.23259033E+2,4.19046223E-1,
1.829E006,1.16000000E+2,1.23259033E+2,-6.73984289E-1,
1.83E06,1.21000000E+2,1.23259033E+2,-2.05366656E-1,
1.831E006,1.24000000E+2,1.23259033E+2,6.65407851E-2,
1.832E006,1.36000000E+2,1.23259033E+2,1.09252894E+0,
1.833E006,1.18000000E+2,1.23259033E+2,-4.84133244E-1,
1.834E006,1.39000000E+2,1.23259033E+2,1.33513141E+0,
1.835E006,1.24000000E+2,1.23259033E+2,6.65407851E-2,
1.836E006,1.30000000E+2,1.23259033E+2,5.91221929E-1,
1.837E006,1.27000000E+2,1.23259033E+2,3.31957132E-1,
1.838E006,1.22000000E+2,1.23259033E+2,-1.13987505E-1,
1.839E006,1.26000000E+2,1.23259033E+2,2.44184732E-1,
1.84E06,1.13000000E+2,1.23259033E+2,-9.65088665E-1,
1.841E006,1.04000000E+2,1.23259033E+2,-1.88850367E+0,
1.842E006,1.29000000E+2,1.23259033E+2,5.05463958E-1,
1.843E006,1.24000000E+2,1.23259033E+2,6.65407851E-2,
1.844E006,1.17000000E+2,1.23259033E+2,-5.78647852E-1,
1.845E006,1.18000000E+2,1.23259033E+2,-4.84133244E-1,
1.846E006,1.30000000E+2,1.23259033E+2,5.91221929E-1,
1.847E006,1.25000000E+2,1.23259033E+2,1.55716807E-1,
1.848E006,1.17000000E+2,1.23259033E+2,-5.78647852E-1,
1.849E006,1.41000000E+2,1.23259033E+2,1.49405885E+0,
1.85E06,1.24000000E+2,1.23259033E+2,6.65407851E-2,
1.851E006,1.33000000E+2,1.23259033E+2,8.44648957E-1,
1.852E006,1.39000000E+2,1.23259033E+2,1.33513141E+0,
1.853E006,1.44000000E+2,1.23259033E+2,1.72841394E+0,
1.854E006,1.24000000E+2,1.23259033E+2,6.65407851E-2,
1.855E006,1.25000000E+2,1.23259033E+2,1.55716807E-1,
1.856E006,1.21000000E+2,1.23259033E+2,-2.05366656E-1,
1.857E006,1.45000000E+2,1.23259033E+2,1.80548906E+0,
1.858E006,1.34000000E+2,1.23259033E+2,9.27878201E-1,
1.859E006,1.22000000E+2,1.23259033E+2,-1.13987505E-1,
1.86E06,1.01000000E+2,1.23259033E+2,-2.21485662E+0,
1.861E006,1.15000000E+2,1.23259033E+2,-7.70158827E-1,
1.862E006,1.20000000E+2,1.23259033E+2,-2.97507674E-1,
1.863E006,1.15000000E+2,1.23259033E+2,-7.70158827E-1,
1.864E006,1.37000000E+2,1.23259033E+2,1.17396998E+0,
1.865E006,1.21000000E+2,1.23259033E+2,-2.05366656E-1,
1.866E006,1.14000000E+2,1.23259033E+2,-8.67187917E-1,
1.867E006,1.28000000E+2,1.23259033E+2,4.19046223E-1,
1.868E006,1.34000000E+2,1.23259033E+2,9.27878201E-1,
1.869E006,1.20000000E+2,1.23259033E+2,-2.97507674E-1,
1.87E06,1.34000000E+2,1.23259033E+2,9.27878201E-1,
1.871E006,1.05000000E+2,1.23259033E+2,-1.78189921E+0,
1.872E006,1.11000000E+2,1.23259033E+2,-1.16357601E+0,
1.873E006,1.46000000E+2,1.23259033E+2,1.88205576E+0,
1.874E006,1.30000000E+2,1.23259033E+2,5.91221929E-1,
1.875E006,1.28000000E+2,1.23259033E+2,4.19046223E-1,
1.876E006,1.30000000E+2,1.23259033E+2,5.91221929E-1,
1.877E006,1.14000000E+2,1.23259033E+2,-8.67187917E-1,
1.878E006,1.25000000E+2,1.23259033E+2,1.55716807E-1,
1.879E006,1.21000000E+2,1.23259033E+2,-2.05366656E-1,
1.88E06,1.20000000E+2,1.23259033E+2,-2.97507674E-1,
1.881E006,1.01000000E+2,1.23259033E+2,-2.21485662E+0,
1.882E006,1.16000000E+2,1.23259033E+2,-6.73984289E-1,
1.883E006,1.27000000E+2,1.23259033E+2,3.31957132E-1,
1.884E006,1.36000000E+2,1.23259033E+2,1.09252894E+0,
1.885E006,1.15000000E+2,1.23259033E+2,-7.70158827E-1,
1.886E006,1.21000000E+2,1.23259033E+2,-2.05366656E-1,
1.887E006,1.39000000E+2,1.23259033E+2,1.33513141E+0,
1.888E006,1.25000000E+2,1.23259033E+2,1.55716807E-1,
1.889E006,1.32000000E+2,1.23259033E+2,7.60803521E-1,
1.89E06,1.27000000E+2,1.23259033E+2,3.31957132E-1,
1.891E006,1.43000000E+2,1.23259033E+2,1.65082252E+0,
1.892E006,1.40000000E+2,1.23259033E+2,1.41486990E+0,
1.893E006,1.04000000E+2,1.23259033E+2,-1.88850367E+0,
1.894E006,1.14000000E+2,1.23259033E+2,-8.67187917E-1,
1.895E006,1.37000000E+2,1.23259033E+2,1.17396998E+0,
1.896E006,1.39000000E+2,1.23259033E+2,1.33513141E+0,
1.897E006,1.22000000E+2,1.23259033E+2,-1.13987505E-1,
1.898E006,1.39000000E+2,1.23259033E+2,1.33513141E+0,
1.899E006,1.19000000E+2,1.23259033E+2,-3.90424937E-1,
1.9E06,1.34000000E+2,1.23259033E+2,9.27878201E-1,
1.901E006,1.19000000E+2,1.23259033E+2,-3.90424937E-1,
1.902E006,1.13000000E+2,1.23259033E+2,-9.65088665E-1,
1.903E006,1.23000000E+2,1.23259033E+2,-2.33562365E-2,
1.904E006,1.28000000E+2,1.23259033E+2,4.19046223E-1,
1.905E006,1.26000000E+2,1.23259033E+2,2.44184732E-1,
1.906E006,1.14000000E+2,1.23259033E+2,-8.67187917E-1,
1.907E006,9.70000000E+1,1.23259033E+2,-2.66620088E+0,
1.908E006,1.17000000E+2,1.23259033E+2,-5.78647852E-1,
1.909E006,1.17000000E+2,1.23259033E+2,-5.78647852E-1,
1.91E06,1.15000000E+2,1.23259033E+2,-7.70158827E-1,
1.911E006,1.36000000E+2,1.23259033E+2,1.09252894E+0,
1.912E006,1.29000000E+2,1.23259033E+2,5.05463958E-1,
1.913E006,1.34000000E+2,1.23259033E+2,9.27878201E-1,
1.914E006,1.19000000E+2,1.23259033E+2,-3.90424937E-1,
1.915E006,1.56000000E+2,1.23259033E+2,2.62137532E+0,
1.916E006,1.24000000E+2,1.23259033E+2,6.65407851E-2,
1.917E006,1.08000000E+2,1.23259033E+2,-1.46830118E+0,
1.918E006,1.17000000E+2,1.23259033E+2,-5.78647852E-1,
1.919E006,1.19000000E+2,1.23259033E+2,-3.90424937E-1,
1.92E06,1.26000000E+2,1.23259033E+2,2.44184732E-1,
1.921E006,1.11000000E+2,1.23259033E+2,-1.16357601E+0,
1.922E006,1.23000000E+2,1.23259033E+2,-2.33562365E-2,
1.923E006,1.18000000E+2,1.23259033E+2,-4.84133244E-1,
1.924E006,1.25000000E+2,1.23259033E+2,1.55716807E-1,
1.925E006,1.40000000E+2,1.23259033E+2,1.41486990E+0,
1.926E006,1.41000000E+2,1.23259033E+2,1.49405885E+0,
1.927E006,1.17000000E+2,1.23259033E+2,-5.78647852E-1,
1.928E006,1.09000000E+2,1.23259033E+2,-1.36576760E+0,
1.929E006,1.13000000E+2,1.23259033E+2,-9.65088665E-1,
1.93E06,1.30000000E+2,1.23259033E+2,5.91221929E-1,
1.931E006,1.30000000E+2,1.23259033E+2,5.91221929E-1,
1.932E006,1.20000000E+2,1.23259033E+2,-2.97507674E-1,
1.933E006,1.32000000E+2,1.23259033E+2,7.60803521E-1,
1.934E006,1.11000000E+2,1.23259033E+2,-1.16357601E+0,
1.935E006,1.32000000E+2,1.23259033E+2,7.60803521E-1,
1.936E006,1.31000000E+2,1.23259033E+2,6.76331401E-1,
1.937E006,1.14000000E+2,1.23259033E+2,-8.67187917E-1,
1.938E006,1.21000000E+2,1.23259033E+2,-2.05366656E-1,
1.939E006,1.34000000E+2,1.23259033E+2,9.27878201E-1,
1.94E06,1.22000000E+2,1.23259033E+2,-1.13987505E-1,
1.941E006,1.28000000E+2,1.23259033E+2,4.19046223E-1,
1.942E006,1.15000000E+2,1.23259033E+2,-7.70158827E-1,
1.943E006,1.35000000E+2,1.23259033E+2,1.01050150E+0,
1.944E006,1.11000000E+2,1.23259033E+2,-1.16357601E+0,
1.945E006,1.42000000E+2,1.23259033E+2,1.57270694E+0,
1.946E006,1.64000000E+2,1.23259033E+2,3.18133497E+0,
1.947E006,1.28000000E+2,1.23259033E+2,4.19046223E-1,
1.948E006,1.31000000E+2,1.23259033E+2,6.76331401E-1,
1.949E006,1.25000000E+2,1.23259033E+2,1.55716807E-1,
1.95E06,1.27000000E+2,1.23259033E+2,3.31957132E-1,
1.951E006,1.35000000E+2,1.23259033E+2,1.01050150E+0,
1.952E006,1.15000000E+2,1.23259033E+2,-7.70158827E-1,
1.953E006,1.26000000E+2,1.23259033E+2,2.44184732E-1,
1.954E006,1.20000000E+2,1.23259033E+2,-2.97507674E-1,
1.955E006,1.24000000E+2,1.23259033E+2,6.65407851E-2,
1.956E006,1.23000000E+2,1.23259033E+2,-2.33562365E-2,
1.957E006,1.34000000E+2,1.23259033E+2,9.27878201E-1,
1.958E006,1.24000000E+2,1.23259033E+2,6.65407851E-2,
1.959E006,1.22000000E+2,1.23259033E+2,-1.13987505E-1,
1.96E06,1.30000000E+2,1.23259033E+2,5.91221929E-1,
1.961E006,1.41000000E+2,1.23259033E+2,1.49405885E+0,
1.962E006,1.14000000E+2,1.23259033E+2,-8.67187917E-1,
1.963E006,1.19000000E+2,1.23259033E+2,-3.90424937E-1,
1.964E006,1.48000000E+2,1.23259033E+2,2.03369498E+0,
1.965E006,1.28000000E+2,1.23259033E+2,4.19046223E-1,
1.966E006,1.13000000E+2,1.23259033E+2,-9.65088665E-1,
1.967E006,1.18000000E+2,1.23259033E+2,-4.84133244E-1,
1.968E006,1.21000000E+2,1.23259033E+2,-2.05366656E-1,
1.969E006,1.21000000E+2,1.23259033E+2,-2.05366656E-1,
1.97E06,1.21000000E+2,1.23259033E+2,-2.05366656E-1,
1.971E006,1.13000000E+2,1.23259033E+2,-9.65088665E-1,
1.972E006,1.04000000E+2,1.23259033E+2,-1.88850367E+0,
1.973E006,1.10000000E+2,1.23259033E+2,-1.26419914E+0,
1.974E006,1.23000000E+2,1.23259033E+2,-2.33562365E-2,
1.975E006,1.17000000E+2,1.23259033E+2,-5.78647852E-1,
1.976E006,1.25000000E+2,1.23259033E+2,1.55716807E-1,
1.977E006,1.23000000E+2,1.23259033E+2,-2.33562365E-2,
1.978E006,1.10000000E+2,1.23259033E+2,-1.26419914E+0,
1.979E006,1.19000000E+2,1.23259033E+2,-3.90424937E-1,
1.98E06,1.13000000E+2,1.23259033E+2,-9.65088665E-1,
1.981E006,1.37000000E+2,1.23259033E+2,1.17396998E+0,
1.982E006,1.13000000E+2,1.23259033E+2,-9.65088665E-1,
1.983E006,1.26000000E+2,1.23259033E+2,2.44184732E-1,
1.984E006,1.31000000E+2,1.23259033E+2,6.76331401E-1,
1.985E006,1.09000000E+2,1.23259033E+2,-1.36576760E+0,
1.986E006,1.38000000E+2,1.23259033E+2,1.25483441E+0,
1.987E006,1.12000000E+2,1.23259033E+2,-1.06387866E+0,
1.988E006,1.32000000E+2,1.23259033E+2,7.60803521E-1,
1.989E006,1.40000000E+2,1.23259033E+2,1.41486990E+0,
1.99E06,1.12000000E+2,1.23259033E+2,-1.06387866E+0,
1.991E006,1.24000000E+2,1.23259033E+2,6.65407851E-2,
1.992E006,1.06000000E+2,1.23259033E+2,-1.67634547E+0,
1.993E006,1.36000000E+2,1.23259033E+2,1.09252894E+0,
1.994E006,1.44000000E+2,1.23259033E+2,1.72841394E+0,
1.995E006,1.14000000E+2,1.23259033E+2,-8.67187917E-1,
1.996E006,1.22000000E+2,1.23259033E+2,-1.13987505E-1,
1.997E006,1.23000000E+2,1.23259033E+2,-2.33562365E-2,
1.998E006,1.11000000E+2,1.23259033E+2,-1.16357601E+0,
1.999E006,1.12000000E+2,1.23259033E+2,-1.06387866E+0,
